ISO-10303-21;
HEADER;
/* Generated by software containing ST-Developer
 * from STEP Tools, Inc. (www.steptools.com) 
 */
/* OPTION: using custom renumber hook */

FILE_DESCRIPTION(
/* description */ ('STEP AP242 Edition 2',
'CAx-IF Rec.Pracs.---Representation and Presentation of Product Manufa
cturing Information (PMI)---4.0---2014-10-13',
'CAx-IF Rec.Pracs.---3D Tessellated Geometry---0.4---2014-09-14','2;1',
'CAx-IF Rec.Pracs.---User Defined Attributes---1.5---2016-08-15'),
/* implementation_level */ '2;1');

FILE_NAME(
/* name */ 'Part Studio 1 - bottom',
/* time_stamp */ '2026-07-17T02:57:51Z',
/* author */ (''),
/* organization */ (''),
/* preprocessor_version */ 'ST-DEVELOPER v20',
/* originating_system */ 'ONSHAPE BY PTC INC, 1.217',
/* authorisation */ '  ');

FILE_SCHEMA (('AP242_MANAGED_MODEL_BASED_3D_ENGINEERING_MIM_LF { 1 0 10303 442 3 1 4 }'));
ENDSEC;

DATA;
#10=SHAPE_REPRESENTATION_RELATIONSHIP('','',#1503,#11);
#11=ADVANCED_BREP_SHAPE_REPRESENTATION('',(#1501),#2511);
#12=CONICAL_SURFACE('',#1593,0.0025,0.785398163397449);
#13=CONICAL_SURFACE('',#1595,0.0025,0.78539816339745);
#14=CONICAL_SURFACE('',#1598,0.0025,0.785398163397448);
#15=CONICAL_SURFACE('',#1600,0.0025,0.785398163397448);
#16=CONICAL_SURFACE('',#1603,0.0025,0.785398163397448);
#17=CONICAL_SURFACE('',#1605,0.0025,0.785398163397448);
#18=CONICAL_SURFACE('',#1608,0.0035,0.78539816339745);
#19=CONICAL_SURFACE('',#1611,0.0025,0.78539816339745);
#20=CONICAL_SURFACE('',#1613,0.0025,0.785398163397449);
#21=CONICAL_SURFACE('',#1616,0.0035,0.785398163397448);
#22=CONICAL_SURFACE('',#1619,0.0025,0.785398163397448);
#23=CONICAL_SURFACE('',#1621,0.0025,0.785398163397448);
#24=CONICAL_SURFACE('',#1624,0.0035,0.78539816339745);
#25=CONICAL_SURFACE('',#1627,0.0025,0.78539816339745);
#26=CONICAL_SURFACE('',#1629,0.0025,0.785398163397448);
#27=CONICAL_SURFACE('',#1632,0.0035,0.78539816339745);
#28=B_SPLINE_CURVE_WITH_KNOTS('',3,(#2404,#2405,#2406,#2407),
 .UNSPECIFIED.,.F.,.F.,(4,4),(0.,0.00214248985253447),.UNSPECIFIED.);
#29=B_SPLINE_CURVE_WITH_KNOTS('',3,(#2408,#2409,#2410,#2411),
 .UNSPECIFIED.,.F.,.F.,(4,4),(0.,0.00209299487428138),.UNSPECIFIED.);
#30=B_SPLINE_CURVE_WITH_KNOTS('',3,(#2415,#2416,#2417,#2418),
 .UNSPECIFIED.,.F.,.F.,(4,4),(0.,0.00236426312034684),.UNSPECIFIED.);
#31=B_SPLINE_SURFACE_WITH_KNOTS('',3,1,((#2390,#2391),(#2392,#2393),(#2394,
#2395),(#2396,#2397),(#2398,#2399),(#2400,#2401),(#2402,#2403)),
 .SURF_OF_LINEAR_EXTRUSION.,.F.,.F.,.F.,(4,1,1,1,4),(2,2),(4.71238898038469,
5.10508806208341,5.49778714378214,5.89048622548086,6.28318530717958),(0.,
1.),.UNSPECIFIED.);
#32=CYLINDRICAL_SURFACE('',#1538,0.00145);
#33=CYLINDRICAL_SURFACE('',#1540,0.00145);
#34=CYLINDRICAL_SURFACE('',#1542,0.00145);
#35=CYLINDRICAL_SURFACE('',#1545,0.00145);
#36=CYLINDRICAL_SURFACE('',#1564,0.004);
#37=CYLINDRICAL_SURFACE('',#1567,0.004);
#38=CYLINDRICAL_SURFACE('',#1570,0.004);
#39=CYLINDRICAL_SURFACE('',#1573,0.004);
#40=CYLINDRICAL_SURFACE('',#1576,0.004);
#41=CYLINDRICAL_SURFACE('',#1579,0.004);
#42=CYLINDRICAL_SURFACE('',#1582,0.005);
#43=CYLINDRICAL_SURFACE('',#1584,0.005);
#44=CYLINDRICAL_SURFACE('',#1586,0.005);
#45=CYLINDRICAL_SURFACE('',#1588,0.005);
#46=CYLINDRICAL_SURFACE('',#1634,0.002);
#47=CYLINDRICAL_SURFACE('',#1637,0.002);
#48=CIRCLE('',#1508,0.005);
#49=CIRCLE('',#1509,0.0025);
#50=CIRCLE('',#1510,0.0025);
#51=CIRCLE('',#1511,0.005);
#52=CIRCLE('',#1512,0.0025);
#53=CIRCLE('',#1513,0.0025);
#54=CIRCLE('',#1514,0.005);
#55=CIRCLE('',#1515,0.0025);
#56=CIRCLE('',#1516,0.0025);
#57=CIRCLE('',#1517,0.005);
#58=CIRCLE('',#1519,0.00145);
#59=CIRCLE('',#1520,0.00145);
#60=CIRCLE('',#1521,0.00145);
#61=CIRCLE('',#1522,0.00145);
#62=CIRCLE('',#1539,0.00145);
#63=CIRCLE('',#1541,0.00145);
#64=CIRCLE('',#1543,0.00145);
#65=CIRCLE('',#1546,0.00145);
#66=CIRCLE('',#1548,0.0035);
#67=CIRCLE('',#1550,0.0035);
#68=CIRCLE('',#1551,0.0025);
#69=CIRCLE('',#1552,0.0025);
#70=CIRCLE('',#1553,0.0035);
#71=CIRCLE('',#1554,0.0025);
#72=CIRCLE('',#1555,0.0025);
#73=CIRCLE('',#1556,0.0035);
#74=CIRCLE('',#1557,0.0025);
#75=CIRCLE('',#1558,0.0025);
#76=CIRCLE('',#1565,0.004);
#77=CIRCLE('',#1566,0.004);
#78=CIRCLE('',#1568,0.004);
#79=CIRCLE('',#1569,0.004);
#80=CIRCLE('',#1571,0.004);
#81=CIRCLE('',#1572,0.004);
#82=CIRCLE('',#1574,0.004);
#83=CIRCLE('',#1575,0.004);
#84=CIRCLE('',#1577,0.004);
#85=CIRCLE('',#1578,0.004);
#86=CIRCLE('',#1580,0.004);
#87=CIRCLE('',#1581,0.004);
#88=CIRCLE('',#1583,0.005);
#89=CIRCLE('',#1585,0.005);
#90=CIRCLE('',#1587,0.005);
#91=CIRCLE('',#1589,0.005);
#92=CIRCLE('',#1635,0.002);
#93=CIRCLE('',#1638,0.002);
#94=ELLIPSE('',#1507,0.01694,0.008);
#95=ELLIPSE('',#1518,0.01694,0.008);
#96=ELLIPSE('',#1549,0.01694,0.008);
#97=ELLIPSE('',#1591,0.01694,0.008);
#98=ORIENTED_EDGE('',*,*,#512,.T.);
#99=ORIENTED_EDGE('',*,*,#513,.T.);
#100=ORIENTED_EDGE('',*,*,#514,.T.);
#101=ORIENTED_EDGE('',*,*,#515,.F.);
#102=ORIENTED_EDGE('',*,*,#516,.F.);
#103=ORIENTED_EDGE('',*,*,#517,.T.);
#104=ORIENTED_EDGE('',*,*,#518,.F.);
#105=ORIENTED_EDGE('',*,*,#519,.T.);
#106=ORIENTED_EDGE('',*,*,#520,.F.);
#107=ORIENTED_EDGE('',*,*,#515,.T.);
#108=ORIENTED_EDGE('',*,*,#521,.T.);
#109=ORIENTED_EDGE('',*,*,#522,.F.);
#110=ORIENTED_EDGE('',*,*,#523,.T.);
#111=ORIENTED_EDGE('',*,*,#524,.T.);
#112=ORIENTED_EDGE('',*,*,#525,.T.);
#113=ORIENTED_EDGE('',*,*,#526,.T.);
#114=ORIENTED_EDGE('',*,*,#527,.T.);
#115=ORIENTED_EDGE('',*,*,#528,.F.);
#116=ORIENTED_EDGE('',*,*,#529,.T.);
#117=ORIENTED_EDGE('',*,*,#530,.F.);
#118=ORIENTED_EDGE('',*,*,#531,.T.);
#119=ORIENTED_EDGE('',*,*,#532,.T.);
#120=ORIENTED_EDGE('',*,*,#533,.T.);
#121=ORIENTED_EDGE('',*,*,#534,.T.);
#122=ORIENTED_EDGE('',*,*,#535,.T.);
#123=ORIENTED_EDGE('',*,*,#536,.F.);
#124=ORIENTED_EDGE('',*,*,#537,.T.);
#125=ORIENTED_EDGE('',*,*,#538,.T.);
#126=ORIENTED_EDGE('',*,*,#539,.T.);
#127=ORIENTED_EDGE('',*,*,#540,.T.);
#128=ORIENTED_EDGE('',*,*,#541,.T.);
#129=ORIENTED_EDGE('',*,*,#542,.T.);
#130=ORIENTED_EDGE('',*,*,#543,.T.);
#131=ORIENTED_EDGE('',*,*,#544,.T.);
#132=ORIENTED_EDGE('',*,*,#545,.T.);
#133=ORIENTED_EDGE('',*,*,#546,.T.);
#134=ORIENTED_EDGE('',*,*,#547,.T.);
#135=ORIENTED_EDGE('',*,*,#548,.F.);
#136=ORIENTED_EDGE('',*,*,#549,.T.);
#137=ORIENTED_EDGE('',*,*,#550,.T.);
#138=ORIENTED_EDGE('',*,*,#551,.F.);
#139=ORIENTED_EDGE('',*,*,#552,.F.);
#140=ORIENTED_EDGE('',*,*,#553,.F.);
#141=ORIENTED_EDGE('',*,*,#554,.F.);
#142=ORIENTED_EDGE('',*,*,#555,.F.);
#143=ORIENTED_EDGE('',*,*,#556,.T.);
#144=ORIENTED_EDGE('',*,*,#557,.T.);
#145=ORIENTED_EDGE('',*,*,#558,.T.);
#146=ORIENTED_EDGE('',*,*,#559,.T.);
#147=ORIENTED_EDGE('',*,*,#522,.T.);
#148=ORIENTED_EDGE('',*,*,#560,.T.);
#149=ORIENTED_EDGE('',*,*,#561,.T.);
#150=ORIENTED_EDGE('',*,*,#558,.F.);
#151=ORIENTED_EDGE('',*,*,#562,.T.);
#152=ORIENTED_EDGE('',*,*,#563,.T.);
#153=ORIENTED_EDGE('',*,*,#564,.T.);
#154=ORIENTED_EDGE('',*,*,#565,.T.);
#155=ORIENTED_EDGE('',*,*,#566,.T.);
#156=ORIENTED_EDGE('',*,*,#567,.T.);
#157=ORIENTED_EDGE('',*,*,#568,.T.);
#158=ORIENTED_EDGE('',*,*,#569,.T.);
#159=ORIENTED_EDGE('',*,*,#570,.T.);
#160=ORIENTED_EDGE('',*,*,#567,.F.);
#161=ORIENTED_EDGE('',*,*,#571,.T.);
#162=ORIENTED_EDGE('',*,*,#572,.T.);
#163=ORIENTED_EDGE('',*,*,#528,.T.);
#164=ORIENTED_EDGE('',*,*,#573,.T.);
#165=ORIENTED_EDGE('',*,*,#574,.T.);
#166=ORIENTED_EDGE('',*,*,#575,.T.);
#167=ORIENTED_EDGE('',*,*,#576,.T.);
#168=ORIENTED_EDGE('',*,*,#577,.T.);
#169=ORIENTED_EDGE('',*,*,#530,.T.);
#170=ORIENTED_EDGE('',*,*,#578,.T.);
#171=ORIENTED_EDGE('',*,*,#579,.T.);
#172=ORIENTED_EDGE('',*,*,#576,.F.);
#173=ORIENTED_EDGE('',*,*,#580,.T.);
#174=ORIENTED_EDGE('',*,*,#581,.T.);
#175=ORIENTED_EDGE('',*,*,#582,.T.);
#176=ORIENTED_EDGE('',*,*,#583,.T.);
#177=ORIENTED_EDGE('',*,*,#584,.T.);
#178=ORIENTED_EDGE('',*,*,#585,.T.);
#179=ORIENTED_EDGE('',*,*,#586,.T.);
#180=ORIENTED_EDGE('',*,*,#587,.T.);
#181=ORIENTED_EDGE('',*,*,#588,.T.);
#182=ORIENTED_EDGE('',*,*,#585,.F.);
#183=ORIENTED_EDGE('',*,*,#589,.T.);
#184=ORIENTED_EDGE('',*,*,#590,.T.);
#185=ORIENTED_EDGE('',*,*,#536,.T.);
#186=ORIENTED_EDGE('',*,*,#591,.T.);
#187=ORIENTED_EDGE('',*,*,#592,.T.);
#188=ORIENTED_EDGE('',*,*,#593,.T.);
#189=ORIENTED_EDGE('',*,*,#594,.T.);
#190=ORIENTED_EDGE('',*,*,#595,.T.);
#191=ORIENTED_EDGE('',*,*,#538,.F.);
#192=ORIENTED_EDGE('',*,*,#596,.T.);
#193=ORIENTED_EDGE('',*,*,#597,.T.);
#194=ORIENTED_EDGE('',*,*,#594,.F.);
#195=ORIENTED_EDGE('',*,*,#598,.T.);
#196=ORIENTED_EDGE('',*,*,#599,.T.);
#197=ORIENTED_EDGE('',*,*,#600,.T.);
#198=ORIENTED_EDGE('',*,*,#601,.T.);
#199=ORIENTED_EDGE('',*,*,#602,.T.);
#200=ORIENTED_EDGE('',*,*,#603,.T.);
#201=ORIENTED_EDGE('',*,*,#604,.T.);
#202=ORIENTED_EDGE('',*,*,#605,.T.);
#203=ORIENTED_EDGE('',*,*,#606,.T.);
#204=ORIENTED_EDGE('',*,*,#603,.F.);
#205=ORIENTED_EDGE('',*,*,#607,.T.);
#206=ORIENTED_EDGE('',*,*,#608,.T.);
#207=ORIENTED_EDGE('',*,*,#544,.F.);
#208=ORIENTED_EDGE('',*,*,#609,.T.);
#209=ORIENTED_EDGE('',*,*,#610,.F.);
#210=ORIENTED_EDGE('',*,*,#553,.T.);
#211=ORIENTED_EDGE('',*,*,#611,.F.);
#212=ORIENTED_EDGE('',*,*,#554,.T.);
#213=ORIENTED_EDGE('',*,*,#612,.F.);
#214=ORIENTED_EDGE('',*,*,#555,.T.);
#215=ORIENTED_EDGE('',*,*,#613,.T.);
#216=ORIENTED_EDGE('',*,*,#614,.T.);
#217=ORIENTED_EDGE('',*,*,#615,.F.);
#218=ORIENTED_EDGE('',*,*,#546,.F.);
#219=ORIENTED_EDGE('',*,*,#616,.F.);
#220=ORIENTED_EDGE('',*,*,#552,.T.);
#221=ORIENTED_EDGE('',*,*,#617,.T.);
#222=ORIENTED_EDGE('',*,*,#618,.T.);
#223=ORIENTED_EDGE('',*,*,#619,.F.);
#224=ORIENTED_EDGE('',*,*,#620,.T.);
#225=ORIENTED_EDGE('',*,*,#621,.T.);
#226=ORIENTED_EDGE('',*,*,#622,.T.);
#227=ORIENTED_EDGE('',*,*,#623,.T.);
#228=ORIENTED_EDGE('',*,*,#624,.T.);
#229=ORIENTED_EDGE('',*,*,#625,.T.);
#230=ORIENTED_EDGE('',*,*,#626,.T.);
#231=ORIENTED_EDGE('',*,*,#627,.T.);
#232=ORIENTED_EDGE('',*,*,#628,.T.);
#233=ORIENTED_EDGE('',*,*,#629,.T.);
#234=ORIENTED_EDGE('',*,*,#630,.T.);
#235=ORIENTED_EDGE('',*,*,#631,.T.);
#236=ORIENTED_EDGE('',*,*,#632,.T.);
#237=ORIENTED_EDGE('',*,*,#633,.T.);
#238=ORIENTED_EDGE('',*,*,#634,.T.);
#239=ORIENTED_EDGE('',*,*,#635,.T.);
#240=ORIENTED_EDGE('',*,*,#636,.T.);
#241=ORIENTED_EDGE('',*,*,#637,.T.);
#242=ORIENTED_EDGE('',*,*,#638,.T.);
#243=ORIENTED_EDGE('',*,*,#639,.T.);
#244=ORIENTED_EDGE('',*,*,#640,.T.);
#245=ORIENTED_EDGE('',*,*,#641,.T.);
#246=ORIENTED_EDGE('',*,*,#642,.T.);
#247=ORIENTED_EDGE('',*,*,#643,.T.);
#248=ORIENTED_EDGE('',*,*,#644,.T.);
#249=ORIENTED_EDGE('',*,*,#645,.T.);
#250=ORIENTED_EDGE('',*,*,#612,.T.);
#251=ORIENTED_EDGE('',*,*,#611,.T.);
#252=ORIENTED_EDGE('',*,*,#610,.T.);
#253=ORIENTED_EDGE('',*,*,#616,.T.);
#254=ORIENTED_EDGE('',*,*,#646,.F.);
#255=ORIENTED_EDGE('',*,*,#647,.F.);
#256=ORIENTED_EDGE('',*,*,#548,.T.);
#257=ORIENTED_EDGE('',*,*,#648,.T.);
#258=ORIENTED_EDGE('',*,*,#649,.T.);
#259=ORIENTED_EDGE('',*,*,#650,.F.);
#260=ORIENTED_EDGE('',*,*,#549,.F.);
#261=ORIENTED_EDGE('',*,*,#647,.T.);
#262=ORIENTED_EDGE('',*,*,#651,.T.);
#263=ORIENTED_EDGE('',*,*,#652,.F.);
#264=ORIENTED_EDGE('',*,*,#550,.F.);
#265=ORIENTED_EDGE('',*,*,#650,.T.);
#266=ORIENTED_EDGE('',*,*,#653,.F.);
#267=ORIENTED_EDGE('',*,*,#648,.F.);
#268=ORIENTED_EDGE('',*,*,#551,.T.);
#269=ORIENTED_EDGE('',*,*,#652,.T.);
#270=ORIENTED_EDGE('',*,*,#649,.F.);
#271=ORIENTED_EDGE('',*,*,#646,.T.);
#272=ORIENTED_EDGE('',*,*,#653,.T.);
#273=ORIENTED_EDGE('',*,*,#651,.F.);
#274=ORIENTED_EDGE('',*,*,#601,.F.);
#275=ORIENTED_EDGE('',*,*,#654,.T.);
#276=ORIENTED_EDGE('',*,*,#596,.F.);
#277=ORIENTED_EDGE('',*,*,#655,.T.);
#278=ORIENTED_EDGE('',*,*,#605,.F.);
#279=ORIENTED_EDGE('',*,*,#656,.T.);
#280=ORIENTED_EDGE('',*,*,#599,.F.);
#281=ORIENTED_EDGE('',*,*,#657,.T.);
#282=ORIENTED_EDGE('',*,*,#565,.F.);
#283=ORIENTED_EDGE('',*,*,#658,.T.);
#284=ORIENTED_EDGE('',*,*,#560,.F.);
#285=ORIENTED_EDGE('',*,*,#659,.T.);
#286=ORIENTED_EDGE('',*,*,#569,.F.);
#287=ORIENTED_EDGE('',*,*,#660,.T.);
#288=ORIENTED_EDGE('',*,*,#563,.F.);
#289=ORIENTED_EDGE('',*,*,#661,.T.);
#290=ORIENTED_EDGE('',*,*,#587,.F.);
#291=ORIENTED_EDGE('',*,*,#662,.T.);
#292=ORIENTED_EDGE('',*,*,#581,.F.);
#293=ORIENTED_EDGE('',*,*,#663,.T.);
#294=ORIENTED_EDGE('',*,*,#583,.F.);
#295=ORIENTED_EDGE('',*,*,#664,.T.);
#296=ORIENTED_EDGE('',*,*,#578,.F.);
#297=ORIENTED_EDGE('',*,*,#665,.T.);
#298=ORIENTED_EDGE('',*,*,#590,.F.);
#299=ORIENTED_EDGE('',*,*,#666,.T.);
#300=ORIENTED_EDGE('',*,*,#592,.F.);
#301=ORIENTED_EDGE('',*,*,#537,.F.);
#302=ORIENTED_EDGE('',*,*,#572,.F.);
#303=ORIENTED_EDGE('',*,*,#667,.T.);
#304=ORIENTED_EDGE('',*,*,#574,.F.);
#305=ORIENTED_EDGE('',*,*,#529,.F.);
#306=ORIENTED_EDGE('',*,*,#608,.F.);
#307=ORIENTED_EDGE('',*,*,#668,.T.);
#308=ORIENTED_EDGE('',*,*,#613,.F.);
#309=ORIENTED_EDGE('',*,*,#545,.F.);
#310=ORIENTED_EDGE('',*,*,#514,.F.);
#311=ORIENTED_EDGE('',*,*,#669,.T.);
#312=ORIENTED_EDGE('',*,*,#556,.F.);
#313=ORIENTED_EDGE('',*,*,#521,.F.);
#314=ORIENTED_EDGE('',*,*,#670,.T.);
#315=ORIENTED_EDGE('',*,*,#619,.T.);
#316=ORIENTED_EDGE('',*,*,#671,.T.);
#317=ORIENTED_EDGE('',*,*,#512,.F.);
#318=ORIENTED_EDGE('',*,*,#520,.T.);
#319=ORIENTED_EDGE('',*,*,#615,.T.);
#320=ORIENTED_EDGE('',*,*,#672,.T.);
#321=ORIENTED_EDGE('',*,*,#620,.F.);
#322=ORIENTED_EDGE('',*,*,#670,.F.);
#323=ORIENTED_EDGE('',*,*,#519,.F.);
#324=ORIENTED_EDGE('',*,*,#673,.F.);
#325=ORIENTED_EDGE('',*,*,#674,.F.);
#326=ORIENTED_EDGE('',*,*,#675,.F.);
#327=ORIENTED_EDGE('',*,*,#547,.F.);
#328=ORIENTED_EDGE('',*,*,#595,.F.);
#329=ORIENTED_EDGE('',*,*,#597,.F.);
#330=ORIENTED_EDGE('',*,*,#676,.F.);
#331=ORIENTED_EDGE('',*,*,#539,.F.);
#332=ORIENTED_EDGE('',*,*,#676,.T.);
#333=ORIENTED_EDGE('',*,*,#654,.F.);
#334=ORIENTED_EDGE('',*,*,#677,.F.);
#335=ORIENTED_EDGE('',*,*,#540,.F.);
#336=ORIENTED_EDGE('',*,*,#677,.T.);
#337=ORIENTED_EDGE('',*,*,#600,.F.);
#338=ORIENTED_EDGE('',*,*,#678,.F.);
#339=ORIENTED_EDGE('',*,*,#541,.F.);
#340=ORIENTED_EDGE('',*,*,#678,.T.);
#341=ORIENTED_EDGE('',*,*,#656,.F.);
#342=ORIENTED_EDGE('',*,*,#679,.F.);
#343=ORIENTED_EDGE('',*,*,#542,.F.);
#344=ORIENTED_EDGE('',*,*,#679,.T.);
#345=ORIENTED_EDGE('',*,*,#604,.F.);
#346=ORIENTED_EDGE('',*,*,#609,.F.);
#347=ORIENTED_EDGE('',*,*,#543,.F.);
#348=ORIENTED_EDGE('',*,*,#559,.F.);
#349=ORIENTED_EDGE('',*,*,#561,.F.);
#350=ORIENTED_EDGE('',*,*,#680,.F.);
#351=ORIENTED_EDGE('',*,*,#523,.F.);
#352=ORIENTED_EDGE('',*,*,#680,.T.);
#353=ORIENTED_EDGE('',*,*,#658,.F.);
#354=ORIENTED_EDGE('',*,*,#681,.F.);
#355=ORIENTED_EDGE('',*,*,#524,.F.);
#356=ORIENTED_EDGE('',*,*,#681,.T.);
#357=ORIENTED_EDGE('',*,*,#564,.F.);
#358=ORIENTED_EDGE('',*,*,#682,.F.);
#359=ORIENTED_EDGE('',*,*,#525,.F.);
#360=ORIENTED_EDGE('',*,*,#682,.T.);
#361=ORIENTED_EDGE('',*,*,#660,.F.);
#362=ORIENTED_EDGE('',*,*,#683,.F.);
#363=ORIENTED_EDGE('',*,*,#526,.F.);
#364=ORIENTED_EDGE('',*,*,#683,.T.);
#365=ORIENTED_EDGE('',*,*,#568,.F.);
#366=ORIENTED_EDGE('',*,*,#573,.F.);
#367=ORIENTED_EDGE('',*,*,#527,.F.);
#368=ORIENTED_EDGE('',*,*,#577,.F.);
#369=ORIENTED_EDGE('',*,*,#579,.F.);
#370=ORIENTED_EDGE('',*,*,#684,.F.);
#371=ORIENTED_EDGE('',*,*,#531,.F.);
#372=ORIENTED_EDGE('',*,*,#684,.T.);
#373=ORIENTED_EDGE('',*,*,#664,.F.);
#374=ORIENTED_EDGE('',*,*,#685,.F.);
#375=ORIENTED_EDGE('',*,*,#532,.F.);
#376=ORIENTED_EDGE('',*,*,#685,.T.);
#377=ORIENTED_EDGE('',*,*,#582,.F.);
#378=ORIENTED_EDGE('',*,*,#686,.F.);
#379=ORIENTED_EDGE('',*,*,#533,.F.);
#380=ORIENTED_EDGE('',*,*,#686,.T.);
#381=ORIENTED_EDGE('',*,*,#662,.F.);
#382=ORIENTED_EDGE('',*,*,#687,.F.);
#383=ORIENTED_EDGE('',*,*,#534,.F.);
#384=ORIENTED_EDGE('',*,*,#687,.T.);
#385=ORIENTED_EDGE('',*,*,#586,.F.);
#386=ORIENTED_EDGE('',*,*,#591,.F.);
#387=ORIENTED_EDGE('',*,*,#535,.F.);
#388=ORIENTED_EDGE('',*,*,#672,.F.);
#389=ORIENTED_EDGE('',*,*,#614,.F.);
#390=ORIENTED_EDGE('',*,*,#688,.F.);
#391=ORIENTED_EDGE('',*,*,#621,.F.);
#392=ORIENTED_EDGE('',*,*,#688,.T.);
#393=ORIENTED_EDGE('',*,*,#668,.F.);
#394=ORIENTED_EDGE('',*,*,#689,.F.);
#395=ORIENTED_EDGE('',*,*,#622,.F.);
#396=ORIENTED_EDGE('',*,*,#689,.T.);
#397=ORIENTED_EDGE('',*,*,#607,.F.);
#398=ORIENTED_EDGE('',*,*,#690,.F.);
#399=ORIENTED_EDGE('',*,*,#623,.F.);
#400=ORIENTED_EDGE('',*,*,#690,.T.);
#401=ORIENTED_EDGE('',*,*,#606,.F.);
#402=ORIENTED_EDGE('',*,*,#691,.F.);
#403=ORIENTED_EDGE('',*,*,#624,.F.);
#404=ORIENTED_EDGE('',*,*,#691,.T.);
#405=ORIENTED_EDGE('',*,*,#657,.F.);
#406=ORIENTED_EDGE('',*,*,#692,.F.);
#407=ORIENTED_EDGE('',*,*,#625,.F.);
#408=ORIENTED_EDGE('',*,*,#692,.T.);
#409=ORIENTED_EDGE('',*,*,#602,.F.);
#410=ORIENTED_EDGE('',*,*,#693,.F.);
#411=ORIENTED_EDGE('',*,*,#626,.F.);
#412=ORIENTED_EDGE('',*,*,#693,.T.);
#413=ORIENTED_EDGE('',*,*,#655,.F.);
#414=ORIENTED_EDGE('',*,*,#694,.F.);
#415=ORIENTED_EDGE('',*,*,#627,.F.);
#416=ORIENTED_EDGE('',*,*,#694,.T.);
#417=ORIENTED_EDGE('',*,*,#598,.F.);
#418=ORIENTED_EDGE('',*,*,#695,.F.);
#419=ORIENTED_EDGE('',*,*,#628,.F.);
#420=ORIENTED_EDGE('',*,*,#695,.T.);
#421=ORIENTED_EDGE('',*,*,#593,.F.);
#422=ORIENTED_EDGE('',*,*,#696,.F.);
#423=ORIENTED_EDGE('',*,*,#629,.F.);
#424=ORIENTED_EDGE('',*,*,#696,.T.);
#425=ORIENTED_EDGE('',*,*,#666,.F.);
#426=ORIENTED_EDGE('',*,*,#697,.F.);
#427=ORIENTED_EDGE('',*,*,#630,.F.);
#428=ORIENTED_EDGE('',*,*,#697,.T.);
#429=ORIENTED_EDGE('',*,*,#589,.F.);
#430=ORIENTED_EDGE('',*,*,#698,.F.);
#431=ORIENTED_EDGE('',*,*,#631,.F.);
#432=ORIENTED_EDGE('',*,*,#698,.T.);
#433=ORIENTED_EDGE('',*,*,#588,.F.);
#434=ORIENTED_EDGE('',*,*,#699,.F.);
#435=ORIENTED_EDGE('',*,*,#632,.F.);
#436=ORIENTED_EDGE('',*,*,#699,.T.);
#437=ORIENTED_EDGE('',*,*,#663,.F.);
#438=ORIENTED_EDGE('',*,*,#700,.F.);
#439=ORIENTED_EDGE('',*,*,#633,.F.);
#440=ORIENTED_EDGE('',*,*,#700,.T.);
#441=ORIENTED_EDGE('',*,*,#584,.F.);
#442=ORIENTED_EDGE('',*,*,#701,.F.);
#443=ORIENTED_EDGE('',*,*,#634,.F.);
#444=ORIENTED_EDGE('',*,*,#701,.T.);
#445=ORIENTED_EDGE('',*,*,#665,.F.);
#446=ORIENTED_EDGE('',*,*,#702,.F.);
#447=ORIENTED_EDGE('',*,*,#635,.F.);
#448=ORIENTED_EDGE('',*,*,#702,.T.);
#449=ORIENTED_EDGE('',*,*,#580,.F.);
#450=ORIENTED_EDGE('',*,*,#703,.F.);
#451=ORIENTED_EDGE('',*,*,#636,.F.);
#452=ORIENTED_EDGE('',*,*,#703,.T.);
#453=ORIENTED_EDGE('',*,*,#575,.F.);
#454=ORIENTED_EDGE('',*,*,#704,.F.);
#455=ORIENTED_EDGE('',*,*,#637,.F.);
#456=ORIENTED_EDGE('',*,*,#704,.T.);
#457=ORIENTED_EDGE('',*,*,#667,.F.);
#458=ORIENTED_EDGE('',*,*,#705,.F.);
#459=ORIENTED_EDGE('',*,*,#638,.F.);
#460=ORIENTED_EDGE('',*,*,#705,.T.);
#461=ORIENTED_EDGE('',*,*,#571,.F.);
#462=ORIENTED_EDGE('',*,*,#706,.F.);
#463=ORIENTED_EDGE('',*,*,#639,.F.);
#464=ORIENTED_EDGE('',*,*,#706,.T.);
#465=ORIENTED_EDGE('',*,*,#570,.F.);
#466=ORIENTED_EDGE('',*,*,#707,.F.);
#467=ORIENTED_EDGE('',*,*,#640,.F.);
#468=ORIENTED_EDGE('',*,*,#707,.T.);
#469=ORIENTED_EDGE('',*,*,#661,.F.);
#470=ORIENTED_EDGE('',*,*,#708,.F.);
#471=ORIENTED_EDGE('',*,*,#641,.F.);
#472=ORIENTED_EDGE('',*,*,#708,.T.);
#473=ORIENTED_EDGE('',*,*,#566,.F.);
#474=ORIENTED_EDGE('',*,*,#709,.F.);
#475=ORIENTED_EDGE('',*,*,#642,.F.);
#476=ORIENTED_EDGE('',*,*,#709,.T.);
#477=ORIENTED_EDGE('',*,*,#659,.F.);
#478=ORIENTED_EDGE('',*,*,#710,.F.);
#479=ORIENTED_EDGE('',*,*,#643,.F.);
#480=ORIENTED_EDGE('',*,*,#710,.T.);
#481=ORIENTED_EDGE('',*,*,#562,.F.);
#482=ORIENTED_EDGE('',*,*,#711,.F.);
#483=ORIENTED_EDGE('',*,*,#644,.F.);
#484=ORIENTED_EDGE('',*,*,#711,.T.);
#485=ORIENTED_EDGE('',*,*,#557,.F.);
#486=ORIENTED_EDGE('',*,*,#712,.F.);
#487=ORIENTED_EDGE('',*,*,#645,.F.);
#488=ORIENTED_EDGE('',*,*,#712,.T.);
#489=ORIENTED_EDGE('',*,*,#669,.F.);
#490=ORIENTED_EDGE('',*,*,#713,.F.);
#491=ORIENTED_EDGE('',*,*,#617,.F.);
#492=ORIENTED_EDGE('',*,*,#671,.F.);
#493=ORIENTED_EDGE('',*,*,#618,.F.);
#494=ORIENTED_EDGE('',*,*,#713,.T.);
#495=ORIENTED_EDGE('',*,*,#513,.F.);
#496=ORIENTED_EDGE('',*,*,#516,.T.);
#497=ORIENTED_EDGE('',*,*,#675,.T.);
#498=ORIENTED_EDGE('',*,*,#714,.F.);
#499=ORIENTED_EDGE('',*,*,#715,.F.);
#500=ORIENTED_EDGE('',*,*,#674,.T.);
#501=ORIENTED_EDGE('',*,*,#716,.F.);
#502=ORIENTED_EDGE('',*,*,#717,.F.);
#503=ORIENTED_EDGE('',*,*,#714,.T.);
#504=ORIENTED_EDGE('',*,*,#518,.T.);
#505=ORIENTED_EDGE('',*,*,#718,.F.);
#506=ORIENTED_EDGE('',*,*,#716,.T.);
#507=ORIENTED_EDGE('',*,*,#673,.T.);
#508=ORIENTED_EDGE('',*,*,#715,.T.);
#509=ORIENTED_EDGE('',*,*,#717,.T.);
#510=ORIENTED_EDGE('',*,*,#718,.T.);
#511=ORIENTED_EDGE('',*,*,#517,.F.);
#512=EDGE_CURVE('',#719,#720,#847,.T.);
#513=EDGE_CURVE('',#720,#721,#848,.T.);
#514=EDGE_CURVE('',#721,#722,#849,.T.);
#515=EDGE_CURVE('',#719,#722,#850,.T.);
#516=EDGE_CURVE('',#723,#724,#851,.T.);
#517=EDGE_CURVE('',#723,#725,#852,.T.);
#518=EDGE_CURVE('',#726,#725,#853,.F.);
#519=EDGE_CURVE('',#726,#727,#94,.F.);
#520=EDGE_CURVE('',#719,#727,#854,.T.);
#521=EDGE_CURVE('',#722,#728,#48,.T.);
#522=EDGE_CURVE('',#729,#728,#855,.T.);
#523=EDGE_CURVE('',#729,#730,#856,.T.);
#524=EDGE_CURVE('',#730,#731,#49,.T.);
#525=EDGE_CURVE('',#731,#732,#857,.T.);
#526=EDGE_CURVE('',#732,#733,#50,.T.);
#527=EDGE_CURVE('',#733,#734,#858,.T.);
#528=EDGE_CURVE('',#735,#734,#859,.T.);
#529=EDGE_CURVE('',#735,#736,#51,.T.);
#530=EDGE_CURVE('',#737,#736,#860,.T.);
#531=EDGE_CURVE('',#737,#738,#861,.T.);
#532=EDGE_CURVE('',#738,#739,#52,.T.);
#533=EDGE_CURVE('',#739,#740,#862,.T.);
#534=EDGE_CURVE('',#740,#741,#53,.T.);
#535=EDGE_CURVE('',#741,#742,#863,.T.);
#536=EDGE_CURVE('',#743,#742,#864,.T.);
#537=EDGE_CURVE('',#743,#744,#54,.T.);
#538=EDGE_CURVE('',#744,#745,#865,.T.);
#539=EDGE_CURVE('',#745,#746,#866,.T.);
#540=EDGE_CURVE('',#746,#747,#55,.T.);
#541=EDGE_CURVE('',#747,#748,#867,.T.);
#542=EDGE_CURVE('',#748,#749,#56,.T.);
#543=EDGE_CURVE('',#749,#750,#868,.T.);
#544=EDGE_CURVE('',#750,#751,#869,.T.);
#545=EDGE_CURVE('',#751,#752,#57,.T.);
#546=EDGE_CURVE('',#752,#753,#870,.T.);
#547=EDGE_CURVE('',#753,#724,#95,.F.);
#548=EDGE_CURVE('',#754,#755,#871,.T.);
#549=EDGE_CURVE('',#754,#756,#872,.T.);
#550=EDGE_CURVE('',#756,#757,#873,.T.);
#551=EDGE_CURVE('',#755,#757,#874,.T.);
#552=EDGE_CURVE('',#758,#758,#58,.T.);
#553=EDGE_CURVE('',#759,#759,#59,.T.);
#554=EDGE_CURVE('',#760,#760,#60,.T.);
#555=EDGE_CURVE('',#761,#761,#61,.T.);
#556=EDGE_CURVE('',#728,#762,#875,.F.);
#557=EDGE_CURVE('',#762,#763,#876,.T.);
#558=EDGE_CURVE('',#763,#764,#877,.T.);
#559=EDGE_CURVE('',#764,#729,#878,.F.);
#560=EDGE_CURVE('',#765,#766,#879,.T.);
#561=EDGE_CURVE('',#766,#764,#880,.T.);
#562=EDGE_CURVE('',#763,#765,#881,.T.);
#563=EDGE_CURVE('',#767,#768,#882,.T.);
#564=EDGE_CURVE('',#768,#769,#883,.T.);
#565=EDGE_CURVE('',#769,#770,#884,.F.);
#566=EDGE_CURVE('',#770,#767,#885,.T.);
#567=EDGE_CURVE('',#771,#772,#886,.T.);
#568=EDGE_CURVE('',#772,#773,#887,.T.);
#569=EDGE_CURVE('',#773,#774,#888,.F.);
#570=EDGE_CURVE('',#774,#771,#889,.T.);
#571=EDGE_CURVE('',#771,#775,#890,.T.);
#572=EDGE_CURVE('',#775,#735,#891,.T.);
#573=EDGE_CURVE('',#734,#772,#892,.F.);
#574=EDGE_CURVE('',#736,#776,#893,.F.);
#575=EDGE_CURVE('',#776,#777,#894,.T.);
#576=EDGE_CURVE('',#777,#778,#895,.T.);
#577=EDGE_CURVE('',#778,#737,#896,.F.);
#578=EDGE_CURVE('',#779,#780,#897,.T.);
#579=EDGE_CURVE('',#780,#778,#898,.T.);
#580=EDGE_CURVE('',#777,#779,#899,.T.);
#581=EDGE_CURVE('',#781,#782,#900,.T.);
#582=EDGE_CURVE('',#782,#783,#901,.T.);
#583=EDGE_CURVE('',#783,#784,#902,.F.);
#584=EDGE_CURVE('',#784,#781,#903,.T.);
#585=EDGE_CURVE('',#785,#786,#904,.T.);
#586=EDGE_CURVE('',#786,#787,#905,.T.);
#587=EDGE_CURVE('',#787,#788,#906,.F.);
#588=EDGE_CURVE('',#788,#785,#907,.T.);
#589=EDGE_CURVE('',#785,#789,#908,.T.);
#590=EDGE_CURVE('',#789,#743,#909,.T.);
#591=EDGE_CURVE('',#742,#786,#910,.F.);
#592=EDGE_CURVE('',#744,#790,#911,.F.);
#593=EDGE_CURVE('',#790,#791,#912,.T.);
#594=EDGE_CURVE('',#791,#792,#913,.T.);
#595=EDGE_CURVE('',#792,#745,#914,.T.);
#596=EDGE_CURVE('',#793,#794,#915,.T.);
#597=EDGE_CURVE('',#794,#792,#916,.T.);
#598=EDGE_CURVE('',#791,#793,#917,.T.);
#599=EDGE_CURVE('',#795,#796,#918,.T.);
#600=EDGE_CURVE('',#796,#797,#919,.T.);
#601=EDGE_CURVE('',#797,#798,#920,.F.);
#602=EDGE_CURVE('',#798,#795,#921,.T.);
#603=EDGE_CURVE('',#799,#800,#922,.T.);
#604=EDGE_CURVE('',#800,#801,#923,.T.);
#605=EDGE_CURVE('',#801,#802,#924,.F.);
#606=EDGE_CURVE('',#802,#799,#925,.T.);
#607=EDGE_CURVE('',#799,#803,#926,.T.);
#608=EDGE_CURVE('',#803,#751,#927,.T.);
#609=EDGE_CURVE('',#750,#800,#928,.F.);
#610=EDGE_CURVE('',#804,#804,#62,.T.);
#611=EDGE_CURVE('',#805,#805,#63,.T.);
#612=EDGE_CURVE('',#806,#806,#64,.T.);
#613=EDGE_CURVE('',#752,#807,#929,.F.);
#614=EDGE_CURVE('',#807,#808,#930,.T.);
#615=EDGE_CURVE('',#753,#808,#931,.T.);
#616=EDGE_CURVE('',#809,#809,#65,.T.);
#617=EDGE_CURVE('',#810,#811,#66,.F.);
#618=EDGE_CURVE('',#811,#812,#932,.T.);
#619=EDGE_CURVE('',#813,#812,#933,.T.);
#620=EDGE_CURVE('',#813,#814,#96,.T.);
#621=EDGE_CURVE('',#814,#815,#934,.T.);
#622=EDGE_CURVE('',#815,#816,#67,.F.);
#623=EDGE_CURVE('',#816,#817,#935,.T.);
#624=EDGE_CURVE('',#817,#818,#936,.T.);
#625=EDGE_CURVE('',#818,#819,#68,.F.);
#626=EDGE_CURVE('',#819,#820,#937,.T.);
#627=EDGE_CURVE('',#820,#821,#69,.F.);
#628=EDGE_CURVE('',#821,#822,#938,.T.);
#629=EDGE_CURVE('',#822,#823,#939,.T.);
#630=EDGE_CURVE('',#823,#824,#70,.F.);
#631=EDGE_CURVE('',#824,#825,#940,.T.);
#632=EDGE_CURVE('',#825,#826,#941,.T.);
#633=EDGE_CURVE('',#826,#827,#71,.F.);
#634=EDGE_CURVE('',#827,#828,#942,.T.);
#635=EDGE_CURVE('',#828,#829,#72,.F.);
#636=EDGE_CURVE('',#829,#830,#943,.T.);
#637=EDGE_CURVE('',#830,#831,#944,.T.);
#638=EDGE_CURVE('',#831,#832,#73,.F.);
#639=EDGE_CURVE('',#832,#833,#945,.T.);
#640=EDGE_CURVE('',#833,#834,#946,.T.);
#641=EDGE_CURVE('',#834,#835,#74,.F.);
#642=EDGE_CURVE('',#835,#836,#947,.T.);
#643=EDGE_CURVE('',#836,#837,#75,.F.);
#644=EDGE_CURVE('',#837,#838,#948,.T.);
#645=EDGE_CURVE('',#838,#810,#949,.T.);
#646=EDGE_CURVE('',#839,#840,#950,.T.);
#647=EDGE_CURVE('',#754,#839,#951,.T.);
#648=EDGE_CURVE('',#755,#840,#952,.T.);
#649=EDGE_CURVE('',#839,#841,#953,.T.);
#650=EDGE_CURVE('',#756,#841,#954,.T.);
#651=EDGE_CURVE('',#841,#842,#955,.T.);
#652=EDGE_CURVE('',#757,#842,#956,.T.);
#653=EDGE_CURVE('',#840,#842,#957,.T.);
#654=EDGE_CURVE('',#797,#794,#76,.F.);
#655=EDGE_CURVE('',#793,#798,#77,.T.);
#656=EDGE_CURVE('',#801,#796,#78,.F.);
#657=EDGE_CURVE('',#795,#802,#79,.T.);
#658=EDGE_CURVE('',#769,#766,#80,.F.);
#659=EDGE_CURVE('',#765,#770,#81,.T.);
#660=EDGE_CURVE('',#773,#768,#82,.F.);
#661=EDGE_CURVE('',#767,#774,#83,.T.);
#662=EDGE_CURVE('',#787,#782,#84,.F.);
#663=EDGE_CURVE('',#781,#788,#85,.T.);
#664=EDGE_CURVE('',#783,#780,#86,.F.);
#665=EDGE_CURVE('',#779,#784,#87,.T.);
#666=EDGE_CURVE('',#789,#790,#88,.T.);
#667=EDGE_CURVE('',#775,#776,#89,.T.);
#668=EDGE_CURVE('',#803,#807,#90,.T.);
#669=EDGE_CURVE('',#721,#762,#91,.T.);
#670=EDGE_CURVE('',#727,#813,#958,.T.);
#671=EDGE_CURVE('',#812,#720,#959,.T.);
#672=EDGE_CURVE('',#808,#814,#28,.T.);
#673=EDGE_CURVE('',#843,#726,#29,.T.);
#674=EDGE_CURVE('',#844,#843,#97,.F.);
#675=EDGE_CURVE('',#724,#844,#30,.T.);
#676=EDGE_CURVE('',#746,#794,#960,.T.);
#677=EDGE_CURVE('',#747,#797,#961,.T.);
#678=EDGE_CURVE('',#748,#796,#962,.T.);
#679=EDGE_CURVE('',#749,#801,#963,.T.);
#680=EDGE_CURVE('',#730,#766,#964,.T.);
#681=EDGE_CURVE('',#731,#769,#965,.T.);
#682=EDGE_CURVE('',#732,#768,#966,.T.);
#683=EDGE_CURVE('',#733,#773,#967,.T.);
#684=EDGE_CURVE('',#738,#780,#968,.T.);
#685=EDGE_CURVE('',#739,#783,#969,.T.);
#686=EDGE_CURVE('',#740,#782,#970,.T.);
#687=EDGE_CURVE('',#741,#787,#971,.T.);
#688=EDGE_CURVE('',#815,#807,#972,.T.);
#689=EDGE_CURVE('',#816,#803,#973,.T.);
#690=EDGE_CURVE('',#817,#799,#974,.F.);
#691=EDGE_CURVE('',#818,#802,#975,.T.);
#692=EDGE_CURVE('',#819,#795,#976,.T.);
#693=EDGE_CURVE('',#820,#798,#977,.T.);
#694=EDGE_CURVE('',#821,#793,#978,.T.);
#695=EDGE_CURVE('',#822,#791,#979,.T.);
#696=EDGE_CURVE('',#823,#790,#980,.T.);
#697=EDGE_CURVE('',#824,#789,#981,.T.);
#698=EDGE_CURVE('',#825,#785,#982,.T.);
#699=EDGE_CURVE('',#826,#788,#983,.T.);
#700=EDGE_CURVE('',#827,#781,#984,.T.);
#701=EDGE_CURVE('',#828,#784,#985,.T.);
#702=EDGE_CURVE('',#829,#779,#986,.T.);
#703=EDGE_CURVE('',#830,#777,#987,.T.);
#704=EDGE_CURVE('',#831,#776,#988,.T.);
#705=EDGE_CURVE('',#832,#775,#989,.T.);
#706=EDGE_CURVE('',#833,#771,#990,.T.);
#707=EDGE_CURVE('',#834,#774,#991,.T.);
#708=EDGE_CURVE('',#835,#767,#992,.T.);
#709=EDGE_CURVE('',#836,#770,#993,.T.);
#710=EDGE_CURVE('',#837,#765,#994,.T.);
#711=EDGE_CURVE('',#838,#763,#995,.T.);
#712=EDGE_CURVE('',#810,#762,#996,.T.);
#713=EDGE_CURVE('',#811,#721,#997,.T.);
#714=EDGE_CURVE('',#845,#844,#998,.T.);
#715=EDGE_CURVE('',#723,#845,#92,.T.);
#716=EDGE_CURVE('',#846,#843,#999,.T.);
#717=EDGE_CURVE('',#845,#846,#1000,.T.);
#718=EDGE_CURVE('',#846,#725,#93,.T.);
#719=VERTEX_POINT('',#2069);
#720=VERTEX_POINT('',#2070);
#721=VERTEX_POINT('',#2072);
#722=VERTEX_POINT('',#2074);
#723=VERTEX_POINT('',#2078);
#724=VERTEX_POINT('',#2079);
#725=VERTEX_POINT('',#2081);
#726=VERTEX_POINT('',#2083);
#727=VERTEX_POINT('',#2085);
#728=VERTEX_POINT('',#2088);
#729=VERTEX_POINT('',#2090);
#730=VERTEX_POINT('',#2092);
#731=VERTEX_POINT('',#2094);
#732=VERTEX_POINT('',#2096);
#733=VERTEX_POINT('',#2098);
#734=VERTEX_POINT('',#2100);
#735=VERTEX_POINT('',#2102);
#736=VERTEX_POINT('',#2104);
#737=VERTEX_POINT('',#2106);
#738=VERTEX_POINT('',#2108);
#739=VERTEX_POINT('',#2110);
#740=VERTEX_POINT('',#2112);
#741=VERTEX_POINT('',#2114);
#742=VERTEX_POINT('',#2116);
#743=VERTEX_POINT('',#2118);
#744=VERTEX_POINT('',#2120);
#745=VERTEX_POINT('',#2122);
#746=VERTEX_POINT('',#2124);
#747=VERTEX_POINT('',#2126);
#748=VERTEX_POINT('',#2128);
#749=VERTEX_POINT('',#2130);
#750=VERTEX_POINT('',#2132);
#751=VERTEX_POINT('',#2134);
#752=VERTEX_POINT('',#2136);
#753=VERTEX_POINT('',#2138);
#754=VERTEX_POINT('',#2141);
#755=VERTEX_POINT('',#2142);
#756=VERTEX_POINT('',#2144);
#757=VERTEX_POINT('',#2146);
#758=VERTEX_POINT('',#2149);
#759=VERTEX_POINT('',#2151);
#760=VERTEX_POINT('',#2153);
#761=VERTEX_POINT('',#2155);
#762=VERTEX_POINT('',#2158);
#763=VERTEX_POINT('',#2160);
#764=VERTEX_POINT('',#2162);
#765=VERTEX_POINT('',#2166);
#766=VERTEX_POINT('',#2167);
#767=VERTEX_POINT('',#2172);
#768=VERTEX_POINT('',#2173);
#769=VERTEX_POINT('',#2175);
#770=VERTEX_POINT('',#2177);
#771=VERTEX_POINT('',#2181);
#772=VERTEX_POINT('',#2182);
#773=VERTEX_POINT('',#2184);
#774=VERTEX_POINT('',#2186);
#775=VERTEX_POINT('',#2190);
#776=VERTEX_POINT('',#2195);
#777=VERTEX_POINT('',#2197);
#778=VERTEX_POINT('',#2199);
#779=VERTEX_POINT('',#2203);
#780=VERTEX_POINT('',#2204);
#781=VERTEX_POINT('',#2209);
#782=VERTEX_POINT('',#2210);
#783=VERTEX_POINT('',#2212);
#784=VERTEX_POINT('',#2214);
#785=VERTEX_POINT('',#2218);
#786=VERTEX_POINT('',#2219);
#787=VERTEX_POINT('',#2221);
#788=VERTEX_POINT('',#2223);
#789=VERTEX_POINT('',#2227);
#790=VERTEX_POINT('',#2232);
#791=VERTEX_POINT('',#2234);
#792=VERTEX_POINT('',#2236);
#793=VERTEX_POINT('',#2240);
#794=VERTEX_POINT('',#2241);
#795=VERTEX_POINT('',#2246);
#796=VERTEX_POINT('',#2247);
#797=VERTEX_POINT('',#2249);
#798=VERTEX_POINT('',#2251);
#799=VERTEX_POINT('',#2255);
#800=VERTEX_POINT('',#2256);
#801=VERTEX_POINT('',#2258);
#802=VERTEX_POINT('',#2260);
#803=VERTEX_POINT('',#2264);
#804=VERTEX_POINT('',#2269);
#805=VERTEX_POINT('',#2272);
#806=VERTEX_POINT('',#2275);
#807=VERTEX_POINT('',#2278);
#808=VERTEX_POINT('',#2280);
#809=VERTEX_POINT('',#2284);
#810=VERTEX_POINT('',#2287);
#811=VERTEX_POINT('',#2288);
#812=VERTEX_POINT('',#2290);
#813=VERTEX_POINT('',#2292);
#814=VERTEX_POINT('',#2294);
#815=VERTEX_POINT('',#2296);
#816=VERTEX_POINT('',#2298);
#817=VERTEX_POINT('',#2300);
#818=VERTEX_POINT('',#2302);
#819=VERTEX_POINT('',#2304);
#820=VERTEX_POINT('',#2306);
#821=VERTEX_POINT('',#2308);
#822=VERTEX_POINT('',#2310);
#823=VERTEX_POINT('',#2312);
#824=VERTEX_POINT('',#2314);
#825=VERTEX_POINT('',#2316);
#826=VERTEX_POINT('',#2318);
#827=VERTEX_POINT('',#2320);
#828=VERTEX_POINT('',#2322);
#829=VERTEX_POINT('',#2324);
#830=VERTEX_POINT('',#2326);
#831=VERTEX_POINT('',#2328);
#832=VERTEX_POINT('',#2330);
#833=VERTEX_POINT('',#2332);
#834=VERTEX_POINT('',#2334);
#835=VERTEX_POINT('',#2336);
#836=VERTEX_POINT('',#2338);
#837=VERTEX_POINT('',#2340);
#838=VERTEX_POINT('',#2342);
#839=VERTEX_POINT('',#2346);
#840=VERTEX_POINT('',#2347);
#841=VERTEX_POINT('',#2352);
#842=VERTEX_POINT('',#2356);
#843=VERTEX_POINT('',#2412);
#844=VERTEX_POINT('',#2414);
#845=VERTEX_POINT('',#2501);
#846=VERTEX_POINT('',#2505);
#847=LINE('',#2068,#1001);
#848=LINE('',#2071,#1002);
#849=LINE('',#2073,#1003);
#850=LINE('',#2075,#1004);
#851=LINE('',#2077,#1005);
#852=LINE('',#2080,#1006);
#853=LINE('',#2082,#1007);
#854=LINE('',#2086,#1008);
#855=LINE('',#2089,#1009);
#856=LINE('',#2091,#1010);
#857=LINE('',#2095,#1011);
#858=LINE('',#2099,#1012);
#859=LINE('',#2101,#1013);
#860=LINE('',#2105,#1014);
#861=LINE('',#2107,#1015);
#862=LINE('',#2111,#1016);
#863=LINE('',#2115,#1017);
#864=LINE('',#2117,#1018);
#865=LINE('',#2121,#1019);
#866=LINE('',#2123,#1020);
#867=LINE('',#2127,#1021);
#868=LINE('',#2131,#1022);
#869=LINE('',#2133,#1023);
#870=LINE('',#2137,#1024);
#871=LINE('',#2140,#1025);
#872=LINE('',#2143,#1026);
#873=LINE('',#2145,#1027);
#874=LINE('',#2147,#1028);
#875=LINE('',#2157,#1029);
#876=LINE('',#2159,#1030);
#877=LINE('',#2161,#1031);
#878=LINE('',#2163,#1032);
#879=LINE('',#2165,#1033);
#880=LINE('',#2168,#1034);
#881=LINE('',#2169,#1035);
#882=LINE('',#2171,#1036);
#883=LINE('',#2174,#1037);
#884=LINE('',#2176,#1038);
#885=LINE('',#2178,#1039);
#886=LINE('',#2180,#1040);
#887=LINE('',#2183,#1041);
#888=LINE('',#2185,#1042);
#889=LINE('',#2187,#1043);
#890=LINE('',#2189,#1044);
#891=LINE('',#2191,#1045);
#892=LINE('',#2192,#1046);
#893=LINE('',#2194,#1047);
#894=LINE('',#2196,#1048);
#895=LINE('',#2198,#1049);
#896=LINE('',#2200,#1050);
#897=LINE('',#2202,#1051);
#898=LINE('',#2205,#1052);
#899=LINE('',#2206,#1053);
#900=LINE('',#2208,#1054);
#901=LINE('',#2211,#1055);
#902=LINE('',#2213,#1056);
#903=LINE('',#2215,#1057);
#904=LINE('',#2217,#1058);
#905=LINE('',#2220,#1059);
#906=LINE('',#2222,#1060);
#907=LINE('',#2224,#1061);
#908=LINE('',#2226,#1062);
#909=LINE('',#2228,#1063);
#910=LINE('',#2229,#1064);
#911=LINE('',#2231,#1065);
#912=LINE('',#2233,#1066);
#913=LINE('',#2235,#1067);
#914=LINE('',#2237,#1068);
#915=LINE('',#2239,#1069);
#916=LINE('',#2242,#1070);
#917=LINE('',#2243,#1071);
#918=LINE('',#2245,#1072);
#919=LINE('',#2248,#1073);
#920=LINE('',#2250,#1074);
#921=LINE('',#2252,#1075);
#922=LINE('',#2254,#1076);
#923=LINE('',#2257,#1077);
#924=LINE('',#2259,#1078);
#925=LINE('',#2261,#1079);
#926=LINE('',#2263,#1080);
#927=LINE('',#2265,#1081);
#928=LINE('',#2266,#1082);
#929=LINE('',#2277,#1083);
#930=LINE('',#2279,#1084);
#931=LINE('',#2281,#1085);
#932=LINE('',#2289,#1086);
#933=LINE('',#2291,#1087);
#934=LINE('',#2295,#1088);
#935=LINE('',#2299,#1089);
#936=LINE('',#2301,#1090);
#937=LINE('',#2305,#1091);
#938=LINE('',#2309,#1092);
#939=LINE('',#2311,#1093);
#940=LINE('',#2315,#1094);
#941=LINE('',#2317,#1095);
#942=LINE('',#2321,#1096);
#943=LINE('',#2325,#1097);
#944=LINE('',#2327,#1098);
#945=LINE('',#2331,#1099);
#946=LINE('',#2333,#1100);
#947=LINE('',#2337,#1101);
#948=LINE('',#2341,#1102);
#949=LINE('',#2343,#1103);
#950=LINE('',#2345,#1104);
#951=LINE('',#2348,#1105);
#952=LINE('',#2349,#1106);
#953=LINE('',#2351,#1107);
#954=LINE('',#2353,#1108);
#955=LINE('',#2355,#1109);
#956=LINE('',#2357,#1110);
#957=LINE('',#2359,#1111);
#958=LINE('',#2388,#1112);
#959=LINE('',#2389,#1113);
#960=LINE('',#2420,#1114);
#961=LINE('',#2422,#1115);
#962=LINE('',#2424,#1116);
#963=LINE('',#2426,#1117);
#964=LINE('',#2429,#1118);
#965=LINE('',#2431,#1119);
#966=LINE('',#2433,#1120);
#967=LINE('',#2435,#1121);
#968=LINE('',#2438,#1122);
#969=LINE('',#2440,#1123);
#970=LINE('',#2442,#1124);
#971=LINE('',#2444,#1125);
#972=LINE('',#2447,#1126);
#973=LINE('',#2449,#1127);
#974=LINE('',#2451,#1128);
#975=LINE('',#2453,#1129);
#976=LINE('',#2455,#1130);
#977=LINE('',#2457,#1131);
#978=LINE('',#2459,#1132);
#979=LINE('',#2461,#1133);
#980=LINE('',#2463,#1134);
#981=LINE('',#2465,#1135);
#982=LINE('',#2467,#1136);
#983=LINE('',#2469,#1137);
#984=LINE('',#2471,#1138);
#985=LINE('',#2473,#1139);
#986=LINE('',#2475,#1140);
#987=LINE('',#2477,#1141);
#988=LINE('',#2479,#1142);
#989=LINE('',#2481,#1143);
#990=LINE('',#2483,#1144);
#991=LINE('',#2485,#1145);
#992=LINE('',#2487,#1146);
#993=LINE('',#2489,#1147);
#994=LINE('',#2491,#1148);
#995=LINE('',#2493,#1149);
#996=LINE('',#2495,#1150);
#997=LINE('',#2497,#1151);
#998=LINE('',#2500,#1152);
#999=LINE('',#2504,#1153);
#1000=LINE('',#2506,#1154);
#1001=VECTOR('',#1644,1.);
#1002=VECTOR('',#1645,1.);
#1003=VECTOR('',#1646,1.);
#1004=VECTOR('',#1647,1.);
#1005=VECTOR('',#1650,1.);
#1006=VECTOR('',#1651,1.);
#1007=VECTOR('',#1652,1.);
#1008=VECTOR('',#1655,1.);
#1009=VECTOR('',#1658,1.);
#1010=VECTOR('',#1659,1.);
#1011=VECTOR('',#1662,1.);
#1012=VECTOR('',#1665,1.);
#1013=VECTOR('',#1666,1.);
#1014=VECTOR('',#1669,1.);
#1015=VECTOR('',#1670,1.);
#1016=VECTOR('',#1673,1.);
#1017=VECTOR('',#1676,1.);
#1018=VECTOR('',#1677,1.);
#1019=VECTOR('',#1680,1.);
#1020=VECTOR('',#1681,1.);
#1021=VECTOR('',#1684,1.);
#1022=VECTOR('',#1687,1.);
#1023=VECTOR('',#1688,1.);
#1024=VECTOR('',#1691,1.);
#1025=VECTOR('',#1694,1.);
#1026=VECTOR('',#1695,1.);
#1027=VECTOR('',#1696,1.);
#1028=VECTOR('',#1697,1.);
#1029=VECTOR('',#1708,1.);
#1030=VECTOR('',#1709,1.);
#1031=VECTOR('',#1710,1.);
#1032=VECTOR('',#1711,1.);
#1033=VECTOR('',#1714,1.);
#1034=VECTOR('',#1715,1.);
#1035=VECTOR('',#1716,1.);
#1036=VECTOR('',#1719,1.);
#1037=VECTOR('',#1720,1.);
#1038=VECTOR('',#1721,1.);
#1039=VECTOR('',#1722,1.);
#1040=VECTOR('',#1725,1.);
#1041=VECTOR('',#1726,1.);
#1042=VECTOR('',#1727,1.);
#1043=VECTOR('',#1728,1.);
#1044=VECTOR('',#1731,1.);
#1045=VECTOR('',#1732,1.);
#1046=VECTOR('',#1733,1.);
#1047=VECTOR('',#1736,1.);
#1048=VECTOR('',#1737,1.);
#1049=VECTOR('',#1738,1.);
#1050=VECTOR('',#1739,1.);
#1051=VECTOR('',#1742,1.);
#1052=VECTOR('',#1743,1.);
#1053=VECTOR('',#1744,1.);
#1054=VECTOR('',#1747,1.);
#1055=VECTOR('',#1748,1.);
#1056=VECTOR('',#1749,1.);
#1057=VECTOR('',#1750,1.);
#1058=VECTOR('',#1753,1.);
#1059=VECTOR('',#1754,1.);
#1060=VECTOR('',#1755,1.);
#1061=VECTOR('',#1756,1.);
#1062=VECTOR('',#1759,1.);
#1063=VECTOR('',#1760,1.);
#1064=VECTOR('',#1761,1.);
#1065=VECTOR('',#1764,1.);
#1066=VECTOR('',#1765,1.);
#1067=VECTOR('',#1766,1.);
#1068=VECTOR('',#1767,1.);
#1069=VECTOR('',#1770,1.);
#1070=VECTOR('',#1771,1.);
#1071=VECTOR('',#1772,1.);
#1072=VECTOR('',#1775,1.);
#1073=VECTOR('',#1776,1.);
#1074=VECTOR('',#1777,1.);
#1075=VECTOR('',#1778,1.);
#1076=VECTOR('',#1781,1.);
#1077=VECTOR('',#1782,1.);
#1078=VECTOR('',#1783,1.);
#1079=VECTOR('',#1784,1.);
#1080=VECTOR('',#1787,1.);
#1081=VECTOR('',#1788,1.);
#1082=VECTOR('',#1789,1.);
#1083=VECTOR('',#1804,1.);
#1084=VECTOR('',#1805,1.);
#1085=VECTOR('',#1806,1.);
#1086=VECTOR('',#1815,1.);
#1087=VECTOR('',#1816,1.);
#1088=VECTOR('',#1819,1.);
#1089=VECTOR('',#1822,1.);
#1090=VECTOR('',#1823,1.);
#1091=VECTOR('',#1826,1.);
#1092=VECTOR('',#1829,1.);
#1093=VECTOR('',#1830,1.);
#1094=VECTOR('',#1833,1.);
#1095=VECTOR('',#1834,1.);
#1096=VECTOR('',#1837,1.);
#1097=VECTOR('',#1840,1.);
#1098=VECTOR('',#1841,1.);
#1099=VECTOR('',#1844,1.);
#1100=VECTOR('',#1845,1.);
#1101=VECTOR('',#1848,1.);
#1102=VECTOR('',#1851,1.);
#1103=VECTOR('',#1852,1.);
#1104=VECTOR('',#1855,1.);
#1105=VECTOR('',#1856,1.);
#1106=VECTOR('',#1857,1.);
#1107=VECTOR('',#1860,1.);
#1108=VECTOR('',#1861,1.);
#1109=VECTOR('',#1864,1.);
#1110=VECTOR('',#1865,1.);
#1111=VECTOR('',#1868,1.);
#1112=VECTOR('',#1925,1.);
#1113=VECTOR('',#1926,1.);
#1114=VECTOR('',#1931,1.);
#1115=VECTOR('',#1934,1.);
#1116=VECTOR('',#1937,1.);
#1117=VECTOR('',#1940,1.);
#1118=VECTOR('',#1945,1.);
#1119=VECTOR('',#1948,1.);
#1120=VECTOR('',#1951,1.);
#1121=VECTOR('',#1954,1.);
#1122=VECTOR('',#1959,1.);
#1123=VECTOR('',#1962,1.);
#1124=VECTOR('',#1965,1.);
#1125=VECTOR('',#1968,1.);
#1126=VECTOR('',#1973,1.);
#1127=VECTOR('',#1976,1.);
#1128=VECTOR('',#1979,1.);
#1129=VECTOR('',#1982,1.);
#1130=VECTOR('',#1985,1.);
#1131=VECTOR('',#1988,1.);
#1132=VECTOR('',#1991,1.);
#1133=VECTOR('',#1994,1.);
#1134=VECTOR('',#1997,1.);
#1135=VECTOR('',#2000,1.);
#1136=VECTOR('',#2003,1.);
#1137=VECTOR('',#2006,1.);
#1138=VECTOR('',#2009,1.);
#1139=VECTOR('',#2012,1.);
#1140=VECTOR('',#2015,1.);
#1141=VECTOR('',#2018,1.);
#1142=VECTOR('',#2021,1.);
#1143=VECTOR('',#2024,1.);
#1144=VECTOR('',#2027,1.);
#1145=VECTOR('',#2030,1.);
#1146=VECTOR('',#2033,1.);
#1147=VECTOR('',#2036,1.);
#1148=VECTOR('',#2039,1.);
#1149=VECTOR('',#2042,1.);
#1150=VECTOR('',#2045,1.);
#1151=VECTOR('',#2048,1.);
#1152=VECTOR('',#2053,1.);
#1153=VECTOR('',#2058,1.);
#1154=VECTOR('',#2059,1.);
#1155=EDGE_LOOP('',(#98,#99,#100,#101));
#1156=EDGE_LOOP('',(#102,#103,#104,#105,#106,#107,#108,#109,#110,#111,#112,
#113,#114,#115,#116,#117,#118,#119,#120,#121,#122,#123,#124,#125,#126,#127,
#128,#129,#130,#131,#132,#133,#134));
#1157=EDGE_LOOP('',(#135,#136,#137,#138));
#1158=EDGE_LOOP('',(#139));
#1159=EDGE_LOOP('',(#140));
#1160=EDGE_LOOP('',(#141));
#1161=EDGE_LOOP('',(#142));
#1162=EDGE_LOOP('',(#143,#144,#145,#146,#147));
#1163=EDGE_LOOP('',(#148,#149,#150,#151));
#1164=EDGE_LOOP('',(#152,#153,#154,#155));
#1165=EDGE_LOOP('',(#156,#157,#158,#159));
#1166=EDGE_LOOP('',(#160,#161,#162,#163,#164));
#1167=EDGE_LOOP('',(#165,#166,#167,#168,#169));
#1168=EDGE_LOOP('',(#170,#171,#172,#173));
#1169=EDGE_LOOP('',(#174,#175,#176,#177));
#1170=EDGE_LOOP('',(#178,#179,#180,#181));
#1171=EDGE_LOOP('',(#182,#183,#184,#185,#186));
#1172=EDGE_LOOP('',(#187,#188,#189,#190,#191));
#1173=EDGE_LOOP('',(#192,#193,#194,#195));
#1174=EDGE_LOOP('',(#196,#197,#198,#199));
#1175=EDGE_LOOP('',(#200,#201,#202,#203));
#1176=EDGE_LOOP('',(#204,#205,#206,#207,#208));
#1177=EDGE_LOOP('',(#209));
#1178=EDGE_LOOP('',(#210));
#1179=EDGE_LOOP('',(#211));
#1180=EDGE_LOOP('',(#212));
#1181=EDGE_LOOP('',(#213));
#1182=EDGE_LOOP('',(#214));
#1183=EDGE_LOOP('',(#215,#216,#217,#218));
#1184=EDGE_LOOP('',(#219));
#1185=EDGE_LOOP('',(#220));
#1186=EDGE_LOOP('',(#221,#222,#223,#224,#225,#226,#227,#228,#229,#230,#231,
#232,#233,#234,#235,#236,#237,#238,#239,#240,#241,#242,#243,#244,#245,#246,
#247,#248,#249));
#1187=EDGE_LOOP('',(#250));
#1188=EDGE_LOOP('',(#251));
#1189=EDGE_LOOP('',(#252));
#1190=EDGE_LOOP('',(#253));
#1191=EDGE_LOOP('',(#254,#255,#256,#257));
#1192=EDGE_LOOP('',(#258,#259,#260,#261));
#1193=EDGE_LOOP('',(#262,#263,#264,#265));
#1194=EDGE_LOOP('',(#266,#267,#268,#269));
#1195=EDGE_LOOP('',(#270,#271,#272,#273));
#1196=EDGE_LOOP('',(#274,#275,#276,#277));
#1197=EDGE_LOOP('',(#278,#279,#280,#281));
#1198=EDGE_LOOP('',(#282,#283,#284,#285));
#1199=EDGE_LOOP('',(#286,#287,#288,#289));
#1200=EDGE_LOOP('',(#290,#291,#292,#293));
#1201=EDGE_LOOP('',(#294,#295,#296,#297));
#1202=EDGE_LOOP('',(#298,#299,#300,#301));
#1203=EDGE_LOOP('',(#302,#303,#304,#305));
#1204=EDGE_LOOP('',(#306,#307,#308,#309));
#1205=EDGE_LOOP('',(#310,#311,#312,#313));
#1206=EDGE_LOOP('',(#314,#315,#316,#317,#318));
#1207=EDGE_LOOP('',(#319,#320,#321,#322,#323,#324,#325,#326,#327));
#1208=EDGE_LOOP('',(#328,#329,#330,#331));
#1209=EDGE_LOOP('',(#332,#333,#334,#335));
#1210=EDGE_LOOP('',(#336,#337,#338,#339));
#1211=EDGE_LOOP('',(#340,#341,#342,#343));
#1212=EDGE_LOOP('',(#344,#345,#346,#347));
#1213=EDGE_LOOP('',(#348,#349,#350,#351));
#1214=EDGE_LOOP('',(#352,#353,#354,#355));
#1215=EDGE_LOOP('',(#356,#357,#358,#359));
#1216=EDGE_LOOP('',(#360,#361,#362,#363));
#1217=EDGE_LOOP('',(#364,#365,#366,#367));
#1218=EDGE_LOOP('',(#368,#369,#370,#371));
#1219=EDGE_LOOP('',(#372,#373,#374,#375));
#1220=EDGE_LOOP('',(#376,#377,#378,#379));
#1221=EDGE_LOOP('',(#380,#381,#382,#383));
#1222=EDGE_LOOP('',(#384,#385,#386,#387));
#1223=EDGE_LOOP('',(#388,#389,#390,#391));
#1224=EDGE_LOOP('',(#392,#393,#394,#395));
#1225=EDGE_LOOP('',(#396,#397,#398,#399));
#1226=EDGE_LOOP('',(#400,#401,#402,#403));
#1227=EDGE_LOOP('',(#404,#405,#406,#407));
#1228=EDGE_LOOP('',(#408,#409,#410,#411));
#1229=EDGE_LOOP('',(#412,#413,#414,#415));
#1230=EDGE_LOOP('',(#416,#417,#418,#419));
#1231=EDGE_LOOP('',(#420,#421,#422,#423));
#1232=EDGE_LOOP('',(#424,#425,#426,#427));
#1233=EDGE_LOOP('',(#428,#429,#430,#431));
#1234=EDGE_LOOP('',(#432,#433,#434,#435));
#1235=EDGE_LOOP('',(#436,#437,#438,#439));
#1236=EDGE_LOOP('',(#440,#441,#442,#443));
#1237=EDGE_LOOP('',(#444,#445,#446,#447));
#1238=EDGE_LOOP('',(#448,#449,#450,#451));
#1239=EDGE_LOOP('',(#452,#453,#454,#455));
#1240=EDGE_LOOP('',(#456,#457,#458,#459));
#1241=EDGE_LOOP('',(#460,#461,#462,#463));
#1242=EDGE_LOOP('',(#464,#465,#466,#467));
#1243=EDGE_LOOP('',(#468,#469,#470,#471));
#1244=EDGE_LOOP('',(#472,#473,#474,#475));
#1245=EDGE_LOOP('',(#476,#477,#478,#479));
#1246=EDGE_LOOP('',(#480,#481,#482,#483));
#1247=EDGE_LOOP('',(#484,#485,#486,#487));
#1248=EDGE_LOOP('',(#488,#489,#490,#491));
#1249=EDGE_LOOP('',(#492,#493,#494,#495));
#1250=EDGE_LOOP('',(#496,#497,#498,#499));
#1251=EDGE_LOOP('',(#500,#501,#502,#503));
#1252=EDGE_LOOP('',(#504,#505,#506,#507));
#1253=EDGE_LOOP('',(#508,#509,#510,#511));
#1254=FACE_BOUND('',#1155,.T.);
#1255=FACE_BOUND('',#1156,.T.);
#1256=FACE_BOUND('',#1157,.T.);
#1257=FACE_BOUND('',#1158,.T.);
#1258=FACE_BOUND('',#1159,.T.);
#1259=FACE_BOUND('',#1160,.T.);
#1260=FACE_BOUND('',#1161,.T.);
#1261=FACE_BOUND('',#1162,.T.);
#1262=FACE_BOUND('',#1163,.T.);
#1263=FACE_BOUND('',#1164,.T.);
#1264=FACE_BOUND('',#1165,.T.);
#1265=FACE_BOUND('',#1166,.T.);
#1266=FACE_BOUND('',#1167,.T.);
#1267=FACE_BOUND('',#1168,.T.);
#1268=FACE_BOUND('',#1169,.T.);
#1269=FACE_BOUND('',#1170,.T.);
#1270=FACE_BOUND('',#1171,.T.);
#1271=FACE_BOUND('',#1172,.T.);
#1272=FACE_BOUND('',#1173,.T.);
#1273=FACE_BOUND('',#1174,.T.);
#1274=FACE_BOUND('',#1175,.T.);
#1275=FACE_BOUND('',#1176,.T.);
#1276=FACE_BOUND('',#1177,.T.);
#1277=FACE_BOUND('',#1178,.T.);
#1278=FACE_BOUND('',#1179,.T.);
#1279=FACE_BOUND('',#1180,.T.);
#1280=FACE_BOUND('',#1181,.T.);
#1281=FACE_BOUND('',#1182,.T.);
#1282=FACE_BOUND('',#1183,.T.);
#1283=FACE_BOUND('',#1184,.T.);
#1284=FACE_BOUND('',#1185,.T.);
#1285=FACE_BOUND('',#1186,.T.);
#1286=FACE_BOUND('',#1187,.T.);
#1287=FACE_BOUND('',#1188,.T.);
#1288=FACE_BOUND('',#1189,.T.);
#1289=FACE_BOUND('',#1190,.T.);
#1290=FACE_BOUND('',#1191,.T.);
#1291=FACE_BOUND('',#1192,.T.);
#1292=FACE_BOUND('',#1193,.T.);
#1293=FACE_BOUND('',#1194,.T.);
#1294=FACE_BOUND('',#1195,.T.);
#1295=FACE_BOUND('',#1196,.T.);
#1296=FACE_BOUND('',#1197,.T.);
#1297=FACE_BOUND('',#1198,.T.);
#1298=FACE_BOUND('',#1199,.T.);
#1299=FACE_BOUND('',#1200,.T.);
#1300=FACE_BOUND('',#1201,.T.);
#1301=FACE_BOUND('',#1202,.T.);
#1302=FACE_BOUND('',#1203,.T.);
#1303=FACE_BOUND('',#1204,.T.);
#1304=FACE_BOUND('',#1205,.T.);
#1305=FACE_BOUND('',#1206,.T.);
#1306=FACE_BOUND('',#1207,.T.);
#1307=FACE_BOUND('',#1208,.T.);
#1308=FACE_BOUND('',#1209,.T.);
#1309=FACE_BOUND('',#1210,.T.);
#1310=FACE_BOUND('',#1211,.T.);
#1311=FACE_BOUND('',#1212,.T.);
#1312=FACE_BOUND('',#1213,.T.);
#1313=FACE_BOUND('',#1214,.T.);
#1314=FACE_BOUND('',#1215,.T.);
#1315=FACE_BOUND('',#1216,.T.);
#1316=FACE_BOUND('',#1217,.T.);
#1317=FACE_BOUND('',#1218,.T.);
#1318=FACE_BOUND('',#1219,.T.);
#1319=FACE_BOUND('',#1220,.T.);
#1320=FACE_BOUND('',#1221,.T.);
#1321=FACE_BOUND('',#1222,.T.);
#1322=FACE_BOUND('',#1223,.T.);
#1323=FACE_BOUND('',#1224,.T.);
#1324=FACE_BOUND('',#1225,.T.);
#1325=FACE_BOUND('',#1226,.T.);
#1326=FACE_BOUND('',#1227,.T.);
#1327=FACE_BOUND('',#1228,.T.);
#1328=FACE_BOUND('',#1229,.T.);
#1329=FACE_BOUND('',#1230,.T.);
#1330=FACE_BOUND('',#1231,.T.);
#1331=FACE_BOUND('',#1232,.T.);
#1332=FACE_BOUND('',#1233,.T.);
#1333=FACE_BOUND('',#1234,.T.);
#1334=FACE_BOUND('',#1235,.T.);
#1335=FACE_BOUND('',#1236,.T.);
#1336=FACE_BOUND('',#1237,.T.);
#1337=FACE_BOUND('',#1238,.T.);
#1338=FACE_BOUND('',#1239,.T.);
#1339=FACE_BOUND('',#1240,.T.);
#1340=FACE_BOUND('',#1241,.T.);
#1341=FACE_BOUND('',#1242,.T.);
#1342=FACE_BOUND('',#1243,.T.);
#1343=FACE_BOUND('',#1244,.T.);
#1344=FACE_BOUND('',#1245,.T.);
#1345=FACE_BOUND('',#1246,.T.);
#1346=FACE_BOUND('',#1247,.T.);
#1347=FACE_BOUND('',#1248,.T.);
#1348=FACE_BOUND('',#1249,.T.);
#1349=FACE_BOUND('',#1250,.T.);
#1350=FACE_BOUND('',#1251,.T.);
#1351=FACE_BOUND('',#1252,.T.);
#1352=FACE_BOUND('',#1253,.T.);
#1353=PLANE('',#1505);
#1354=PLANE('',#1506);
#1355=PLANE('',#1523);
#1356=PLANE('',#1524);
#1357=PLANE('',#1525);
#1358=PLANE('',#1526);
#1359=PLANE('',#1527);
#1360=PLANE('',#1528);
#1361=PLANE('',#1529);
#1362=PLANE('',#1530);
#1363=PLANE('',#1531);
#1364=PLANE('',#1532);
#1365=PLANE('',#1533);
#1366=PLANE('',#1534);
#1367=PLANE('',#1535);
#1368=PLANE('',#1536);
#1369=PLANE('',#1537);
#1370=PLANE('',#1544);
#1371=PLANE('',#1547);
#1372=PLANE('',#1559);
#1373=PLANE('',#1560);
#1374=PLANE('',#1561);
#1375=PLANE('',#1562);
#1376=PLANE('',#1563);
#1377=PLANE('',#1590);
#1378=PLANE('',#1592);
#1379=PLANE('',#1594);
#1380=PLANE('',#1596);
#1381=PLANE('',#1597);
#1382=PLANE('',#1599);
#1383=PLANE('',#1601);
#1384=PLANE('',#1602);
#1385=PLANE('',#1604);
#1386=PLANE('',#1606);
#1387=PLANE('',#1607);
#1388=PLANE('',#1609);
#1389=PLANE('',#1610);
#1390=PLANE('',#1612);
#1391=PLANE('',#1614);
#1392=PLANE('',#1615);
#1393=PLANE('',#1617);
#1394=PLANE('',#1618);
#1395=PLANE('',#1620);
#1396=PLANE('',#1622);
#1397=PLANE('',#1623);
#1398=PLANE('',#1625);
#1399=PLANE('',#1626);
#1400=PLANE('',#1628);
#1401=PLANE('',#1630);
#1402=PLANE('',#1631);
#1403=PLANE('',#1633);
#1404=PLANE('',#1636);
#1405=PLANE('',#1639);
#1406=ADVANCED_FACE('',(#1254),#1353,.T.);
#1407=ADVANCED_FACE('',(#1255,#1256,#1257,#1258,#1259,#1260),#1354,.T.);
#1408=ADVANCED_FACE('',(#1261),#1355,.F.);
#1409=ADVANCED_FACE('',(#1262),#1356,.T.);
#1410=ADVANCED_FACE('',(#1263),#1357,.T.);
#1411=ADVANCED_FACE('',(#1264),#1358,.T.);
#1412=ADVANCED_FACE('',(#1265),#1359,.F.);
#1413=ADVANCED_FACE('',(#1266),#1360,.F.);
#1414=ADVANCED_FACE('',(#1267),#1361,.T.);
#1415=ADVANCED_FACE('',(#1268),#1362,.T.);
#1416=ADVANCED_FACE('',(#1269),#1363,.T.);
#1417=ADVANCED_FACE('',(#1270),#1364,.F.);
#1418=ADVANCED_FACE('',(#1271),#1365,.T.);
#1419=ADVANCED_FACE('',(#1272),#1366,.F.);
#1420=ADVANCED_FACE('',(#1273),#1367,.F.);
#1421=ADVANCED_FACE('',(#1274),#1368,.T.);
#1422=ADVANCED_FACE('',(#1275),#1369,.T.);
#1423=ADVANCED_FACE('',(#1276,#1277),#32,.F.);
#1424=ADVANCED_FACE('',(#1278,#1279),#33,.F.);
#1425=ADVANCED_FACE('',(#1280,#1281),#34,.F.);
#1426=ADVANCED_FACE('',(#1282),#1370,.T.);
#1427=ADVANCED_FACE('',(#1283,#1284),#35,.F.);
#1428=ADVANCED_FACE('',(#1285,#1286,#1287,#1288,#1289),#1371,.F.);
#1429=ADVANCED_FACE('',(#1290),#1372,.T.);
#1430=ADVANCED_FACE('',(#1291),#1373,.F.);
#1431=ADVANCED_FACE('',(#1292),#1374,.F.);
#1432=ADVANCED_FACE('',(#1293),#1375,.T.);
#1433=ADVANCED_FACE('',(#1294),#1376,.T.);
#1434=ADVANCED_FACE('',(#1295),#36,.T.);
#1435=ADVANCED_FACE('',(#1296),#37,.T.);
#1436=ADVANCED_FACE('',(#1297),#38,.T.);
#1437=ADVANCED_FACE('',(#1298),#39,.T.);
#1438=ADVANCED_FACE('',(#1299),#40,.T.);
#1439=ADVANCED_FACE('',(#1300),#41,.T.);
#1440=ADVANCED_FACE('',(#1301),#42,.T.);
#1441=ADVANCED_FACE('',(#1302),#43,.T.);
#1442=ADVANCED_FACE('',(#1303),#44,.T.);
#1443=ADVANCED_FACE('',(#1304),#45,.T.);
#1444=ADVANCED_FACE('',(#1305),#1377,.F.);
#1445=ADVANCED_FACE('',(#1306),#31,.T.);
#1446=ADVANCED_FACE('',(#1307),#1378,.T.);
#1447=ADVANCED_FACE('',(#1308),#12,.T.);
#1448=ADVANCED_FACE('',(#1309),#1379,.T.);
#1449=ADVANCED_FACE('',(#1310),#13,.T.);
#1450=ADVANCED_FACE('',(#1311),#1380,.F.);
#1451=ADVANCED_FACE('',(#1312),#1381,.F.);
#1452=ADVANCED_FACE('',(#1313),#14,.T.);
#1453=ADVANCED_FACE('',(#1314),#1382,.F.);
#1454=ADVANCED_FACE('',(#1315),#15,.T.);
#1455=ADVANCED_FACE('',(#1316),#1383,.F.);
#1456=ADVANCED_FACE('',(#1317),#1384,.F.);
#1457=ADVANCED_FACE('',(#1318),#16,.T.);
#1458=ADVANCED_FACE('',(#1319),#1385,.F.);
#1459=ADVANCED_FACE('',(#1320),#17,.T.);
#1460=ADVANCED_FACE('',(#1321),#1386,.F.);
#1461=ADVANCED_FACE('',(#1322),#1387,.T.);
#1462=ADVANCED_FACE('',(#1323),#18,.T.);
#1463=ADVANCED_FACE('',(#1324),#1388,.T.);
#1464=ADVANCED_FACE('',(#1325),#1389,.T.);
#1465=ADVANCED_FACE('',(#1326),#19,.T.);
#1466=ADVANCED_FACE('',(#1327),#1390,.F.);
#1467=ADVANCED_FACE('',(#1328),#20,.T.);
#1468=ADVANCED_FACE('',(#1329),#1391,.F.);
#1469=ADVANCED_FACE('',(#1330),#1392,.T.);
#1470=ADVANCED_FACE('',(#1331),#21,.T.);
#1471=ADVANCED_FACE('',(#1332),#1393,.F.);
#1472=ADVANCED_FACE('',(#1333),#1394,.T.);
#1473=ADVANCED_FACE('',(#1334),#22,.T.);
#1474=ADVANCED_FACE('',(#1335),#1395,.T.);
#1475=ADVANCED_FACE('',(#1336),#23,.T.);
#1476=ADVANCED_FACE('',(#1337),#1396,.T.);
#1477=ADVANCED_FACE('',(#1338),#1397,.F.);
#1478=ADVANCED_FACE('',(#1339),#24,.T.);
#1479=ADVANCED_FACE('',(#1340),#1398,.F.);
#1480=ADVANCED_FACE('',(#1341),#1399,.T.);
#1481=ADVANCED_FACE('',(#1342),#25,.T.);
#1482=ADVANCED_FACE('',(#1343),#1400,.T.);
#1483=ADVANCED_FACE('',(#1344),#26,.T.);
#1484=ADVANCED_FACE('',(#1345),#1401,.T.);
#1485=ADVANCED_FACE('',(#1346),#1402,.F.);
#1486=ADVANCED_FACE('',(#1347),#27,.T.);
#1487=ADVANCED_FACE('',(#1348),#1403,.T.);
#1488=ADVANCED_FACE('',(#1349),#46,.F.);
#1489=ADVANCED_FACE('',(#1350),#1404,.F.);
#1490=ADVANCED_FACE('',(#1351),#47,.F.);
#1491=ADVANCED_FACE('',(#1352),#1405,.T.);
#1492=CLOSED_SHELL('',(#1406,#1407,#1408,#1409,#1410,#1411,#1412,#1413,
#1414,#1415,#1416,#1417,#1418,#1419,#1420,#1421,#1422,#1423,#1424,#1425,
#1426,#1427,#1428,#1429,#1430,#1431,#1432,#1433,#1434,#1435,#1436,#1437,
#1438,#1439,#1440,#1441,#1442,#1443,#1444,#1445,#1446,#1447,#1448,#1449,
#1450,#1451,#1452,#1453,#1454,#1455,#1456,#1457,#1458,#1459,#1460,#1461,
#1462,#1463,#1464,#1465,#1466,#1467,#1468,#1469,#1470,#1471,#1472,#1473,
#1474,#1475,#1476,#1477,#1478,#1479,#1480,#1481,#1482,#1483,#1484,#1485,
#1486,#1487,#1488,#1489,#1490,#1491));
#1493=STYLED_ITEM('',(#1494),#1501);
#1494=PRESENTATION_STYLE_ASSIGNMENT((#1495));
#1495=SURFACE_STYLE_USAGE(.BOTH.,#1496);
#1496=SURFACE_SIDE_STYLE('',(#1497));
#1497=SURFACE_STYLE_FILL_AREA(#1498);
#1498=FILL_AREA_STYLE('',(#1499));
#1499=FILL_AREA_STYLE_COLOUR('',#1500);
#1500=COLOUR_RGB('',0.909803921568627,0.572549019607843,0.164705882352941);
#1501=MANIFOLD_SOLID_BREP('bottom',#1492);
#1502=SHAPE_DEFINITION_REPRESENTATION(#2516,#1503);
#1503=SHAPE_REPRESENTATION('bottom',(#1504),#2511);
#1504=AXIS2_PLACEMENT_3D('',#2066,#1640,#1641);
#1505=AXIS2_PLACEMENT_3D('',#2067,#1642,#1643);
#1506=AXIS2_PLACEMENT_3D('',#2076,#1648,#1649);
#1507=AXIS2_PLACEMENT_3D('',#2084,#1653,#1654);
#1508=AXIS2_PLACEMENT_3D('',#2087,#1656,#1657);
#1509=AXIS2_PLACEMENT_3D('',#2093,#1660,#1661);
#1510=AXIS2_PLACEMENT_3D('',#2097,#1663,#1664);
#1511=AXIS2_PLACEMENT_3D('',#2103,#1667,#1668);
#1512=AXIS2_PLACEMENT_3D('',#2109,#1671,#1672);
#1513=AXIS2_PLACEMENT_3D('',#2113,#1674,#1675);
#1514=AXIS2_PLACEMENT_3D('',#2119,#1678,#1679);
#1515=AXIS2_PLACEMENT_3D('',#2125,#1682,#1683);
#1516=AXIS2_PLACEMENT_3D('',#2129,#1685,#1686);
#1517=AXIS2_PLACEMENT_3D('',#2135,#1689,#1690);
#1518=AXIS2_PLACEMENT_3D('',#2139,#1692,#1693);
#1519=AXIS2_PLACEMENT_3D('',#2148,#1698,#1699);
#1520=AXIS2_PLACEMENT_3D('',#2150,#1700,#1701);
#1521=AXIS2_PLACEMENT_3D('',#2152,#1702,#1703);
#1522=AXIS2_PLACEMENT_3D('',#2154,#1704,#1705);
#1523=AXIS2_PLACEMENT_3D('',#2156,#1706,#1707);
#1524=AXIS2_PLACEMENT_3D('',#2164,#1712,#1713);
#1525=AXIS2_PLACEMENT_3D('',#2170,#1717,#1718);
#1526=AXIS2_PLACEMENT_3D('',#2179,#1723,#1724);
#1527=AXIS2_PLACEMENT_3D('',#2188,#1729,#1730);
#1528=AXIS2_PLACEMENT_3D('',#2193,#1734,#1735);
#1529=AXIS2_PLACEMENT_3D('',#2201,#1740,#1741);
#1530=AXIS2_PLACEMENT_3D('',#2207,#1745,#1746);
#1531=AXIS2_PLACEMENT_3D('',#2216,#1751,#1752);
#1532=AXIS2_PLACEMENT_3D('',#2225,#1757,#1758);
#1533=AXIS2_PLACEMENT_3D('',#2230,#1762,#1763);
#1534=AXIS2_PLACEMENT_3D('',#2238,#1768,#1769);
#1535=AXIS2_PLACEMENT_3D('',#2244,#1773,#1774);
#1536=AXIS2_PLACEMENT_3D('',#2253,#1779,#1780);
#1537=AXIS2_PLACEMENT_3D('',#2262,#1785,#1786);
#1538=AXIS2_PLACEMENT_3D('',#2267,#1790,#1791);
#1539=AXIS2_PLACEMENT_3D('',#2268,#1792,#1793);
#1540=AXIS2_PLACEMENT_3D('',#2270,#1794,#1795);
#1541=AXIS2_PLACEMENT_3D('',#2271,#1796,#1797);
#1542=AXIS2_PLACEMENT_3D('',#2273,#1798,#1799);
#1543=AXIS2_PLACEMENT_3D('',#2274,#1800,#1801);
#1544=AXIS2_PLACEMENT_3D('',#2276,#1802,#1803);
#1545=AXIS2_PLACEMENT_3D('',#2282,#1807,#1808);
#1546=AXIS2_PLACEMENT_3D('',#2283,#1809,#1810);
#1547=AXIS2_PLACEMENT_3D('',#2285,#1811,#1812);
#1548=AXIS2_PLACEMENT_3D('',#2286,#1813,#1814);
#1549=AXIS2_PLACEMENT_3D('',#2293,#1817,#1818);
#1550=AXIS2_PLACEMENT_3D('',#2297,#1820,#1821);
#1551=AXIS2_PLACEMENT_3D('',#2303,#1824,#1825);
#1552=AXIS2_PLACEMENT_3D('',#2307,#1827,#1828);
#1553=AXIS2_PLACEMENT_3D('',#2313,#1831,#1832);
#1554=AXIS2_PLACEMENT_3D('',#2319,#1835,#1836);
#1555=AXIS2_PLACEMENT_3D('',#2323,#1838,#1839);
#1556=AXIS2_PLACEMENT_3D('',#2329,#1842,#1843);
#1557=AXIS2_PLACEMENT_3D('',#2335,#1846,#1847);
#1558=AXIS2_PLACEMENT_3D('',#2339,#1849,#1850);
#1559=AXIS2_PLACEMENT_3D('',#2344,#1853,#1854);
#1560=AXIS2_PLACEMENT_3D('',#2350,#1858,#1859);
#1561=AXIS2_PLACEMENT_3D('',#2354,#1862,#1863);
#1562=AXIS2_PLACEMENT_3D('',#2358,#1866,#1867);
#1563=AXIS2_PLACEMENT_3D('',#2360,#1869,#1870);
#1564=AXIS2_PLACEMENT_3D('',#2361,#1871,#1872);
#1565=AXIS2_PLACEMENT_3D('',#2362,#1873,#1874);
#1566=AXIS2_PLACEMENT_3D('',#2363,#1875,#1876);
#1567=AXIS2_PLACEMENT_3D('',#2364,#1877,#1878);
#1568=AXIS2_PLACEMENT_3D('',#2365,#1879,#1880);
#1569=AXIS2_PLACEMENT_3D('',#2366,#1881,#1882);
#1570=AXIS2_PLACEMENT_3D('',#2367,#1883,#1884);
#1571=AXIS2_PLACEMENT_3D('',#2368,#1885,#1886);
#1572=AXIS2_PLACEMENT_3D('',#2369,#1887,#1888);
#1573=AXIS2_PLACEMENT_3D('',#2370,#1889,#1890);
#1574=AXIS2_PLACEMENT_3D('',#2371,#1891,#1892);
#1575=AXIS2_PLACEMENT_3D('',#2372,#1893,#1894);
#1576=AXIS2_PLACEMENT_3D('',#2373,#1895,#1896);
#1577=AXIS2_PLACEMENT_3D('',#2374,#1897,#1898);
#1578=AXIS2_PLACEMENT_3D('',#2375,#1899,#1900);
#1579=AXIS2_PLACEMENT_3D('',#2376,#1901,#1902);
#1580=AXIS2_PLACEMENT_3D('',#2377,#1903,#1904);
#1581=AXIS2_PLACEMENT_3D('',#2378,#1905,#1906);
#1582=AXIS2_PLACEMENT_3D('',#2379,#1907,#1908);
#1583=AXIS2_PLACEMENT_3D('',#2380,#1909,#1910);
#1584=AXIS2_PLACEMENT_3D('',#2381,#1911,#1912);
#1585=AXIS2_PLACEMENT_3D('',#2382,#1913,#1914);
#1586=AXIS2_PLACEMENT_3D('',#2383,#1915,#1916);
#1587=AXIS2_PLACEMENT_3D('',#2384,#1917,#1918);
#1588=AXIS2_PLACEMENT_3D('',#2385,#1919,#1920);
#1589=AXIS2_PLACEMENT_3D('',#2386,#1921,#1922);
#1590=AXIS2_PLACEMENT_3D('',#2387,#1923,#1924);
#1591=AXIS2_PLACEMENT_3D('',#2413,#1927,#1928);
#1592=AXIS2_PLACEMENT_3D('',#2419,#1929,#1930);
#1593=AXIS2_PLACEMENT_3D('',#2421,#1932,#1933);
#1594=AXIS2_PLACEMENT_3D('',#2423,#1935,#1936);
#1595=AXIS2_PLACEMENT_3D('',#2425,#1938,#1939);
#1596=AXIS2_PLACEMENT_3D('',#2427,#1941,#1942);
#1597=AXIS2_PLACEMENT_3D('',#2428,#1943,#1944);
#1598=AXIS2_PLACEMENT_3D('',#2430,#1946,#1947);
#1599=AXIS2_PLACEMENT_3D('',#2432,#1949,#1950);
#1600=AXIS2_PLACEMENT_3D('',#2434,#1952,#1953);
#1601=AXIS2_PLACEMENT_3D('',#2436,#1955,#1956);
#1602=AXIS2_PLACEMENT_3D('',#2437,#1957,#1958);
#1603=AXIS2_PLACEMENT_3D('',#2439,#1960,#1961);
#1604=AXIS2_PLACEMENT_3D('',#2441,#1963,#1964);
#1605=AXIS2_PLACEMENT_3D('',#2443,#1966,#1967);
#1606=AXIS2_PLACEMENT_3D('',#2445,#1969,#1970);
#1607=AXIS2_PLACEMENT_3D('',#2446,#1971,#1972);
#1608=AXIS2_PLACEMENT_3D('',#2448,#1974,#1975);
#1609=AXIS2_PLACEMENT_3D('',#2450,#1977,#1978);
#1610=AXIS2_PLACEMENT_3D('',#2452,#1980,#1981);
#1611=AXIS2_PLACEMENT_3D('',#2454,#1983,#1984);
#1612=AXIS2_PLACEMENT_3D('',#2456,#1986,#1987);
#1613=AXIS2_PLACEMENT_3D('',#2458,#1989,#1990);
#1614=AXIS2_PLACEMENT_3D('',#2460,#1992,#1993);
#1615=AXIS2_PLACEMENT_3D('',#2462,#1995,#1996);
#1616=AXIS2_PLACEMENT_3D('',#2464,#1998,#1999);
#1617=AXIS2_PLACEMENT_3D('',#2466,#2001,#2002);
#1618=AXIS2_PLACEMENT_3D('',#2468,#2004,#2005);
#1619=AXIS2_PLACEMENT_3D('',#2470,#2007,#2008);
#1620=AXIS2_PLACEMENT_3D('',#2472,#2010,#2011);
#1621=AXIS2_PLACEMENT_3D('',#2474,#2013,#2014);
#1622=AXIS2_PLACEMENT_3D('',#2476,#2016,#2017);
#1623=AXIS2_PLACEMENT_3D('',#2478,#2019,#2020);
#1624=AXIS2_PLACEMENT_3D('',#2480,#2022,#2023);
#1625=AXIS2_PLACEMENT_3D('',#2482,#2025,#2026);
#1626=AXIS2_PLACEMENT_3D('',#2484,#2028,#2029);
#1627=AXIS2_PLACEMENT_3D('',#2486,#2031,#2032);
#1628=AXIS2_PLACEMENT_3D('',#2488,#2034,#2035);
#1629=AXIS2_PLACEMENT_3D('',#2490,#2037,#2038);
#1630=AXIS2_PLACEMENT_3D('',#2492,#2040,#2041);
#1631=AXIS2_PLACEMENT_3D('',#2494,#2043,#2044);
#1632=AXIS2_PLACEMENT_3D('',#2496,#2046,#2047);
#1633=AXIS2_PLACEMENT_3D('',#2498,#2049,#2050);
#1634=AXIS2_PLACEMENT_3D('',#2499,#2051,#2052);
#1635=AXIS2_PLACEMENT_3D('',#2502,#2054,#2055);
#1636=AXIS2_PLACEMENT_3D('',#2503,#2056,#2057);
#1637=AXIS2_PLACEMENT_3D('',#2507,#2060,#2061);
#1638=AXIS2_PLACEMENT_3D('',#2508,#2062,#2063);
#1639=AXIS2_PLACEMENT_3D('',#2509,#2064,#2065);
#1640=DIRECTION('',(0.,0.,1.));
#1641=DIRECTION('',(1.,0.,0.));
#1642=DIRECTION('',(-1.,3.39310215349987E-16,0.));
#1643=DIRECTION('',(-3.39310215349987E-16,-1.,0.));
#1644=DIRECTION('',(0.,0.,-1.));
#1645=DIRECTION('',(-3.39310215349987E-16,-1.,0.));
#1646=DIRECTION('',(0.,0.,1.));
#1647=DIRECTION('',(-3.39310215349987E-16,-1.,0.));
#1648=DIRECTION('',(0.,0.,1.));
#1649=DIRECTION('',(1.,0.,0.));
#1650=DIRECTION('',(-1.,3.39310215349987E-16,0.));
#1651=DIRECTION('',(-3.39310215349987E-16,-1.,0.));
#1652=DIRECTION('',(-1.,3.39310215349987E-16,0.));
#1653=DIRECTION('',(0.,0.,1.));
#1654=DIRECTION('',(-1.35758779481024E-15,1.,0.));
#1655=DIRECTION('',(1.,8.67361737988403E-16,0.));
#1656=DIRECTION('',(0.,0.,1.));
#1657=DIRECTION('',(1.,0.,0.));
#1658=DIRECTION('',(-1.,0.,0.));
#1659=DIRECTION('',(0.636382954795567,-0.771373278540075,0.));
#1660=DIRECTION('',(0.,0.,1.));
#1661=DIRECTION('',(1.,0.,0.));
#1662=DIRECTION('',(1.,0.,0.));
#1663=DIRECTION('',(0.,0.,1.));
#1664=DIRECTION('',(1.,0.,0.));
#1665=DIRECTION('',(0.707106781186547,0.707106781186548,0.));
#1666=DIRECTION('',(-1.,0.,0.));
#1667=DIRECTION('',(0.,0.,1.));
#1668=DIRECTION('',(1.,0.,0.));
#1669=DIRECTION('',(-5.11020930349864E-16,-1.,0.));
#1670=DIRECTION('',(0.866025403784439,-0.5,0.));
#1671=DIRECTION('',(0.,0.,1.));
#1672=DIRECTION('',(1.,0.,0.));
#1673=DIRECTION('',(-5.56343271438166E-16,1.,0.));
#1674=DIRECTION('',(0.,0.,1.));
#1675=DIRECTION('',(1.,0.,0.));
#1676=DIRECTION('',(-0.866025403784438,-0.5,0.));
#1677=DIRECTION('',(-5.11020930349863E-16,-1.,0.));
#1678=DIRECTION('',(0.,0.,1.));
#1679=DIRECTION('',(1.,0.,0.));
#1680=DIRECTION('',(-1.,0.,0.));
#1681=DIRECTION('',(-0.71245430886382,0.701718503234294,0.));
#1682=DIRECTION('',(0.,0.,1.));
#1683=DIRECTION('',(1.,0.,0.));
#1684=DIRECTION('',(-1.,0.,0.));
#1685=DIRECTION('',(0.,0.,1.));
#1686=DIRECTION('',(1.,0.,0.));
#1687=DIRECTION('',(-0.707106781186548,-0.707106781186547,0.));
#1688=DIRECTION('',(-1.,0.,0.));
#1689=DIRECTION('',(0.,0.,1.));
#1690=DIRECTION('',(1.,0.,0.));
#1691=DIRECTION('',(-3.39310215349987E-16,-1.,0.));
#1692=DIRECTION('',(0.,0.,1.));
#1693=DIRECTION('',(-1.35758779481024E-15,1.,0.));
#1694=DIRECTION('',(-1.,-1.21415466385078E-16,0.));
#1695=DIRECTION('',(0.,-1.,0.));
#1696=DIRECTION('',(-1.,0.,0.));
#1697=DIRECTION('',(0.,-1.,0.));
#1698=DIRECTION('',(0.,0.,1.));
#1699=DIRECTION('',(1.,0.,0.));
#1700=DIRECTION('',(0.,0.,1.));
#1701=DIRECTION('',(1.,0.,0.));
#1702=DIRECTION('',(0.,0.,1.));
#1703=DIRECTION('',(1.,0.,0.));
#1704=DIRECTION('',(0.,0.,1.));
#1705=DIRECTION('',(1.,0.,0.));
#1706=DIRECTION('',(0.,1.,0.));
#1707=DIRECTION('',(0.,0.,1.));
#1708=DIRECTION('',(0.,0.,1.));
#1709=DIRECTION('',(1.,0.,0.));
#1710=DIRECTION('',(0.,0.,1.));
#1711=DIRECTION('',(-0.791803428648776,0.,-0.610776006716081));
#1712=DIRECTION('',(-0.771373278540075,-0.636382954795567,0.));
#1713=DIRECTION('',(0.636382954795567,-0.771373278540075,0.));
#1714=DIRECTION('',(0.,0.,1.));
#1715=DIRECTION('',(-0.636382954795567,0.771373278540075,0.));
#1716=DIRECTION('',(0.636382954795567,-0.771373278540075,0.));
#1717=DIRECTION('',(0.,-1.,0.));
#1718=DIRECTION('',(0.,0.,-1.));
#1719=DIRECTION('',(0.,0.,1.));
#1720=DIRECTION('',(-1.,0.,0.));
#1721=DIRECTION('',(0.,0.,1.));
#1722=DIRECTION('',(1.,0.,0.));
#1723=DIRECTION('',(0.707106781186548,-0.707106781186547,0.));
#1724=DIRECTION('',(0.707106781186547,0.707106781186548,0.));
#1725=DIRECTION('',(0.,0.,1.));
#1726=DIRECTION('',(-0.707106781186547,-0.707106781186548,0.));
#1727=DIRECTION('',(0.,0.,1.));
#1728=DIRECTION('',(0.707106781186547,0.707106781186548,0.));
#1729=DIRECTION('',(0.,1.,0.));
#1730=DIRECTION('',(0.,0.,1.));
#1731=DIRECTION('',(1.,0.,0.));
#1732=DIRECTION('',(0.,0.,1.));
#1733=DIRECTION('',(-0.816496580927727,0.,0.577350269189625));
#1734=DIRECTION('',(-1.,5.11020930349864E-16,0.));
#1735=DIRECTION('',(-5.11020930349864E-16,-1.,0.));
#1736=DIRECTION('',(0.,0.,1.));
#1737=DIRECTION('',(5.11020930349864E-16,1.,0.));
#1738=DIRECTION('',(0.,0.,1.));
#1739=DIRECTION('',(-4.07276756294001E-16,-0.755928946018454,-0.654653670707978));
#1740=DIRECTION('',(-0.5,-0.866025403784439,0.));
#1741=DIRECTION('',(0.866025403784439,-0.5,0.));
#1742=DIRECTION('',(0.,0.,1.));
#1743=DIRECTION('',(-0.866025403784439,0.5,0.));
#1744=DIRECTION('',(0.866025403784439,-0.5,0.));
#1745=DIRECTION('',(1.,5.56343271438166E-16,0.));
#1746=DIRECTION('',(-5.56343271438166E-16,1.,0.));
#1747=DIRECTION('',(0.,0.,1.));
#1748=DIRECTION('',(5.56343271438166E-16,-1.,0.));
#1749=DIRECTION('',(0.,0.,1.));
#1750=DIRECTION('',(-5.56343271438166E-16,1.,0.));
#1751=DIRECTION('',(-0.5,0.866025403784439,0.));
#1752=DIRECTION('',(-0.866025403784439,-0.5,0.));
#1753=DIRECTION('',(0.,0.,1.));
#1754=DIRECTION('',(0.866025403784439,0.5,0.));
#1755=DIRECTION('',(0.,0.,1.));
#1756=DIRECTION('',(-0.866025403784439,-0.5,0.));
#1757=DIRECTION('',(-1.,5.11020930349863E-16,0.));
#1758=DIRECTION('',(-5.11020930349863E-16,-1.,0.));
#1759=DIRECTION('',(5.11020930349863E-16,1.,0.));
#1760=DIRECTION('',(0.,0.,1.));
#1761=DIRECTION('',(-4.07276756294E-16,-0.755928946018455,0.654653670707977));
#1762=DIRECTION('',(0.,1.,0.));
#1763=DIRECTION('',(0.,0.,1.));
#1764=DIRECTION('',(0.,0.,1.));
#1765=DIRECTION('',(-1.,0.,0.));
#1766=DIRECTION('',(0.,0.,1.));
#1767=DIRECTION('',(-0.818570503197626,0.,0.574406068295579));
#1768=DIRECTION('',(-0.701718503234293,-0.71245430886382,0.));
#1769=DIRECTION('',(0.71245430886382,-0.701718503234294,0.));
#1770=DIRECTION('',(0.,0.,1.));
#1771=DIRECTION('',(0.71245430886382,-0.701718503234294,0.));
#1772=DIRECTION('',(-0.71245430886382,0.701718503234294,0.));
#1773=DIRECTION('',(0.,-1.,0.));
#1774=DIRECTION('',(0.,0.,-1.));
#1775=DIRECTION('',(0.,0.,1.));
#1776=DIRECTION('',(1.,0.,0.));
#1777=DIRECTION('',(0.,0.,1.));
#1778=DIRECTION('',(-1.,0.,0.));
#1779=DIRECTION('',(-0.707106781186547,0.707106781186548,0.));
#1780=DIRECTION('',(-0.707106781186548,-0.707106781186547,0.));
#1781=DIRECTION('',(0.,0.,1.));
#1782=DIRECTION('',(0.707106781186548,0.707106781186547,0.));
#1783=DIRECTION('',(0.,0.,1.));
#1784=DIRECTION('',(-0.707106781186548,-0.707106781186547,0.));
#1785=DIRECTION('',(0.,1.,0.));
#1786=DIRECTION('',(0.,0.,1.));
#1787=DIRECTION('',(-1.,0.,0.));
#1788=DIRECTION('',(0.,0.,1.));
#1789=DIRECTION('',(0.816496580927729,0.,0.577350269189622));
#1790=DIRECTION('',(0.,0.,1.));
#1791=DIRECTION('',(1.,0.,0.));
#1792=DIRECTION('',(0.,0.,1.));
#1793=DIRECTION('',(1.,0.,0.));
#1794=DIRECTION('',(0.,0.,1.));
#1795=DIRECTION('',(1.,0.,0.));
#1796=DIRECTION('',(0.,0.,1.));
#1797=DIRECTION('',(1.,0.,0.));
#1798=DIRECTION('',(0.,0.,1.));
#1799=DIRECTION('',(1.,0.,0.));
#1800=DIRECTION('',(0.,0.,1.));
#1801=DIRECTION('',(1.,0.,0.));
#1802=DIRECTION('',(-1.,3.39310215349987E-16,0.));
#1803=DIRECTION('',(-3.39310215349987E-16,-1.,0.));
#1804=DIRECTION('',(0.,0.,1.));
#1805=DIRECTION('',(-3.39310215349987E-16,-1.,0.));
#1806=DIRECTION('',(0.,0.,-1.));
#1807=DIRECTION('',(0.,0.,1.));
#1808=DIRECTION('',(1.,0.,0.));
#1809=DIRECTION('',(0.,0.,1.));
#1810=DIRECTION('',(1.,0.,0.));
#1811=DIRECTION('',(0.,0.,1.));
#1812=DIRECTION('',(1.,0.,0.));
#1813=DIRECTION('',(0.,0.,1.));
#1814=DIRECTION('',(1.,0.,0.));
#1815=DIRECTION('',(3.39310215349987E-16,1.,0.));
#1816=DIRECTION('',(-1.,-8.67361737988403E-16,0.));
#1817=DIRECTION('',(0.,0.,1.));
#1818=DIRECTION('',(-1.35758779481024E-15,1.,0.));
#1819=DIRECTION('',(3.39310215349987E-16,1.,0.));
#1820=DIRECTION('',(0.,0.,1.));
#1821=DIRECTION('',(1.,0.,0.));
#1822=DIRECTION('',(1.,0.,0.));
#1823=DIRECTION('',(0.707106781186548,0.707106781186547,0.));
#1824=DIRECTION('',(0.,0.,1.));
#1825=DIRECTION('',(1.,0.,0.));
#1826=DIRECTION('',(1.,0.,0.));
#1827=DIRECTION('',(0.,0.,1.));
#1828=DIRECTION('',(1.,0.,0.));
#1829=DIRECTION('',(0.71245430886382,-0.701718503234294,0.));
#1830=DIRECTION('',(1.,0.,0.));
#1831=DIRECTION('',(0.,0.,1.));
#1832=DIRECTION('',(1.,0.,0.));
#1833=DIRECTION('',(-5.11020930349863E-16,-1.,0.));
#1834=DIRECTION('',(0.866025403784438,0.5,0.));
#1835=DIRECTION('',(0.,0.,1.));
#1836=DIRECTION('',(1.,0.,0.));
#1837=DIRECTION('',(5.56343271438166E-16,-1.,0.));
#1838=DIRECTION('',(0.,0.,1.));
#1839=DIRECTION('',(1.,0.,0.));
#1840=DIRECTION('',(-0.866025403784439,0.5,0.));
#1841=DIRECTION('',(-5.11020930349864E-16,-1.,0.));
#1842=DIRECTION('',(0.,0.,1.));
#1843=DIRECTION('',(1.,0.,0.));
#1844=DIRECTION('',(-1.,0.,0.));
#1845=DIRECTION('',(-0.707106781186547,-0.707106781186548,0.));
#1846=DIRECTION('',(0.,0.,1.));
#1847=DIRECTION('',(1.,0.,0.));
#1848=DIRECTION('',(-1.,0.,0.));
#1849=DIRECTION('',(0.,0.,1.));
#1850=DIRECTION('',(1.,0.,0.));
#1851=DIRECTION('',(-0.636382954795567,0.771373278540075,0.));
#1852=DIRECTION('',(-1.,0.,0.));
#1853=DIRECTION('',(1.21415466385078E-16,-1.,0.));
#1854=DIRECTION('',(1.,1.21415466385078E-16,0.));
#1855=DIRECTION('',(-1.,-1.21415466385078E-16,0.));
#1856=DIRECTION('',(0.,0.,-1.));
#1857=DIRECTION('',(0.,0.,-1.));
#1858=DIRECTION('',(1.,0.,0.));
#1859=DIRECTION('',(0.,0.,-1.));
#1860=DIRECTION('',(0.,-1.,0.));
#1861=DIRECTION('',(0.,0.,-1.));
#1862=DIRECTION('',(0.,-1.,0.));
#1863=DIRECTION('',(0.,0.,-1.));
#1864=DIRECTION('',(-1.,0.,0.));
#1865=DIRECTION('',(0.,0.,-1.));
#1866=DIRECTION('',(1.,0.,0.));
#1867=DIRECTION('',(0.,0.,-1.));
#1868=DIRECTION('',(0.,-1.,0.));
#1869=DIRECTION('',(0.,0.,1.));
#1870=DIRECTION('',(1.,0.,0.));
#1871=DIRECTION('',(0.,0.,1.));
#1872=DIRECTION('',(1.,0.,0.));
#1873=DIRECTION('',(0.,0.,1.));
#1874=DIRECTION('',(1.,0.,0.));
#1875=DIRECTION('',(0.,0.,1.));
#1876=DIRECTION('',(1.,0.,0.));
#1877=DIRECTION('',(0.,0.,-1.));
#1878=DIRECTION('',(-1.,0.,0.));
#1879=DIRECTION('',(0.,0.,1.));
#1880=DIRECTION('',(1.,0.,0.));
#1881=DIRECTION('',(0.,0.,1.));
#1882=DIRECTION('',(1.,0.,0.));
#1883=DIRECTION('',(0.,0.,1.));
#1884=DIRECTION('',(1.,0.,0.));
#1885=DIRECTION('',(0.,0.,1.));
#1886=DIRECTION('',(1.,0.,0.));
#1887=DIRECTION('',(0.,0.,1.));
#1888=DIRECTION('',(1.,0.,0.));
#1889=DIRECTION('',(0.,0.,1.));
#1890=DIRECTION('',(1.,0.,0.));
#1891=DIRECTION('',(0.,0.,1.));
#1892=DIRECTION('',(1.,0.,0.));
#1893=DIRECTION('',(0.,0.,1.));
#1894=DIRECTION('',(1.,0.,0.));
#1895=DIRECTION('',(0.,0.,1.));
#1896=DIRECTION('',(1.,0.,0.));
#1897=DIRECTION('',(0.,0.,1.));
#1898=DIRECTION('',(1.,0.,0.));
#1899=DIRECTION('',(0.,0.,1.));
#1900=DIRECTION('',(1.,0.,0.));
#1901=DIRECTION('',(0.,0.,1.));
#1902=DIRECTION('',(1.,0.,0.));
#1903=DIRECTION('',(0.,0.,1.));
#1904=DIRECTION('',(1.,0.,0.));
#1905=DIRECTION('',(0.,0.,1.));
#1906=DIRECTION('',(1.,0.,0.));
#1907=DIRECTION('',(0.,0.,-1.));
#1908=DIRECTION('',(-1.,0.,0.));
#1909=DIRECTION('',(0.,0.,1.));
#1910=DIRECTION('',(1.,0.,0.));
#1911=DIRECTION('',(0.,0.,1.));
#1912=DIRECTION('',(1.,0.,0.));
#1913=DIRECTION('',(0.,0.,1.));
#1914=DIRECTION('',(1.,0.,0.));
#1915=DIRECTION('',(0.,0.,1.));
#1916=DIRECTION('',(1.,0.,0.));
#1917=DIRECTION('',(0.,0.,1.));
#1918=DIRECTION('',(1.,0.,0.));
#1919=DIRECTION('',(0.,0.,-1.));
#1920=DIRECTION('',(-1.,0.,0.));
#1921=DIRECTION('',(0.,0.,1.));
#1922=DIRECTION('',(1.,0.,0.));
#1923=DIRECTION('',(8.67361737988403E-16,-1.,0.));
#1924=DIRECTION('',(1.,8.67361737988403E-16,0.));
#1925=DIRECTION('',(0.,0.,-1.));
#1926=DIRECTION('',(-0.707106781186548,-6.13317366673349E-16,0.707106781186547));
#1927=DIRECTION('',(0.,0.,1.));
#1928=DIRECTION('',(-1.35758779481024E-15,1.,0.));
#1929=DIRECTION('',(0.496189912121043,0.503781273083181,0.707106781186549));
#1930=DIRECTION('',(-0.71245430886382,0.701718503234294,0.));
#1931=DIRECTION('',(0.496189912121042,0.503781273083182,-0.707106781186548));
#1932=DIRECTION('',(0.,0.,-1.));
#1933=DIRECTION('',(-1.,0.,0.));
#1934=DIRECTION('',(0.,0.707106781186549,-0.707106781186546));
#1935=DIRECTION('',(0.,0.707106781186547,0.707106781186548));
#1936=DIRECTION('',(-1.,0.,0.));
#1937=DIRECTION('',(0.,0.707106781186548,-0.707106781186547));
#1938=DIRECTION('',(0.,0.,-1.));
#1939=DIRECTION('',(-1.,0.,0.));
#1940=DIRECTION('',(-0.5,0.5,-0.707106781186547));
#1941=DIRECTION('',(0.5,-0.5,-0.70710678118655));
#1942=DIRECTION('',(-0.707106781186548,-0.707106781186547,0.));
#1943=DIRECTION('',(0.545443276081788,0.449990702767478,-0.707106781186546));
#1944=DIRECTION('',(0.636382954795567,-0.771373278540075,0.));
#1945=DIRECTION('',(-0.545443276081786,-0.449990702767476,-0.707106781186549));
#1946=DIRECTION('',(0.,0.,-1.));
#1947=DIRECTION('',(-1.,0.,0.));
#1948=DIRECTION('',(0.,-0.707106781186546,-0.707106781186549));
#1949=DIRECTION('',(0.,0.707106781186547,-0.707106781186548));
#1950=DIRECTION('',(1.,0.,0.));
#1951=DIRECTION('',(0.,-0.707106781186548,-0.707106781186547));
#1952=DIRECTION('',(0.,0.,-1.));
#1953=DIRECTION('',(-1.,0.,0.));
#1954=DIRECTION('',(0.5,-0.5,-0.707106781186549));
#1955=DIRECTION('',(-0.5,0.5,-0.707106781186549));
#1956=DIRECTION('',(0.707106781186547,0.707106781186548,0.));
#1957=DIRECTION('',(0.353553390593274,0.612372435695795,-0.707106781186547));
#1958=DIRECTION('',(0.866025403784439,-0.5,0.));
#1959=DIRECTION('',(-0.353553390593273,-0.612372435695795,-0.707106781186548));
#1960=DIRECTION('',(0.,0.,-1.));
#1961=DIRECTION('',(-1.,0.,0.));
#1962=DIRECTION('',(0.707106781186548,0.,-0.707106781186547));
#1963=DIRECTION('',(-0.707106781186547,-3.93394099901435E-16,-0.707106781186548));
#1964=DIRECTION('',(-5.56343271438166E-16,1.,0.));
#1965=DIRECTION('',(0.707106781186548,0.,-0.707106781186547));
#1966=DIRECTION('',(0.,0.,-1.));
#1967=DIRECTION('',(-1.,0.,0.));
#1968=DIRECTION('',(-0.353553390593274,0.612372435695794,-0.707106781186548));
#1969=DIRECTION('',(0.353553390593274,-0.612372435695794,-0.707106781186548));
#1970=DIRECTION('',(-0.866025403784439,-0.5,0.));
#1971=DIRECTION('',(-0.707106781186547,2.39928554199843E-16,-0.707106781186548));
#1972=DIRECTION('',(3.39310215349987E-16,1.,0.));
#1973=DIRECTION('',(-0.707106781186548,0.,0.707106781186547));
#1974=DIRECTION('',(0.,0.,1.));
#1975=DIRECTION('',(1.,0.,0.));
#1976=DIRECTION('',(0.,0.707106781186548,0.707106781186547));
#1977=DIRECTION('',(0.,0.707106781186547,-0.707106781186548));
#1978=DIRECTION('',(1.,0.,0.));
#1979=DIRECTION('',(0.281084637714827,-0.678598344545846,-0.678598344545845));
#1980=DIRECTION('',(-0.5,0.5,-0.707106781186551));
#1981=DIRECTION('',(0.707106781186548,0.707106781186547,0.));
#1982=DIRECTION('',(-0.5,0.5,0.707106781186545));
#1983=DIRECTION('',(0.,0.,1.));
#1984=DIRECTION('',(1.,0.,0.));
#1985=DIRECTION('',(0.,0.70710678118655,0.707106781186546));
#1986=DIRECTION('',(0.,-0.707106781186547,0.707106781186548));
#1987=DIRECTION('',(1.,0.,0.));
#1988=DIRECTION('',(0.,0.707106781186548,0.707106781186547));
#1989=DIRECTION('',(0.,0.,1.));
#1990=DIRECTION('',(1.,0.,0.));
#1991=DIRECTION('',(0.496189912121043,0.50378127308318,0.707106781186549));
#1992=DIRECTION('',(-0.496189912121043,-0.503781273083181,0.707106781186549));
#1993=DIRECTION('',(0.71245430886382,-0.701718503234294,0.));
#1994=DIRECTION('',(0.278306194824239,0.67917069353825,0.679170693538249));
#1995=DIRECTION('',(0.,0.707106781186547,-0.707106781186548));
#1996=DIRECTION('',(1.,0.,0.));
#1997=DIRECTION('',(0.,0.707106781186548,0.707106781186547));
#1998=DIRECTION('',(0.,0.,1.));
#1999=DIRECTION('',(1.,0.,0.));
#2000=DIRECTION('',(0.707106781186548,0.,0.707106781186547));
#2001=DIRECTION('',(-0.707106781186547,3.61346365178646E-16,0.707106781186548));
#2002=DIRECTION('',(-5.11020930349863E-16,-1.,0.));
#2003=DIRECTION('',(0.447213595499958,0.774596669241484,0.447213595499957));
#2004=DIRECTION('',(-0.353553390593274,0.612372435695794,-0.707106781186548));
#2005=DIRECTION('',(0.866025403784439,0.5,0.));
#2006=DIRECTION('',(-0.353553390593274,0.612372435695794,0.707106781186548));
#2007=DIRECTION('',(0.,0.,1.));
#2008=DIRECTION('',(1.,0.,0.));
#2009=DIRECTION('',(0.707106781186548,0.,0.707106781186547));
#2010=DIRECTION('',(0.707106781186547,3.93394099901435E-16,-0.707106781186548));
#2011=DIRECTION('',(5.56343271438166E-16,-1.,0.));
#2012=DIRECTION('',(0.707106781186548,0.,0.707106781186547));
#2013=DIRECTION('',(0.,0.,1.));
#2014=DIRECTION('',(1.,0.,0.));
#2015=DIRECTION('',(-0.353553390593274,-0.612372435695794,0.707106781186548));
#2016=DIRECTION('',(-0.353553390593274,-0.612372435695795,-0.707106781186547));
#2017=DIRECTION('',(-0.866025403784439,0.5,0.));
#2018=DIRECTION('',(0.447213595499959,-0.774596669241483,0.447213595499959));
#2019=DIRECTION('',(-0.707106781186547,3.61346365178647E-16,0.707106781186548));
#2020=DIRECTION('',(-5.11020930349864E-16,-1.,0.));
#2021=DIRECTION('',(0.707106781186548,0.,0.707106781186547));
#2022=DIRECTION('',(0.,0.,1.));
#2023=DIRECTION('',(1.,0.,0.));
#2024=DIRECTION('',(0.,-0.707106781186548,0.707106781186547));
#2025=DIRECTION('',(0.,0.707106781186547,0.707106781186548));
#2026=DIRECTION('',(-1.,0.,0.));
#2027=DIRECTION('',(0.281084637714823,-0.678598344545847,0.678598344545846));
#2028=DIRECTION('',(0.5,-0.5,-0.707106781186549));
#2029=DIRECTION('',(-0.707106781186547,-0.707106781186548,0.));
#2030=DIRECTION('',(0.5,-0.5,0.707106781186546));
#2031=DIRECTION('',(0.,0.,1.));
#2032=DIRECTION('',(1.,0.,0.));
#2033=DIRECTION('',(0.,-0.70710678118655,0.707106781186546));
#2034=DIRECTION('',(0.,-0.707106781186547,-0.707106781186548));
#2035=DIRECTION('',(-1.,0.,0.));
#2036=DIRECTION('',(0.,-0.707106781186548,0.707106781186547));
#2037=DIRECTION('',(0.,0.,1.));
#2038=DIRECTION('',(1.,0.,0.));
#2039=DIRECTION('',(-0.545443276081787,-0.449990702767477,0.707106781186547));
#2040=DIRECTION('',(-0.545443276081787,-0.449990702767478,-0.707106781186546));
#2041=DIRECTION('',(-0.636382954795567,0.771373278540075,0.));
#2042=DIRECTION('',(-0.316218526031263,-0.67082257110007,0.670822571100069));
#2043=DIRECTION('',(0.,0.707106781186547,0.707106781186548));
#2044=DIRECTION('',(-1.,0.,0.));
#2045=DIRECTION('',(0.,-0.707106781186548,0.707106781186547));
#2046=DIRECTION('',(0.,0.,1.));
#2047=DIRECTION('',(1.,0.,0.));
#2048=DIRECTION('',(-0.707106781186548,0.,0.707106781186547));
#2049=DIRECTION('',(-0.707106781186547,2.39928554199843E-16,-0.707106781186548));
#2050=DIRECTION('',(3.39310215349987E-16,1.,0.));
#2051=DIRECTION('',(-1.,3.39310215349987E-16,0.));
#2052=DIRECTION('',(-3.39310215349987E-16,-1.,0.));
#2053=DIRECTION('',(-1.,3.39310215349987E-16,0.));
#2054=DIRECTION('',(-1.,3.39310215349987E-16,0.));
#2055=DIRECTION('',(-3.39310215349987E-16,-1.,0.));
#2056=DIRECTION('',(0.,0.,-1.));
#2057=DIRECTION('',(-1.,0.,0.));
#2058=DIRECTION('',(-1.,3.39310215349987E-16,0.));
#2059=DIRECTION('',(-3.39310215349987E-16,-1.,0.));
#2060=DIRECTION('',(-1.,3.39310215349987E-16,0.));
#2061=DIRECTION('',(-3.39310215349987E-16,-1.,0.));
#2062=DIRECTION('',(-1.,3.39310215349987E-16,0.));
#2063=DIRECTION('',(-3.39310215349987E-16,-1.,0.));
#2064=DIRECTION('',(-1.,3.39310215349987E-16,0.));
#2065=DIRECTION('',(-3.39310215349987E-16,-1.,0.));
#2066=CARTESIAN_POINT('',(0.,0.,0.));
#2067=CARTESIAN_POINT('',(-0.065118,2.08166817117217E-17,-0.003));
#2068=CARTESIAN_POINT('',(-0.065118,-0.0169663848,0.01));
#2069=CARTESIAN_POINT('',(-0.065118,-0.0169663848,0.0041));
#2070=CARTESIAN_POINT('',(-0.065118,-0.0169663848,-0.0015));
#2071=CARTESIAN_POINT('',(-0.065118,-0.0359,-0.0015));
#2072=CARTESIAN_POINT('',(-0.065118,-0.0359,-0.0015));
#2073=CARTESIAN_POINT('',(-0.065118,-0.0359,0.0041));
#2074=CARTESIAN_POINT('',(-0.065118,-0.0359,0.0041));
#2075=CARTESIAN_POINT('',(-0.065118,2.08166817117217E-17,0.0041));
#2076=CARTESIAN_POINT('',(0.0117329,1.38777878078145E-17,0.0041));
#2077=CARTESIAN_POINT('',(-0.056118,-0.00246433399243109,0.0041));
#2078=CARTESIAN_POINT('',(-0.056118,-0.00246433399243109,0.0041));
#2079=CARTESIAN_POINT('',(-0.0609832968128198,-0.00246433399243108,0.0041));
#2080=CARTESIAN_POINT('',(-0.056118,3.69002912985049E-17,0.0041));
#2081=CARTESIAN_POINT('',(-0.056118,-0.0145284356075689,0.0041));
#2082=CARTESIAN_POINT('',(-0.056118,-0.0145284356075689,0.0041));
#2083=CARTESIAN_POINT('',(-0.0572012815749622,-0.0145284356075689,0.0041));
#2084=CARTESIAN_POINT('',(-0.065118,-0.0169663848,0.0041));
#2085=CARTESIAN_POINT('',(-0.057118,-0.0169663848,0.0041));
#2086=CARTESIAN_POINT('',(0.0117329,-0.0169663847999999,0.0041));
#2087=CARTESIAN_POINT('',(-0.060118,-0.0359,0.0041));
#2088=CARTESIAN_POINT('',(-0.060118,-0.0409,0.0041));
#2089=CARTESIAN_POINT('',(-0.045668,-0.0409,0.0041));
#2090=CARTESIAN_POINT('',(-0.0242734161756305,-0.0409,0.0041));
#2091=CARTESIAN_POINT('',(-0.0297688128601742,-0.0342389131096439,0.0041));
#2092=CARTESIAN_POINT('',(-0.0180108763313645,-0.0484909573869889,0.0041));
#2093=CARTESIAN_POINT('',(-0.0160824431350143,-0.0469,0.0041));
#2094=CARTESIAN_POINT('',(-0.0160824431350143,-0.0494,0.0041));
#2095=CARTESIAN_POINT('',(0.0117329,-0.0494,0.0041));
#2096=CARTESIAN_POINT('',(0.0303751457505077,-0.0494,0.0041));
#2097=CARTESIAN_POINT('',(0.0303751457505077,-0.0469,0.0041));
#2098=CARTESIAN_POINT('',(0.032142912703474,-0.0486677669529663,0.0041));
#2099=CARTESIAN_POINT('',(0.0462717898282202,-0.0345388898282201,0.0041));
#2100=CARTESIAN_POINT('',(0.0399106796564404,-0.0409,0.0041));
#2101=CARTESIAN_POINT('',(0.055607,-0.0409,0.0041));
#2102=CARTESIAN_POINT('',(0.064182,-0.0409,0.0041));
#2103=CARTESIAN_POINT('',(0.064182,-0.0359,0.0041));
#2104=CARTESIAN_POINT('',(0.069182,-0.0359,0.0041));
#2105=CARTESIAN_POINT('',(0.069182,-0.0273215074338411,0.0041));
#2106=CARTESIAN_POINT('',(0.069182,-0.0120109640601133,0.0041));
#2107=CARTESIAN_POINT('',(0.0208942749999999,0.0158679669671913,0.0041));
#2108=CARTESIAN_POINT('',(0.0833338,-0.020181509599631,0.0041));
#2109=CARTESIAN_POINT('',(0.0845838,-0.0180164460901699,0.0041));
#2110=CARTESIAN_POINT('',(0.0870838,-0.0180164460901699,0.0041));
#2111=CARTESIAN_POINT('',(0.0870838,5.57987540196246E-17,0.0041));
#2112=CARTESIAN_POINT('',(0.0870838,0.0180164460901699,0.0041));
#2113=CARTESIAN_POINT('',(0.0845838,0.0180164460901699,0.0041));
#2114=CARTESIAN_POINT('',(0.0833338,0.020181509599631,0.0041));
#2115=CARTESIAN_POINT('',(0.020894275,-0.0158679669671914,0.0041));
#2116=CARTESIAN_POINT('',(0.069182,0.0120109640601133,0.0041));
#2117=CARTESIAN_POINT('',(0.069182,0.0273215074338411,0.0041));
#2118=CARTESIAN_POINT('',(0.069182,0.0359,0.0041));
#2119=CARTESIAN_POINT('',(0.064182,0.0359,0.0041));
#2120=CARTESIAN_POINT('',(0.064182,0.0409,0.0041));
#2121=CARTESIAN_POINT('',(0.0556834965265989,0.0409,0.0041));
#2122=CARTESIAN_POINT('',(0.0400473837510541,0.0409,0.0041));
#2123=CARTESIAN_POINT('',(0.0321472020069815,0.0486811357721596,0.0041));
#2124=CARTESIAN_POINT('',(0.0321472020069816,0.0486811357721596,0.0041));
#2125=CARTESIAN_POINT('',(0.0303929057488958,0.0469,0.0041));
#2126=CARTESIAN_POINT('',(0.0303929057488958,0.0494,0.0041));
#2127=CARTESIAN_POINT('',(-0.0163111457505076,0.0494,0.0041));
#2128=CARTESIAN_POINT('',(-0.0163111457505076,0.0494,0.0041));
#2129=CARTESIAN_POINT('',(-0.0163111457505076,0.0469,0.0041));
#2130=CARTESIAN_POINT('',(-0.018078912703474,0.0486677669529664,0.0041));
#2131=CARTESIAN_POINT('',(-0.0275068898282201,0.0392397898282202,0.0041));
#2132=CARTESIAN_POINT('',(-0.0258466796564403,0.0409,0.0041));
#2133=CARTESIAN_POINT('',(-0.046543,0.0409,0.0041));
#2134=CARTESIAN_POINT('',(-0.060118,0.0409,0.0041));
#2135=CARTESIAN_POINT('',(-0.060118,0.0359,0.0041));
#2136=CARTESIAN_POINT('',(-0.065118,0.0359,0.0041));
#2137=CARTESIAN_POINT('',(-0.065118,2.08166817117217E-17,0.0041));
#2138=CARTESIAN_POINT('',(-0.065118,-2.63847999999907E-5,0.0041));
#2139=CARTESIAN_POINT('',(-0.065118,-0.0169663848,0.0041));
#2140=CARTESIAN_POINT('',(0.002032,0.0309,0.0041));
#2141=CARTESIAN_POINT('',(0.059182,0.0309,0.0041));
#2142=CARTESIAN_POINT('',(-0.055118,0.0309,0.0041));
#2143=CARTESIAN_POINT('',(0.059182,-0.019434756087893,0.0041));
#2144=CARTESIAN_POINT('',(0.059182,-0.0309,0.0041));
#2145=CARTESIAN_POINT('',(0.002032,-0.0309,0.0041));
#2146=CARTESIAN_POINT('',(-0.055118,-0.0309,0.0041));
#2147=CARTESIAN_POINT('',(-0.055118,-6.93889390390723E-18,0.0041));
#2148=CARTESIAN_POINT('',(0.064182,0.0359,0.0041));
#2149=CARTESIAN_POINT('',(0.065632,0.0359,0.0041));
#2150=CARTESIAN_POINT('',(0.064182,-0.0359,0.0041));
#2151=CARTESIAN_POINT('',(0.065632,-0.0359,0.0041));
#2152=CARTESIAN_POINT('',(-0.060118,-0.0359,0.0041));
#2153=CARTESIAN_POINT('',(-0.058668,-0.0359,0.0041));
#2154=CARTESIAN_POINT('',(-0.060118,0.0359,0.0041));
#2155=CARTESIAN_POINT('',(-0.058668,0.0359,0.0041));
#2156=CARTESIAN_POINT('',(-0.045668,-0.0409,-0.003));
#2157=CARTESIAN_POINT('',(-0.060118,-0.0409,-0.003));
#2158=CARTESIAN_POINT('',(-0.060118,-0.0409,-0.0015));
#2159=CARTESIAN_POINT('',(-0.045668,-0.0409,-0.0015));
#2160=CARTESIAN_POINT('',(-0.026218,-0.0409,-0.0015));
#2161=CARTESIAN_POINT('',(-0.026218,-0.0409,-0.003));
#2162=CARTESIAN_POINT('',(-0.026218,-0.0409,0.0026));
#2163=CARTESIAN_POINT('',(-0.0411204708271318,-0.0409,-0.00889536778027244));
#2164=CARTESIAN_POINT('',(-0.022093,-0.0459,-0.003));
#2165=CARTESIAN_POINT('',(-0.0191679362491746,-0.0494455318191822,-0.003));
#2166=CARTESIAN_POINT('',(-0.0191679362491746,-0.0494455318191822,-0.0015));
#2167=CARTESIAN_POINT('',(-0.0191679362491746,-0.0494455318191822,0.0026));
#2168=CARTESIAN_POINT('',(-0.022093,-0.0459,0.0026));
#2169=CARTESIAN_POINT('',(-0.0191679362491746,-0.0494455318191822,-0.0015));
#2170=CARTESIAN_POINT('',(0.007032,-0.0509,-0.003));
#2171=CARTESIAN_POINT('',(0.0303751457505077,-0.0509,-0.003));
#2172=CARTESIAN_POINT('',(0.0303751457505077,-0.0509,-0.0015));
#2173=CARTESIAN_POINT('',(0.0303751457505077,-0.0509,0.0026));
#2174=CARTESIAN_POINT('',(0.007032,-0.0509,0.0026));
#2175=CARTESIAN_POINT('',(-0.0160824431350143,-0.0509,0.0026));
#2176=CARTESIAN_POINT('',(-0.0160824431350143,-0.0509,-0.003));
#2177=CARTESIAN_POINT('',(-0.0160824431350143,-0.0509,-0.0015));
#2178=CARTESIAN_POINT('',(0.0303751457505077,-0.0509,-0.0015));
#2179=CARTESIAN_POINT('',(0.037032,-0.0459,-0.003));
#2180=CARTESIAN_POINT('',(0.042032,-0.0409,-0.003));
#2181=CARTESIAN_POINT('',(0.042032,-0.0409,-0.0015));
#2182=CARTESIAN_POINT('',(0.042032,-0.0409,0.0026));
#2183=CARTESIAN_POINT('',(0.037032,-0.0459,0.0026));
#2184=CARTESIAN_POINT('',(0.0332035728752538,-0.0497284271247462,0.0026));
#2185=CARTESIAN_POINT('',(0.0332035728752538,-0.0497284271247462,-0.003));
#2186=CARTESIAN_POINT('',(0.0332035728752538,-0.0497284271247462,-0.0015));
#2187=CARTESIAN_POINT('',(0.042032,-0.0409,-0.0015));
#2188=CARTESIAN_POINT('',(0.055607,-0.0409,-0.003));
#2189=CARTESIAN_POINT('',(0.055607,-0.0409,-0.0015));
#2190=CARTESIAN_POINT('',(0.064182,-0.0409,-0.0015));
#2191=CARTESIAN_POINT('',(0.064182,-0.0409,-0.003));
#2192=CARTESIAN_POINT('',(0.0537218653164298,-0.0409,-0.00566598303640491));
#2193=CARTESIAN_POINT('',(0.069182,-0.0273215074338411,-0.003));
#2194=CARTESIAN_POINT('',(0.069182,-0.0359,-0.003));
#2195=CARTESIAN_POINT('',(0.069182,-0.0359,-0.0015));
#2196=CARTESIAN_POINT('',(0.069182,-0.0273215074338411,-0.0015));
#2197=CARTESIAN_POINT('',(0.069182,-0.0137430148676822,-0.0015));
#2198=CARTESIAN_POINT('',(0.069182,-0.0137430148676822,-0.003));
#2199=CARTESIAN_POINT('',(0.069182,-0.0137430148676822,0.0026));
#2200=CARTESIAN_POINT('',(0.069182,-0.024273434769026,-0.00651961114708102));
#2201=CARTESIAN_POINT('',(0.0788829,-0.0193438320940638,-0.003));
#2202=CARTESIAN_POINT('',(0.0825838,-0.0214805477053077,-0.003));
#2203=CARTESIAN_POINT('',(0.0825838,-0.0214805477053077,-0.0015));
#2204=CARTESIAN_POINT('',(0.0825838,-0.0214805477053077,0.0026));
#2205=CARTESIAN_POINT('',(0.0788829,-0.0193438320940638,0.0026));
#2206=CARTESIAN_POINT('',(0.0825838,-0.0214805477053077,-0.0015));
#2207=CARTESIAN_POINT('',(0.0885838,1.38777878078145E-17,-0.003));
#2208=CARTESIAN_POINT('',(0.0885838,0.0180164460901699,-0.003));
#2209=CARTESIAN_POINT('',(0.0885838,0.0180164460901699,-0.0015));
#2210=CARTESIAN_POINT('',(0.0885838,0.0180164460901699,0.0026));
#2211=CARTESIAN_POINT('',(0.0885838,1.38777878078145E-17,0.0026));
#2212=CARTESIAN_POINT('',(0.0885838,-0.0180164460901699,0.0026));
#2213=CARTESIAN_POINT('',(0.0885838,-0.0180164460901699,-0.003));
#2214=CARTESIAN_POINT('',(0.0885838,-0.0180164460901699,-0.0015));
#2215=CARTESIAN_POINT('',(0.0885838,0.0180164460901699,-0.0015));
#2216=CARTESIAN_POINT('',(0.0788829,0.0193438320940638,-0.003));
#2217=CARTESIAN_POINT('',(0.069182,0.0137430148676822,-0.003));
#2218=CARTESIAN_POINT('',(0.069182,0.0137430148676822,-0.0015));
#2219=CARTESIAN_POINT('',(0.069182,0.0137430148676822,0.0026));
#2220=CARTESIAN_POINT('',(0.0788829,0.0193438320940638,0.0026));
#2221=CARTESIAN_POINT('',(0.0825838,0.0214805477053077,0.0026));
#2222=CARTESIAN_POINT('',(0.0825838,0.0214805477053077,-0.003));
#2223=CARTESIAN_POINT('',(0.0825838,0.0214805477053077,-0.0015));
#2224=CARTESIAN_POINT('',(0.069182,0.0137430148676822,-0.0015));
#2225=CARTESIAN_POINT('',(0.069182,0.0273215074338411,-0.003));
#2226=CARTESIAN_POINT('',(0.069182,0.0273215074338411,-0.0015));
#2227=CARTESIAN_POINT('',(0.069182,0.0359,-0.0015));
#2228=CARTESIAN_POINT('',(0.069182,0.0359,0.0041));
#2229=CARTESIAN_POINT('',(0.069182,0.024273434769026,-0.00651961114708101));
#2230=CARTESIAN_POINT('',(0.0556834965265989,0.0409,-0.003));
#2231=CARTESIAN_POINT('',(0.064182,0.0409,-0.003));
#2232=CARTESIAN_POINT('',(0.064182,0.0409,-0.0015));
#2233=CARTESIAN_POINT('',(0.0421849930531979,0.0409,-0.0015));
#2234=CARTESIAN_POINT('',(0.0421849930531979,0.0409,-0.0015));
#2235=CARTESIAN_POINT('',(0.0421849930531979,0.0409,-0.003));
#2236=CARTESIAN_POINT('',(0.0421849930531979,0.0409,0.0026));
#2237=CARTESIAN_POINT('',(0.0387834476253949,0.0409,0.00498692736628137));
#2238=CARTESIAN_POINT('',(0.0371084965265989,0.0459,-0.003));
#2239=CARTESIAN_POINT('',(0.033199779761833,0.0497498172354553,-0.003));
#2240=CARTESIAN_POINT('',(0.033199779761833,0.0497498172354553,-0.0015));
#2241=CARTESIAN_POINT('',(0.033199779761833,0.0497498172354553,0.0026));
#2242=CARTESIAN_POINT('',(0.0421849930531979,0.0409,0.0026));
#2243=CARTESIAN_POINT('',(0.0371084965265989,0.0459,-0.0015));
#2244=CARTESIAN_POINT('',(0.007032,0.0509,-0.003));
#2245=CARTESIAN_POINT('',(-0.0163111457505076,0.0509,0.0041));
#2246=CARTESIAN_POINT('',(-0.0163111457505076,0.0509,-0.0015));
#2247=CARTESIAN_POINT('',(-0.0163111457505076,0.0509,0.0026));
#2248=CARTESIAN_POINT('',(0.0303929057488958,0.0509,0.0026));
#2249=CARTESIAN_POINT('',(0.0303929057488958,0.0509,0.0026));
#2250=CARTESIAN_POINT('',(0.0303929057488958,0.0509,-0.003));
#2251=CARTESIAN_POINT('',(0.0303929057488958,0.0509,-0.0015));
#2252=CARTESIAN_POINT('',(0.007032,0.0509,-0.0015));
#2253=CARTESIAN_POINT('',(-0.022968,0.0459,-0.003));
#2254=CARTESIAN_POINT('',(-0.027968,0.0409,-0.003));
#2255=CARTESIAN_POINT('',(-0.027968,0.0409,-0.0015));
#2256=CARTESIAN_POINT('',(-0.027968,0.0409,0.0026));
#2257=CARTESIAN_POINT('',(-0.022968,0.0459,0.0026));
#2258=CARTESIAN_POINT('',(-0.0191395728752538,0.0497284271247462,0.0026));
#2259=CARTESIAN_POINT('',(-0.0191395728752538,0.0497284271247462,-0.003));
#2260=CARTESIAN_POINT('',(-0.0191395728752538,0.0497284271247462,-0.0015));
#2261=CARTESIAN_POINT('',(-0.027968,0.0409,-0.0015));
#2262=CARTESIAN_POINT('',(-0.046543,0.0409,-0.003));
#2263=CARTESIAN_POINT('',(-0.060118,0.0409,-0.0015));
#2264=CARTESIAN_POINT('',(-0.060118,0.0409,-0.0015));
#2265=CARTESIAN_POINT('',(-0.060118,0.0409,-0.003));
#2266=CARTESIAN_POINT('',(-0.0269534864376269,0.0409,0.00331736941955974));
#2267=CARTESIAN_POINT('',(0.064182,-0.0359,-0.003));
#2268=CARTESIAN_POINT('',(0.064182,-0.0359,-0.003));
#2269=CARTESIAN_POINT('',(0.065632,-0.0359,-0.003));
#2270=CARTESIAN_POINT('',(-0.060118,-0.0359,-0.003));
#2271=CARTESIAN_POINT('',(-0.060118,-0.0359,-0.003));
#2272=CARTESIAN_POINT('',(-0.058668,-0.0359,-0.003));
#2273=CARTESIAN_POINT('',(-0.060118,0.0359,-0.003));
#2274=CARTESIAN_POINT('',(-0.060118,0.0359,-0.003));
#2275=CARTESIAN_POINT('',(-0.058668,0.0359,-0.003));
#2276=CARTESIAN_POINT('',(-0.065118,2.08166817117217E-17,-0.003));
#2277=CARTESIAN_POINT('',(-0.065118,0.0359,-0.003));
#2278=CARTESIAN_POINT('',(-0.065118,0.0359,-0.0015));
#2279=CARTESIAN_POINT('',(-0.065118,-2.63847999999907E-5,-0.0015));
#2280=CARTESIAN_POINT('',(-0.065118,-2.63847999999907E-5,-0.0015));
#2281=CARTESIAN_POINT('',(-0.065118,-2.63847999999907E-5,0.01));
#2282=CARTESIAN_POINT('',(0.064182,0.0359,-0.003));
#2283=CARTESIAN_POINT('',(0.064182,0.0359,-0.003));
#2284=CARTESIAN_POINT('',(0.065632,0.0359,-0.003));
#2285=CARTESIAN_POINT('',(0.0117329,1.38777878078145E-17,-0.003));
#2286=CARTESIAN_POINT('',(-0.060118,-0.0359,-0.003));
#2287=CARTESIAN_POINT('',(-0.060118,-0.0394,-0.003));
#2288=CARTESIAN_POINT('',(-0.063618,-0.0359,-0.003));
#2289=CARTESIAN_POINT('',(-0.063618,-0.0169663848,-0.003));
#2290=CARTESIAN_POINT('',(-0.063618,-0.0169663848,-0.003));
#2291=CARTESIAN_POINT('',(-0.061118,-0.0169663848,-0.003));
#2292=CARTESIAN_POINT('',(-0.057118,-0.0169663848,-0.003));
#2293=CARTESIAN_POINT('',(-0.065118,-0.0169663848,-0.003));
#2294=CARTESIAN_POINT('',(-0.063618,-0.000326822427825063,-0.003));
#2295=CARTESIAN_POINT('',(-0.063618,0.0359,-0.003));
#2296=CARTESIAN_POINT('',(-0.063618,0.0359,-0.003));
#2297=CARTESIAN_POINT('',(-0.060118,0.0359,-0.003));
#2298=CARTESIAN_POINT('',(-0.060118,0.0394,-0.003));
#2299=CARTESIAN_POINT('',(-0.027968,0.0394,-0.003));
#2300=CARTESIAN_POINT('',(-0.0273466796564403,0.0394,-0.003));
#2301=CARTESIAN_POINT('',(-0.018078912703474,0.0486677669529664,-0.003));
#2302=CARTESIAN_POINT('',(-0.018078912703474,0.0486677669529664,-0.003));
#2303=CARTESIAN_POINT('',(-0.0163111457505076,0.0469,-0.003));
#2304=CARTESIAN_POINT('',(-0.0163111457505076,0.0494,-0.003));
#2305=CARTESIAN_POINT('',(0.0117329,0.0494,-0.003));
#2306=CARTESIAN_POINT('',(0.0303929057488958,0.0494,-0.003));
#2307=CARTESIAN_POINT('',(0.0303929057488958,0.0469,-0.003));
#2308=CARTESIAN_POINT('',(0.0321472020069816,0.0486811357721596,-0.003));
#2309=CARTESIAN_POINT('',(0.0461228455861905,0.0349160878636446,-0.003));
#2310=CARTESIAN_POINT('',(0.0415703327090338,0.0394,-0.003));
#2311=CARTESIAN_POINT('',(0.064182,0.0394,-0.003));
#2312=CARTESIAN_POINT('',(0.064182,0.0394,-0.003));
#2313=CARTESIAN_POINT('',(0.064182,0.0359,-0.003));
#2314=CARTESIAN_POINT('',(0.067682,0.0359,-0.003));
#2315=CARTESIAN_POINT('',(0.067682,-1.4713373326423E-17,-0.003));
#2316=CARTESIAN_POINT('',(0.067682,0.0111449386563289,-0.003));
#2317=CARTESIAN_POINT('',(0.0833338,0.020181509599631,-0.003));
#2318=CARTESIAN_POINT('',(0.0833338,0.020181509599631,-0.003));
#2319=CARTESIAN_POINT('',(0.0845838,0.0180164460901699,-0.003));
#2320=CARTESIAN_POINT('',(0.0870838,0.0180164460901699,-0.003));
#2321=CARTESIAN_POINT('',(0.0870838,-0.0180164460901699,-0.003));
#2322=CARTESIAN_POINT('',(0.0870838,-0.0180164460901699,-0.003));
#2323=CARTESIAN_POINT('',(0.0845838,-0.0180164460901699,-0.003));
#2324=CARTESIAN_POINT('',(0.0833338,-0.020181509599631,-0.003));
#2325=CARTESIAN_POINT('',(0.069932,-0.0124439767620055,-0.003));
#2326=CARTESIAN_POINT('',(0.067682,-0.0111449386563289,-0.003));
#2327=CARTESIAN_POINT('',(0.067682,-1.47133733264231E-17,-0.003));
#2328=CARTESIAN_POINT('',(0.067682,-0.0359,-0.003));
#2329=CARTESIAN_POINT('',(0.064182,-0.0359,-0.003));
#2330=CARTESIAN_POINT('',(0.064182,-0.0394,-0.003));
#2331=CARTESIAN_POINT('',(0.0117329,-0.0394,-0.003));
#2332=CARTESIAN_POINT('',(0.0414106796564404,-0.0394,-0.003));
#2333=CARTESIAN_POINT('',(0.032142912703474,-0.0486677669529663,-0.003));
#2334=CARTESIAN_POINT('',(0.032142912703474,-0.0486677669529663,-0.003));
#2335=CARTESIAN_POINT('',(0.0303751457505077,-0.0469,-0.003));
#2336=CARTESIAN_POINT('',(0.0303751457505077,-0.0494,-0.003));
#2337=CARTESIAN_POINT('',(-0.0160824431350143,-0.0494,-0.003));
#2338=CARTESIAN_POINT('',(-0.0160824431350143,-0.0494,-0.003));
#2339=CARTESIAN_POINT('',(-0.0160824431350143,-0.0469,-0.003));
#2340=CARTESIAN_POINT('',(-0.0180108763313645,-0.0484909573869889,-0.003));
#2341=CARTESIAN_POINT('',(-0.0250609400821899,-0.0399454255678066,-0.003));
#2342=CARTESIAN_POINT('',(-0.0255109161756304,-0.0394,-0.003));
#2343=CARTESIAN_POINT('',(0.0117329,-0.0394,-0.003));
#2344=CARTESIAN_POINT('',(0.002032,0.0309,0.0041));
#2345=CARTESIAN_POINT('',(0.002032,0.0309,0.));
#2346=CARTESIAN_POINT('',(0.059182,0.0309,0.));
#2347=CARTESIAN_POINT('',(-0.055118,0.0309,0.));
#2348=CARTESIAN_POINT('',(0.059182,0.0309,0.0041));
#2349=CARTESIAN_POINT('',(-0.055118,0.0309,0.0041));
#2350=CARTESIAN_POINT('',(0.059182,-0.019434756087893,0.0041));
#2351=CARTESIAN_POINT('',(0.059182,-0.019434756087893,0.));
#2352=CARTESIAN_POINT('',(0.059182,-0.0309,0.));
#2353=CARTESIAN_POINT('',(0.059182,-0.0309,0.0041));
#2354=CARTESIAN_POINT('',(0.002032,-0.0309,0.0041));
#2355=CARTESIAN_POINT('',(0.002032,-0.0309,0.));
#2356=CARTESIAN_POINT('',(-0.055118,-0.0309,0.));
#2357=CARTESIAN_POINT('',(-0.055118,-0.0309,0.0041));
#2358=CARTESIAN_POINT('',(-0.055118,-6.93889390390723E-18,0.0041));
#2359=CARTESIAN_POINT('',(-0.055118,-6.93889390390723E-18,0.));
#2360=CARTESIAN_POINT('',(0.0117329,1.38777878078145E-17,0.));
#2361=CARTESIAN_POINT('',(0.0303929057488958,0.0469,-0.003));
#2362=CARTESIAN_POINT('',(0.0303929057488958,0.0469,0.0026));
#2363=CARTESIAN_POINT('',(0.0303929057488958,0.0469,-0.0015));
#2364=CARTESIAN_POINT('',(-0.0163111457505076,0.0469,-0.003));
#2365=CARTESIAN_POINT('',(-0.0163111457505076,0.0469,0.0026));
#2366=CARTESIAN_POINT('',(-0.0163111457505076,0.0469,-0.0015));
#2367=CARTESIAN_POINT('',(-0.0160824431350143,-0.0469,-0.003));
#2368=CARTESIAN_POINT('',(-0.0160824431350143,-0.0469,0.0026));
#2369=CARTESIAN_POINT('',(-0.0160824431350143,-0.0469,-0.0015));
#2370=CARTESIAN_POINT('',(0.0303751457505077,-0.0469,-0.003));
#2371=CARTESIAN_POINT('',(0.0303751457505077,-0.0469,0.0026));
#2372=CARTESIAN_POINT('',(0.0303751457505077,-0.0469,-0.0015));
#2373=CARTESIAN_POINT('',(0.0845838,0.0180164460901699,-0.003));
#2374=CARTESIAN_POINT('',(0.0845838,0.0180164460901699,0.0026));
#2375=CARTESIAN_POINT('',(0.0845838,0.0180164460901699,-0.0015));
#2376=CARTESIAN_POINT('',(0.0845838,-0.0180164460901699,-0.003));
#2377=CARTESIAN_POINT('',(0.0845838,-0.0180164460901699,0.0026));
#2378=CARTESIAN_POINT('',(0.0845838,-0.0180164460901699,-0.0015));
#2379=CARTESIAN_POINT('',(0.064182,0.0359,-0.003));
#2380=CARTESIAN_POINT('',(0.064182,0.0359,-0.0015));
#2381=CARTESIAN_POINT('',(0.064182,-0.0359,-0.003));
#2382=CARTESIAN_POINT('',(0.064182,-0.0359,-0.0015));
#2383=CARTESIAN_POINT('',(-0.060118,0.0359,-0.003));
#2384=CARTESIAN_POINT('',(-0.060118,0.0359,-0.0015));
#2385=CARTESIAN_POINT('',(-0.060118,-0.0359,-0.003));
#2386=CARTESIAN_POINT('',(-0.060118,-0.0359,-0.0015));
#2387=CARTESIAN_POINT('',(-0.061118,-0.0169663848,0.01));
#2388=CARTESIAN_POINT('',(-0.057118,-0.0169663848,0.01));
#2389=CARTESIAN_POINT('',(-0.065118,-0.0169663848,-0.0015));
#2390=CARTESIAN_POINT('',(-0.057118,-0.0169663848,0.0041));
#2391=CARTESIAN_POINT('',(-0.057118,-0.0169663848,-0.003));
#2392=CARTESIAN_POINT('',(-0.057118,-0.0147489439853412,0.0041));
#2393=CARTESIAN_POINT('',(-0.057118,-0.0147489439853412,-0.003));
#2394=CARTESIAN_POINT('',(-0.0575345500601326,-0.0103150960782872,0.0041));
#2395=CARTESIAN_POINT('',(-0.0575345500601326,-0.0103150960782872,-0.003));
#2396=CARTESIAN_POINT('',(-0.0593138572289942,-0.00467611248239541,0.0041));
#2397=CARTESIAN_POINT('',(-0.0593138572289942,-0.00467611248239541,-0.003));
#2398=CARTESIAN_POINT('',(-0.0619768955269361,-0.000908429552330712,0.0041));
#2399=CARTESIAN_POINT('',(-0.0619768955269361,-0.000908429552330712,-0.003));
#2400=CARTESIAN_POINT('',(-0.0640708024488034,-2.63848000000115E-5,0.0041));
#2401=CARTESIAN_POINT('',(-0.0640708024488034,-2.63848000000115E-5,-0.003));
#2402=CARTESIAN_POINT('',(-0.065118,-2.63848000000011E-5,0.0041));
#2403=CARTESIAN_POINT('',(-0.065118,-2.63848000000011E-5,-0.003));
#2404=CARTESIAN_POINT('',(-0.065118,-2.63847999999907E-5,-0.0015));
#2405=CARTESIAN_POINT('',(-0.0646079708035319,-2.63847999999929E-5,-0.00201002919646813));
#2406=CARTESIAN_POINT('',(-0.0641081869424552,-0.000128688916820787,-0.0025098130575448));
#2407=CARTESIAN_POINT('',(-0.063618,-0.000326822427825058,-0.003));
#2408=CARTESIAN_POINT('',(-0.0573641722984827,-0.0127963848,0.0031));
#2409=CARTESIAN_POINT('',(-0.0572798991296205,-0.0134989979180942,0.0031));
#2410=CARTESIAN_POINT('',(-0.0572255714214945,-0.0141747705470065,0.00348743414624398));
#2411=CARTESIAN_POINT('',(-0.0572012815749622,-0.0145284356075689,0.0041));
#2412=CARTESIAN_POINT('',(-0.0573641722984827,-0.0127963848,0.0031));
#2413=CARTESIAN_POINT('',(-0.065118,-0.0169663848,0.0031));
#2414=CARTESIAN_POINT('',(-0.0598615088883934,-0.00419638479999997,0.0031));
#2415=CARTESIAN_POINT('',(-0.0609832968128198,-0.00246433399243108,0.0041));
#2416=CARTESIAN_POINT('',(-0.0606915529517453,-0.00283729504413245,0.00345401250920892));
#2417=CARTESIAN_POINT('',(-0.0602422015168468,-0.00349375536018067,0.00309999999999963));
#2418=CARTESIAN_POINT('',(-0.0598615088883929,-0.00419638480000103,0.0031));
#2419=CARTESIAN_POINT('',(0.0371084965265989,0.0459,0.0026));
#2420=CARTESIAN_POINT('',(0.0321472020069816,0.0486811357721596,0.0041));
#2421=CARTESIAN_POINT('',(0.0303929057488958,0.0469,0.0041));
#2422=CARTESIAN_POINT('',(0.0303929057488958,0.0494,0.0041));
#2423=CARTESIAN_POINT('',(0.007032,0.0509,0.0026));
#2424=CARTESIAN_POINT('',(-0.0163111457505076,0.0494,0.0041));
#2425=CARTESIAN_POINT('',(-0.0163111457505076,0.0469,0.0041));
#2426=CARTESIAN_POINT('',(-0.018078912703474,0.0486677669529664,0.0041));
#2427=CARTESIAN_POINT('',(-0.0275068898282201,0.0392397898282202,0.0041));
#2428=CARTESIAN_POINT('',(-0.0297688128601742,-0.0342389131096439,0.0041));
#2429=CARTESIAN_POINT('',(-0.0180108763313645,-0.0484909573869889,0.0041));
#2430=CARTESIAN_POINT('',(-0.0160824431350143,-0.0469,0.0041));
#2431=CARTESIAN_POINT('',(-0.0160824431350143,-0.0494,0.0041));
#2432=CARTESIAN_POINT('',(0.0117329,-0.0494,0.0041));
#2433=CARTESIAN_POINT('',(0.0303751457505077,-0.0494,0.0041));
#2434=CARTESIAN_POINT('',(0.0303751457505077,-0.0469,0.0041));
#2435=CARTESIAN_POINT('',(0.032142912703474,-0.0486677669529663,0.0041));
#2436=CARTESIAN_POINT('',(0.0462717898282202,-0.0345388898282201,0.0041));
#2437=CARTESIAN_POINT('',(0.0208942749999999,0.0158679669671913,0.0041));
#2438=CARTESIAN_POINT('',(0.0833338,-0.020181509599631,0.0041));
#2439=CARTESIAN_POINT('',(0.0845838,-0.0180164460901699,0.0041));
#2440=CARTESIAN_POINT('',(0.0870838,-0.0180164460901699,0.0041));
#2441=CARTESIAN_POINT('',(0.0870838,5.57987540196246E-17,0.0041));
#2442=CARTESIAN_POINT('',(0.0870838,0.0180164460901699,0.0041));
#2443=CARTESIAN_POINT('',(0.0845838,0.0180164460901699,0.0041));
#2444=CARTESIAN_POINT('',(0.0833338,0.020181509599631,0.0041));
#2445=CARTESIAN_POINT('',(0.020894275,-0.0158679669671914,0.0041));
#2446=CARTESIAN_POINT('',(-0.065118,2.08166817117217E-17,-0.0015));
#2447=CARTESIAN_POINT('',(-0.063618,0.0359,-0.003));
#2448=CARTESIAN_POINT('',(-0.060118,0.0359,-0.003));
#2449=CARTESIAN_POINT('',(-0.060118,0.0394,-0.003));
#2450=CARTESIAN_POINT('',(-0.046543,0.0409,-0.0015));
#2451=CARTESIAN_POINT('',(-0.0285266749813563,0.0422487607169491,-0.000151239283050946));
#2452=CARTESIAN_POINT('',(-0.022968,0.0459,-0.0015));
#2453=CARTESIAN_POINT('',(-0.018078912703474,0.0486677669529664,-0.003));
#2454=CARTESIAN_POINT('',(-0.0163111457505076,0.0469,-0.003));
#2455=CARTESIAN_POINT('',(-0.0163111457505076,0.0494,-0.003));
#2456=CARTESIAN_POINT('',(0.0117329,0.0494,-0.003));
#2457=CARTESIAN_POINT('',(0.0303929057488958,0.0494,-0.003));
#2458=CARTESIAN_POINT('',(0.0303929057488958,0.0469,-0.003));
#2459=CARTESIAN_POINT('',(0.0321472020069816,0.0486811357721596,-0.003));
#2460=CARTESIAN_POINT('',(0.0461228455861905,0.0349160878636446,-0.003));
#2461=CARTESIAN_POINT('',(0.0432305107047676,0.0434514521837056,0.00105145218370563));
#2462=CARTESIAN_POINT('',(0.0556834965265989,0.0409,-0.0015));
#2463=CARTESIAN_POINT('',(0.064182,0.0394,-0.003));
#2464=CARTESIAN_POINT('',(0.064182,0.0359,-0.003));
#2465=CARTESIAN_POINT('',(0.067682,0.0359,-0.003));
#2466=CARTESIAN_POINT('',(0.067682,-1.4713373326423E-17,-0.003));
#2467=CARTESIAN_POINT('',(0.07306236,0.0204639955393402,0.00238036));
#2468=CARTESIAN_POINT('',(0.0788829,0.0193438320940638,-0.0015));
#2469=CARTESIAN_POINT('',(0.0833338,0.020181509599631,-0.003));
#2470=CARTESIAN_POINT('',(0.0845838,0.0180164460901699,-0.003));
#2471=CARTESIAN_POINT('',(0.0870838,0.0180164460901699,-0.003));
#2472=CARTESIAN_POINT('',(0.0885838,1.38777878078145E-17,-0.0015));
#2473=CARTESIAN_POINT('',(0.0870838,-0.0180164460901699,-0.003));
#2474=CARTESIAN_POINT('',(0.0845838,-0.0180164460901699,-0.003));
#2475=CARTESIAN_POINT('',(0.0833338,-0.020181509599631,-0.003));
#2476=CARTESIAN_POINT('',(0.0788829,-0.0193438320940638,-0.0015));
#2477=CARTESIAN_POINT('',(0.06382128,-0.00445797546253157,-0.00686072));
#2478=CARTESIAN_POINT('',(0.067682,-1.47133733264231E-17,-0.003));
#2479=CARTESIAN_POINT('',(0.067682,-0.0359,-0.003));
#2480=CARTESIAN_POINT('',(0.064182,-0.0359,-0.003));
#2481=CARTESIAN_POINT('',(0.064182,-0.0394,-0.003));
#2482=CARTESIAN_POINT('',(0.0117329,-0.0394,-0.003));
#2483=CARTESIAN_POINT('',(0.0425906749813564,-0.0422487607169491,-0.000151239283050916));
#2484=CARTESIAN_POINT('',(0.037032,-0.0459,-0.0015));
#2485=CARTESIAN_POINT('',(0.032142912703474,-0.0486677669529663,-0.003));
#2486=CARTESIAN_POINT('',(0.0303751457505077,-0.0469,-0.003));
#2487=CARTESIAN_POINT('',(0.0303751457505077,-0.0494,-0.003));
#2488=CARTESIAN_POINT('',(0.007032,-0.0509,-0.0015));
#2489=CARTESIAN_POINT('',(-0.0160824431350143,-0.0494,-0.003));
#2490=CARTESIAN_POINT('',(-0.0160824431350143,-0.0469,-0.003));
#2491=CARTESIAN_POINT('',(-0.0180108763313645,-0.0484909573869889,-0.003));
#2492=CARTESIAN_POINT('',(-0.022093,-0.0459,-0.0015));
#2493=CARTESIAN_POINT('',(-0.0217867522032798,-0.0314995987095218,-0.0109004012904781));
#2494=CARTESIAN_POINT('',(0.0117329,-0.0394,-0.003));
#2495=CARTESIAN_POINT('',(-0.060118,-0.0394,-0.003));
#2496=CARTESIAN_POINT('',(-0.060118,-0.0359,-0.003));
#2497=CARTESIAN_POINT('',(-0.063618,-0.0359,-0.003));
#2498=CARTESIAN_POINT('',(-0.065118,2.08166817117217E-17,-0.0015));
#2499=CARTESIAN_POINT('',(-0.056118,-0.00419638479999997,0.0051));
#2500=CARTESIAN_POINT('',(-0.056118,-0.00419638479999998,0.0031));
#2501=CARTESIAN_POINT('',(-0.056118,-0.00419638479999998,0.0031));
#2502=CARTESIAN_POINT('',(-0.056118,-0.00419638479999997,0.0051));
#2503=CARTESIAN_POINT('',(-0.056118,-0.00849638479999997,0.0031));
#2504=CARTESIAN_POINT('',(-0.056118,-0.0127963848,0.0031));
#2505=CARTESIAN_POINT('',(-0.056118,-0.0127963848,0.0031));
#2506=CARTESIAN_POINT('',(-0.056118,-0.00849638479999997,0.0031));
#2507=CARTESIAN_POINT('',(-0.056118,-0.0127963848,0.0051));
#2508=CARTESIAN_POINT('',(-0.056118,-0.0127963848,0.0051));
#2509=CARTESIAN_POINT('',(-0.056118,0.0105518076,0.004185));
#2510=MECHANICAL_DESIGN_GEOMETRIC_PRESENTATION_REPRESENTATION('',(#1493),
#2511);
#2511=(
GEOMETRIC_REPRESENTATION_CONTEXT(3)
GLOBAL_UNCERTAINTY_ASSIGNED_CONTEXT((#2512))
GLOBAL_UNIT_ASSIGNED_CONTEXT((#2515,#2514,#2513))
REPRESENTATION_CONTEXT('bottom','TOP_LEVEL_ASSEMBLY_PART')
);
#2512=UNCERTAINTY_MEASURE_WITH_UNIT(LENGTH_MEASURE(2.E-5),#2515,
'DISTANCE_ACCURACY_VALUE','Maximum Tolerance applied to model');
#2513=(
NAMED_UNIT(*)
SI_UNIT($,.STERADIAN.)
SOLID_ANGLE_UNIT()
);
#2514=(
NAMED_UNIT(*)
PLANE_ANGLE_UNIT()
SI_UNIT($,.RADIAN.)
);
#2515=(
LENGTH_UNIT()
NAMED_UNIT(*)
SI_UNIT($,.METRE.)
);
#2516=PRODUCT_DEFINITION_SHAPE('','',#2517);
#2517=PRODUCT_DEFINITION('','',#2519,#2518);
#2518=PRODUCT_DEFINITION_CONTEXT('',#2525,'design');
#2519=PRODUCT_DEFINITION_FORMATION_WITH_SPECIFIED_SOURCE('','',#2521,
 .NOT_KNOWN.);
#2520=PRODUCT_RELATED_PRODUCT_CATEGORY('','',(#2521));
#2521=PRODUCT('bottom','bottom','bottom',(#2523));
#2522=PRODUCT_CATEGORY('','');
#2523=PRODUCT_CONTEXT('',#2525,'mechanical');
#2524=APPLICATION_PROTOCOL_DEFINITION('international standard',
'ap242_managed_model_based_3d_engineering',2020,#2525);
#2525=APPLICATION_CONTEXT('managed model based 3d engineering');
ENDSEC;
END-ISO-10303-21;
