ISO-10303-21;
HEADER;
/* Generated by software containing ST-Developer
 * from STEP Tools, Inc. (www.steptools.com) 
 */
/* OPTION: using custom renumber hook */

FILE_DESCRIPTION(
/* description */ ('STEP AP242 Edition 2',
'CAx-IF Rec.Pracs.---Representation and Presentation of Product Manufa
cturing Information (PMI)---4.0---2014-10-13',
'CAx-IF Rec.Pracs.---3D Tessellated Geometry---0.4---2014-09-14','2;1',
'CAx-IF Rec.Pracs.---User Defined Attributes---1.5---2016-08-15'),
/* implementation_level */ '2;1');

FILE_NAME(
/* name */ 'Part Studio 1 - plate',
/* time_stamp */ '2026-07-17T02:57:51Z',
/* author */ (''),
/* organization */ (''),
/* preprocessor_version */ 'ST-DEVELOPER v20',
/* originating_system */ 'ONSHAPE BY PTC INC, 1.217',
/* authorisation */ '  ');

FILE_SCHEMA (('AP242_MANAGED_MODEL_BASED_3D_ENGINEERING_MIM_LF { 1 0 10303 442 3 1 4 }'));
ENDSEC;

DATA;
#10=SHAPE_REPRESENTATION_RELATIONSHIP('','',#1669,#11);
#11=ADVANCED_BREP_SHAPE_REPRESENTATION('',(#1667),#2799);
#12=PLANE('',#1674);
#13=PLANE('',#1678);
#14=PLANE('',#1682);
#15=PLANE('',#1689);
#16=PLANE('',#1693);
#17=PLANE('',#1697);
#18=PLANE('',#1704);
#19=PLANE('',#1708);
#20=PLANE('',#1712);
#21=PLANE('',#1719);
#22=PLANE('',#1723);
#23=PLANE('',#1727);
#24=PLANE('',#1734);
#25=PLANE('',#1738);
#26=PLANE('',#1742);
#27=PLANE('',#1749);
#28=PLANE('',#1753);
#29=PLANE('',#1757);
#30=PLANE('',#1764);
#31=PLANE('',#1768);
#32=PLANE('',#1772);
#33=PLANE('',#1779);
#34=PLANE('',#1783);
#35=PLANE('',#1787);
#36=PLANE('',#1794);
#37=PLANE('',#1798);
#38=PLANE('',#1802);
#39=PLANE('',#1806);
#40=PLANE('',#1810);
#41=PLANE('',#1811);
#42=PLANE('',#1812);
#43=PLANE('',#1813);
#44=PLANE('',#1814);
#45=PLANE('',#1815);
#46=PLANE('',#1816);
#47=PLANE('',#1817);
#48=PLANE('',#1818);
#49=PLANE('',#1819);
#50=PLANE('',#1820);
#51=PLANE('',#1830);
#52=PLANE('',#1831);
#53=PLANE('',#1832);
#54=LINE('',#2322,#212);
#55=LINE('',#2326,#213);
#56=LINE('',#2328,#214);
#57=LINE('',#2330,#215);
#58=LINE('',#2332,#216);
#59=LINE('',#2336,#217);
#60=LINE('',#2340,#218);
#61=LINE('',#2342,#219);
#62=LINE('',#2344,#220);
#63=LINE('',#2348,#221);
#64=LINE('',#2352,#222);
#65=LINE('',#2354,#223);
#66=LINE('',#2356,#224);
#67=LINE('',#2360,#225);
#68=LINE('',#2367,#226);
#69=LINE('',#2371,#227);
#70=LINE('',#2373,#228);
#71=LINE('',#2375,#229);
#72=LINE('',#2377,#230);
#73=LINE('',#2381,#231);
#74=LINE('',#2385,#232);
#75=LINE('',#2387,#233);
#76=LINE('',#2389,#234);
#77=LINE('',#2393,#235);
#78=LINE('',#2397,#236);
#79=LINE('',#2399,#237);
#80=LINE('',#2401,#238);
#81=LINE('',#2405,#239);
#82=LINE('',#2412,#240);
#83=LINE('',#2416,#241);
#84=LINE('',#2418,#242);
#85=LINE('',#2420,#243);
#86=LINE('',#2422,#244);
#87=LINE('',#2426,#245);
#88=LINE('',#2430,#246);
#89=LINE('',#2432,#247);
#90=LINE('',#2434,#248);
#91=LINE('',#2438,#249);
#92=LINE('',#2442,#250);
#93=LINE('',#2444,#251);
#94=LINE('',#2446,#252);
#95=LINE('',#2450,#253);
#96=LINE('',#2457,#254);
#97=LINE('',#2461,#255);
#98=LINE('',#2463,#256);
#99=LINE('',#2465,#257);
#100=LINE('',#2467,#258);
#101=LINE('',#2471,#259);
#102=LINE('',#2475,#260);
#103=LINE('',#2477,#261);
#104=LINE('',#2479,#262);
#105=LINE('',#2483,#263);
#106=LINE('',#2487,#264);
#107=LINE('',#2489,#265);
#108=LINE('',#2491,#266);
#109=LINE('',#2495,#267);
#110=LINE('',#2502,#268);
#111=LINE('',#2506,#269);
#112=LINE('',#2508,#270);
#113=LINE('',#2510,#271);
#114=LINE('',#2512,#272);
#115=LINE('',#2516,#273);
#116=LINE('',#2520,#274);
#117=LINE('',#2522,#275);
#118=LINE('',#2524,#276);
#119=LINE('',#2528,#277);
#120=LINE('',#2532,#278);
#121=LINE('',#2534,#279);
#122=LINE('',#2536,#280);
#123=LINE('',#2540,#281);
#124=LINE('',#2547,#282);
#125=LINE('',#2551,#283);
#126=LINE('',#2553,#284);
#127=LINE('',#2555,#285);
#128=LINE('',#2557,#286);
#129=LINE('',#2561,#287);
#130=LINE('',#2565,#288);
#131=LINE('',#2567,#289);
#132=LINE('',#2569,#290);
#133=LINE('',#2573,#291);
#134=LINE('',#2577,#292);
#135=LINE('',#2579,#293);
#136=LINE('',#2581,#294);
#137=LINE('',#2585,#295);
#138=LINE('',#2592,#296);
#139=LINE('',#2596,#297);
#140=LINE('',#2598,#298);
#141=LINE('',#2600,#299);
#142=LINE('',#2602,#300);
#143=LINE('',#2606,#301);
#144=LINE('',#2610,#302);
#145=LINE('',#2612,#303);
#146=LINE('',#2614,#304);
#147=LINE('',#2618,#305);
#148=LINE('',#2622,#306);
#149=LINE('',#2624,#307);
#150=LINE('',#2626,#308);
#151=LINE('',#2630,#309);
#152=LINE('',#2637,#310);
#153=LINE('',#2641,#311);
#154=LINE('',#2643,#312);
#155=LINE('',#2645,#313);
#156=LINE('',#2647,#314);
#157=LINE('',#2651,#315);
#158=LINE('',#2655,#316);
#159=LINE('',#2657,#317);
#160=LINE('',#2659,#318);
#161=LINE('',#2663,#319);
#162=LINE('',#2667,#320);
#163=LINE('',#2669,#321);
#164=LINE('',#2671,#322);
#165=LINE('',#2675,#323);
#166=LINE('',#2682,#324);
#167=LINE('',#2686,#325);
#168=LINE('',#2688,#326);
#169=LINE('',#2690,#327);
#170=LINE('',#2692,#328);
#171=LINE('',#2696,#329);
#172=LINE('',#2700,#330);
#173=LINE('',#2702,#331);
#174=LINE('',#2704,#332);
#175=LINE('',#2708,#333);
#176=LINE('',#2712,#334);
#177=LINE('',#2714,#335);
#178=LINE('',#2716,#336);
#179=LINE('',#2720,#337);
#180=LINE('',#2724,#338);
#181=LINE('',#2727,#339);
#182=LINE('',#2729,#340);
#183=LINE('',#2731,#341);
#184=LINE('',#2735,#342);
#185=LINE('',#2739,#343);
#186=LINE('',#2741,#344);
#187=LINE('',#2743,#345);
#188=LINE('',#2745,#346);
#189=LINE('',#2747,#347);
#190=LINE('',#2749,#348);
#191=LINE('',#2751,#349);
#192=LINE('',#2753,#350);
#193=LINE('',#2755,#351);
#194=LINE('',#2757,#352);
#195=LINE('',#2758,#353);
#196=LINE('',#2760,#354);
#197=LINE('',#2761,#355);
#198=LINE('',#2763,#356);
#199=LINE('',#2764,#357);
#200=LINE('',#2766,#358);
#201=LINE('',#2767,#359);
#202=LINE('',#2769,#360);
#203=LINE('',#2770,#361);
#204=LINE('',#2772,#362);
#205=LINE('',#2773,#363);
#206=LINE('',#2775,#364);
#207=LINE('',#2776,#365);
#208=LINE('',#2778,#366);
#209=LINE('',#2779,#367);
#210=LINE('',#2794,#368);
#211=LINE('',#2795,#369);
#212=VECTOR('',#1839,1.);
#213=VECTOR('',#1842,1.);
#214=VECTOR('',#1845,1.);
#215=VECTOR('',#1846,1.);
#216=VECTOR('',#1847,1.);
#217=VECTOR('',#1852,1.);
#218=VECTOR('',#1857,1.);
#219=VECTOR('',#1858,1.);
#220=VECTOR('',#1859,1.);
#221=VECTOR('',#1864,1.);
#222=VECTOR('',#1869,1.);
#223=VECTOR('',#1870,1.);
#224=VECTOR('',#1871,1.);
#225=VECTOR('',#1876,1.);
#226=VECTOR('',#1883,1.);
#227=VECTOR('',#1886,1.);
#228=VECTOR('',#1889,1.);
#229=VECTOR('',#1890,1.);
#230=VECTOR('',#1891,1.);
#231=VECTOR('',#1896,1.);
#232=VECTOR('',#1901,1.);
#233=VECTOR('',#1902,1.);
#234=VECTOR('',#1903,1.);
#235=VECTOR('',#1908,1.);
#236=VECTOR('',#1913,1.);
#237=VECTOR('',#1914,1.);
#238=VECTOR('',#1915,1.);
#239=VECTOR('',#1920,1.);
#240=VECTOR('',#1927,1.);
#241=VECTOR('',#1930,1.);
#242=VECTOR('',#1933,1.);
#243=VECTOR('',#1934,1.);
#244=VECTOR('',#1935,1.);
#245=VECTOR('',#1940,1.);
#246=VECTOR('',#1945,1.);
#247=VECTOR('',#1946,1.);
#248=VECTOR('',#1947,1.);
#249=VECTOR('',#1952,1.);
#250=VECTOR('',#1957,1.);
#251=VECTOR('',#1958,1.);
#252=VECTOR('',#1959,1.);
#253=VECTOR('',#1964,1.);
#254=VECTOR('',#1971,1.);
#255=VECTOR('',#1974,1.);
#256=VECTOR('',#1977,1.);
#257=VECTOR('',#1978,1.);
#258=VECTOR('',#1979,1.);
#259=VECTOR('',#1984,1.);
#260=VECTOR('',#1989,1.);
#261=VECTOR('',#1990,1.);
#262=VECTOR('',#1991,1.);
#263=VECTOR('',#1996,1.);
#264=VECTOR('',#2001,1.);
#265=VECTOR('',#2002,1.);
#266=VECTOR('',#2003,1.);
#267=VECTOR('',#2008,1.);
#268=VECTOR('',#2015,1.);
#269=VECTOR('',#2018,1.);
#270=VECTOR('',#2021,1.);
#271=VECTOR('',#2022,1.);
#272=VECTOR('',#2023,1.);
#273=VECTOR('',#2028,1.);
#274=VECTOR('',#2033,1.);
#275=VECTOR('',#2034,1.);
#276=VECTOR('',#2035,1.);
#277=VECTOR('',#2040,1.);
#278=VECTOR('',#2045,1.);
#279=VECTOR('',#2046,1.);
#280=VECTOR('',#2047,1.);
#281=VECTOR('',#2052,1.);
#282=VECTOR('',#2059,1.);
#283=VECTOR('',#2062,1.);
#284=VECTOR('',#2065,1.);
#285=VECTOR('',#2066,1.);
#286=VECTOR('',#2067,1.);
#287=VECTOR('',#2072,1.);
#288=VECTOR('',#2077,1.);
#289=VECTOR('',#2078,1.);
#290=VECTOR('',#2079,1.);
#291=VECTOR('',#2084,1.);
#292=VECTOR('',#2089,1.);
#293=VECTOR('',#2090,1.);
#294=VECTOR('',#2091,1.);
#295=VECTOR('',#2096,1.);
#296=VECTOR('',#2103,1.);
#297=VECTOR('',#2106,1.);
#298=VECTOR('',#2109,1.);
#299=VECTOR('',#2110,1.);
#300=VECTOR('',#2111,1.);
#301=VECTOR('',#2116,1.);
#302=VECTOR('',#2121,1.);
#303=VECTOR('',#2122,1.);
#304=VECTOR('',#2123,1.);
#305=VECTOR('',#2128,1.);
#306=VECTOR('',#2133,1.);
#307=VECTOR('',#2134,1.);
#308=VECTOR('',#2135,1.);
#309=VECTOR('',#2140,1.);
#310=VECTOR('',#2147,1.);
#311=VECTOR('',#2150,1.);
#312=VECTOR('',#2153,1.);
#313=VECTOR('',#2154,1.);
#314=VECTOR('',#2155,1.);
#315=VECTOR('',#2160,1.);
#316=VECTOR('',#2165,1.);
#317=VECTOR('',#2166,1.);
#318=VECTOR('',#2167,1.);
#319=VECTOR('',#2172,1.);
#320=VECTOR('',#2177,1.);
#321=VECTOR('',#2178,1.);
#322=VECTOR('',#2179,1.);
#323=VECTOR('',#2184,1.);
#324=VECTOR('',#2191,1.);
#325=VECTOR('',#2194,1.);
#326=VECTOR('',#2197,1.);
#327=VECTOR('',#2198,1.);
#328=VECTOR('',#2199,1.);
#329=VECTOR('',#2204,1.);
#330=VECTOR('',#2209,1.);
#331=VECTOR('',#2210,1.);
#332=VECTOR('',#2211,1.);
#333=VECTOR('',#2216,1.);
#334=VECTOR('',#2221,1.);
#335=VECTOR('',#2222,1.);
#336=VECTOR('',#2223,1.);
#337=VECTOR('',#2228,1.);
#338=VECTOR('',#2233,1.);
#339=VECTOR('',#2234,1.);
#340=VECTOR('',#2235,1.);
#341=VECTOR('',#2236,1.);
#342=VECTOR('',#2241,1.);
#343=VECTOR('',#2246,1.);
#344=VECTOR('',#2247,1.);
#345=VECTOR('',#2248,1.);
#346=VECTOR('',#2251,1.);
#347=VECTOR('',#2252,1.);
#348=VECTOR('',#2253,1.);
#349=VECTOR('',#2256,1.);
#350=VECTOR('',#2257,1.);
#351=VECTOR('',#2258,1.);
#352=VECTOR('',#2261,1.);
#353=VECTOR('',#2262,1.);
#354=VECTOR('',#2265,1.);
#355=VECTOR('',#2266,1.);
#356=VECTOR('',#2269,1.);
#357=VECTOR('',#2270,1.);
#358=VECTOR('',#2273,1.);
#359=VECTOR('',#2274,1.);
#360=VECTOR('',#2277,1.);
#361=VECTOR('',#2278,1.);
#362=VECTOR('',#2281,1.);
#363=VECTOR('',#2282,1.);
#364=VECTOR('',#2285,1.);
#365=VECTOR('',#2286,1.);
#366=VECTOR('',#2289,1.);
#367=VECTOR('',#2290,1.);
#368=VECTOR('',#2311,1.);
#369=VECTOR('',#2312,1.);
#370=ORIENTED_EDGE('',*,*,#846,.F.);
#371=ORIENTED_EDGE('',*,*,#847,.F.);
#372=ORIENTED_EDGE('',*,*,#848,.T.);
#373=ORIENTED_EDGE('',*,*,#849,.T.);
#374=ORIENTED_EDGE('',*,*,#850,.T.);
#375=ORIENTED_EDGE('',*,*,#851,.F.);
#376=ORIENTED_EDGE('',*,*,#852,.F.);
#377=ORIENTED_EDGE('',*,*,#847,.T.);
#378=ORIENTED_EDGE('',*,*,#853,.F.);
#379=ORIENTED_EDGE('',*,*,#854,.F.);
#380=ORIENTED_EDGE('',*,*,#855,.T.);
#381=ORIENTED_EDGE('',*,*,#851,.T.);
#382=ORIENTED_EDGE('',*,*,#856,.T.);
#383=ORIENTED_EDGE('',*,*,#857,.F.);
#384=ORIENTED_EDGE('',*,*,#858,.F.);
#385=ORIENTED_EDGE('',*,*,#854,.T.);
#386=ORIENTED_EDGE('',*,*,#859,.F.);
#387=ORIENTED_EDGE('',*,*,#860,.F.);
#388=ORIENTED_EDGE('',*,*,#861,.T.);
#389=ORIENTED_EDGE('',*,*,#857,.T.);
#390=ORIENTED_EDGE('',*,*,#862,.F.);
#391=ORIENTED_EDGE('',*,*,#863,.F.);
#392=ORIENTED_EDGE('',*,*,#864,.T.);
#393=ORIENTED_EDGE('',*,*,#860,.T.);
#394=ORIENTED_EDGE('',*,*,#865,.F.);
#395=ORIENTED_EDGE('',*,*,#866,.F.);
#396=ORIENTED_EDGE('',*,*,#867,.T.);
#397=ORIENTED_EDGE('',*,*,#863,.T.);
#398=ORIENTED_EDGE('',*,*,#868,.F.);
#399=ORIENTED_EDGE('',*,*,#869,.F.);
#400=ORIENTED_EDGE('',*,*,#870,.T.);
#401=ORIENTED_EDGE('',*,*,#871,.T.);
#402=ORIENTED_EDGE('',*,*,#872,.T.);
#403=ORIENTED_EDGE('',*,*,#873,.F.);
#404=ORIENTED_EDGE('',*,*,#874,.F.);
#405=ORIENTED_EDGE('',*,*,#869,.T.);
#406=ORIENTED_EDGE('',*,*,#875,.F.);
#407=ORIENTED_EDGE('',*,*,#876,.F.);
#408=ORIENTED_EDGE('',*,*,#877,.T.);
#409=ORIENTED_EDGE('',*,*,#873,.T.);
#410=ORIENTED_EDGE('',*,*,#878,.T.);
#411=ORIENTED_EDGE('',*,*,#879,.F.);
#412=ORIENTED_EDGE('',*,*,#880,.F.);
#413=ORIENTED_EDGE('',*,*,#876,.T.);
#414=ORIENTED_EDGE('',*,*,#881,.F.);
#415=ORIENTED_EDGE('',*,*,#882,.F.);
#416=ORIENTED_EDGE('',*,*,#883,.T.);
#417=ORIENTED_EDGE('',*,*,#879,.T.);
#418=ORIENTED_EDGE('',*,*,#884,.F.);
#419=ORIENTED_EDGE('',*,*,#885,.F.);
#420=ORIENTED_EDGE('',*,*,#886,.T.);
#421=ORIENTED_EDGE('',*,*,#882,.T.);
#422=ORIENTED_EDGE('',*,*,#887,.F.);
#423=ORIENTED_EDGE('',*,*,#888,.F.);
#424=ORIENTED_EDGE('',*,*,#889,.T.);
#425=ORIENTED_EDGE('',*,*,#885,.T.);
#426=ORIENTED_EDGE('',*,*,#890,.F.);
#427=ORIENTED_EDGE('',*,*,#891,.F.);
#428=ORIENTED_EDGE('',*,*,#892,.T.);
#429=ORIENTED_EDGE('',*,*,#893,.T.);
#430=ORIENTED_EDGE('',*,*,#894,.T.);
#431=ORIENTED_EDGE('',*,*,#895,.F.);
#432=ORIENTED_EDGE('',*,*,#896,.F.);
#433=ORIENTED_EDGE('',*,*,#891,.T.);
#434=ORIENTED_EDGE('',*,*,#897,.F.);
#435=ORIENTED_EDGE('',*,*,#898,.F.);
#436=ORIENTED_EDGE('',*,*,#899,.T.);
#437=ORIENTED_EDGE('',*,*,#895,.T.);
#438=ORIENTED_EDGE('',*,*,#900,.T.);
#439=ORIENTED_EDGE('',*,*,#901,.F.);
#440=ORIENTED_EDGE('',*,*,#902,.F.);
#441=ORIENTED_EDGE('',*,*,#898,.T.);
#442=ORIENTED_EDGE('',*,*,#903,.F.);
#443=ORIENTED_EDGE('',*,*,#904,.F.);
#444=ORIENTED_EDGE('',*,*,#905,.T.);
#445=ORIENTED_EDGE('',*,*,#901,.T.);
#446=ORIENTED_EDGE('',*,*,#906,.F.);
#447=ORIENTED_EDGE('',*,*,#907,.F.);
#448=ORIENTED_EDGE('',*,*,#908,.T.);
#449=ORIENTED_EDGE('',*,*,#904,.T.);
#450=ORIENTED_EDGE('',*,*,#909,.F.);
#451=ORIENTED_EDGE('',*,*,#910,.F.);
#452=ORIENTED_EDGE('',*,*,#911,.T.);
#453=ORIENTED_EDGE('',*,*,#907,.T.);
#454=ORIENTED_EDGE('',*,*,#912,.F.);
#455=ORIENTED_EDGE('',*,*,#913,.F.);
#456=ORIENTED_EDGE('',*,*,#914,.T.);
#457=ORIENTED_EDGE('',*,*,#915,.T.);
#458=ORIENTED_EDGE('',*,*,#916,.T.);
#459=ORIENTED_EDGE('',*,*,#917,.F.);
#460=ORIENTED_EDGE('',*,*,#918,.F.);
#461=ORIENTED_EDGE('',*,*,#913,.T.);
#462=ORIENTED_EDGE('',*,*,#919,.F.);
#463=ORIENTED_EDGE('',*,*,#920,.F.);
#464=ORIENTED_EDGE('',*,*,#921,.T.);
#465=ORIENTED_EDGE('',*,*,#917,.T.);
#466=ORIENTED_EDGE('',*,*,#922,.T.);
#467=ORIENTED_EDGE('',*,*,#923,.F.);
#468=ORIENTED_EDGE('',*,*,#924,.F.);
#469=ORIENTED_EDGE('',*,*,#920,.T.);
#470=ORIENTED_EDGE('',*,*,#925,.F.);
#471=ORIENTED_EDGE('',*,*,#926,.F.);
#472=ORIENTED_EDGE('',*,*,#927,.T.);
#473=ORIENTED_EDGE('',*,*,#923,.T.);
#474=ORIENTED_EDGE('',*,*,#928,.F.);
#475=ORIENTED_EDGE('',*,*,#929,.F.);
#476=ORIENTED_EDGE('',*,*,#930,.T.);
#477=ORIENTED_EDGE('',*,*,#926,.T.);
#478=ORIENTED_EDGE('',*,*,#931,.F.);
#479=ORIENTED_EDGE('',*,*,#932,.F.);
#480=ORIENTED_EDGE('',*,*,#933,.T.);
#481=ORIENTED_EDGE('',*,*,#929,.T.);
#482=ORIENTED_EDGE('',*,*,#934,.F.);
#483=ORIENTED_EDGE('',*,*,#935,.F.);
#484=ORIENTED_EDGE('',*,*,#936,.T.);
#485=ORIENTED_EDGE('',*,*,#937,.T.);
#486=ORIENTED_EDGE('',*,*,#938,.T.);
#487=ORIENTED_EDGE('',*,*,#939,.F.);
#488=ORIENTED_EDGE('',*,*,#940,.F.);
#489=ORIENTED_EDGE('',*,*,#935,.T.);
#490=ORIENTED_EDGE('',*,*,#941,.F.);
#491=ORIENTED_EDGE('',*,*,#942,.F.);
#492=ORIENTED_EDGE('',*,*,#943,.T.);
#493=ORIENTED_EDGE('',*,*,#939,.T.);
#494=ORIENTED_EDGE('',*,*,#944,.T.);
#495=ORIENTED_EDGE('',*,*,#945,.F.);
#496=ORIENTED_EDGE('',*,*,#946,.F.);
#497=ORIENTED_EDGE('',*,*,#942,.T.);
#498=ORIENTED_EDGE('',*,*,#947,.F.);
#499=ORIENTED_EDGE('',*,*,#948,.F.);
#500=ORIENTED_EDGE('',*,*,#949,.T.);
#501=ORIENTED_EDGE('',*,*,#945,.T.);
#502=ORIENTED_EDGE('',*,*,#950,.F.);
#503=ORIENTED_EDGE('',*,*,#951,.F.);
#504=ORIENTED_EDGE('',*,*,#952,.T.);
#505=ORIENTED_EDGE('',*,*,#948,.T.);
#506=ORIENTED_EDGE('',*,*,#953,.F.);
#507=ORIENTED_EDGE('',*,*,#954,.F.);
#508=ORIENTED_EDGE('',*,*,#955,.T.);
#509=ORIENTED_EDGE('',*,*,#951,.T.);
#510=ORIENTED_EDGE('',*,*,#956,.F.);
#511=ORIENTED_EDGE('',*,*,#957,.F.);
#512=ORIENTED_EDGE('',*,*,#958,.T.);
#513=ORIENTED_EDGE('',*,*,#959,.T.);
#514=ORIENTED_EDGE('',*,*,#960,.T.);
#515=ORIENTED_EDGE('',*,*,#961,.F.);
#516=ORIENTED_EDGE('',*,*,#962,.F.);
#517=ORIENTED_EDGE('',*,*,#957,.T.);
#518=ORIENTED_EDGE('',*,*,#963,.F.);
#519=ORIENTED_EDGE('',*,*,#964,.F.);
#520=ORIENTED_EDGE('',*,*,#965,.T.);
#521=ORIENTED_EDGE('',*,*,#961,.T.);
#522=ORIENTED_EDGE('',*,*,#966,.T.);
#523=ORIENTED_EDGE('',*,*,#967,.F.);
#524=ORIENTED_EDGE('',*,*,#968,.F.);
#525=ORIENTED_EDGE('',*,*,#964,.T.);
#526=ORIENTED_EDGE('',*,*,#969,.F.);
#527=ORIENTED_EDGE('',*,*,#970,.F.);
#528=ORIENTED_EDGE('',*,*,#971,.T.);
#529=ORIENTED_EDGE('',*,*,#967,.T.);
#530=ORIENTED_EDGE('',*,*,#972,.F.);
#531=ORIENTED_EDGE('',*,*,#973,.F.);
#532=ORIENTED_EDGE('',*,*,#974,.T.);
#533=ORIENTED_EDGE('',*,*,#970,.T.);
#534=ORIENTED_EDGE('',*,*,#975,.F.);
#535=ORIENTED_EDGE('',*,*,#976,.F.);
#536=ORIENTED_EDGE('',*,*,#977,.T.);
#537=ORIENTED_EDGE('',*,*,#973,.T.);
#538=ORIENTED_EDGE('',*,*,#978,.F.);
#539=ORIENTED_EDGE('',*,*,#979,.F.);
#540=ORIENTED_EDGE('',*,*,#980,.T.);
#541=ORIENTED_EDGE('',*,*,#981,.T.);
#542=ORIENTED_EDGE('',*,*,#982,.T.);
#543=ORIENTED_EDGE('',*,*,#983,.F.);
#544=ORIENTED_EDGE('',*,*,#984,.F.);
#545=ORIENTED_EDGE('',*,*,#979,.T.);
#546=ORIENTED_EDGE('',*,*,#985,.F.);
#547=ORIENTED_EDGE('',*,*,#986,.F.);
#548=ORIENTED_EDGE('',*,*,#987,.T.);
#549=ORIENTED_EDGE('',*,*,#983,.T.);
#550=ORIENTED_EDGE('',*,*,#988,.T.);
#551=ORIENTED_EDGE('',*,*,#989,.F.);
#552=ORIENTED_EDGE('',*,*,#990,.F.);
#553=ORIENTED_EDGE('',*,*,#986,.T.);
#554=ORIENTED_EDGE('',*,*,#991,.F.);
#555=ORIENTED_EDGE('',*,*,#992,.F.);
#556=ORIENTED_EDGE('',*,*,#993,.T.);
#557=ORIENTED_EDGE('',*,*,#989,.T.);
#558=ORIENTED_EDGE('',*,*,#994,.F.);
#559=ORIENTED_EDGE('',*,*,#995,.F.);
#560=ORIENTED_EDGE('',*,*,#996,.T.);
#561=ORIENTED_EDGE('',*,*,#992,.T.);
#562=ORIENTED_EDGE('',*,*,#997,.F.);
#563=ORIENTED_EDGE('',*,*,#998,.F.);
#564=ORIENTED_EDGE('',*,*,#999,.T.);
#565=ORIENTED_EDGE('',*,*,#995,.T.);
#566=ORIENTED_EDGE('',*,*,#1000,.F.);
#567=ORIENTED_EDGE('',*,*,#1001,.F.);
#568=ORIENTED_EDGE('',*,*,#1002,.T.);
#569=ORIENTED_EDGE('',*,*,#1003,.T.);
#570=ORIENTED_EDGE('',*,*,#1004,.T.);
#571=ORIENTED_EDGE('',*,*,#1005,.F.);
#572=ORIENTED_EDGE('',*,*,#1006,.F.);
#573=ORIENTED_EDGE('',*,*,#1001,.T.);
#574=ORIENTED_EDGE('',*,*,#1007,.F.);
#575=ORIENTED_EDGE('',*,*,#1008,.F.);
#576=ORIENTED_EDGE('',*,*,#1009,.T.);
#577=ORIENTED_EDGE('',*,*,#1005,.T.);
#578=ORIENTED_EDGE('',*,*,#1010,.T.);
#579=ORIENTED_EDGE('',*,*,#1011,.F.);
#580=ORIENTED_EDGE('',*,*,#1012,.F.);
#581=ORIENTED_EDGE('',*,*,#1008,.T.);
#582=ORIENTED_EDGE('',*,*,#1013,.F.);
#583=ORIENTED_EDGE('',*,*,#1014,.F.);
#584=ORIENTED_EDGE('',*,*,#1015,.T.);
#585=ORIENTED_EDGE('',*,*,#1011,.T.);
#586=ORIENTED_EDGE('',*,*,#1016,.F.);
#587=ORIENTED_EDGE('',*,*,#1017,.F.);
#588=ORIENTED_EDGE('',*,*,#1018,.T.);
#589=ORIENTED_EDGE('',*,*,#1014,.T.);
#590=ORIENTED_EDGE('',*,*,#1019,.F.);
#591=ORIENTED_EDGE('',*,*,#1020,.F.);
#592=ORIENTED_EDGE('',*,*,#1021,.T.);
#593=ORIENTED_EDGE('',*,*,#1017,.T.);
#594=ORIENTED_EDGE('',*,*,#1022,.F.);
#595=ORIENTED_EDGE('',*,*,#1023,.F.);
#596=ORIENTED_EDGE('',*,*,#1024,.T.);
#597=ORIENTED_EDGE('',*,*,#1025,.T.);
#598=ORIENTED_EDGE('',*,*,#1026,.T.);
#599=ORIENTED_EDGE('',*,*,#1027,.F.);
#600=ORIENTED_EDGE('',*,*,#1028,.F.);
#601=ORIENTED_EDGE('',*,*,#1023,.T.);
#602=ORIENTED_EDGE('',*,*,#1029,.F.);
#603=ORIENTED_EDGE('',*,*,#1030,.F.);
#604=ORIENTED_EDGE('',*,*,#1031,.T.);
#605=ORIENTED_EDGE('',*,*,#1027,.T.);
#606=ORIENTED_EDGE('',*,*,#1032,.F.);
#607=ORIENTED_EDGE('',*,*,#1033,.F.);
#608=ORIENTED_EDGE('',*,*,#1034,.T.);
#609=ORIENTED_EDGE('',*,*,#1030,.T.);
#610=ORIENTED_EDGE('',*,*,#1035,.F.);
#611=ORIENTED_EDGE('',*,*,#1036,.F.);
#612=ORIENTED_EDGE('',*,*,#1037,.T.);
#613=ORIENTED_EDGE('',*,*,#1033,.T.);
#614=ORIENTED_EDGE('',*,*,#1038,.F.);
#615=ORIENTED_EDGE('',*,*,#1039,.F.);
#616=ORIENTED_EDGE('',*,*,#1040,.T.);
#617=ORIENTED_EDGE('',*,*,#1036,.T.);
#618=ORIENTED_EDGE('',*,*,#1041,.F.);
#619=ORIENTED_EDGE('',*,*,#1042,.F.);
#620=ORIENTED_EDGE('',*,*,#1043,.T.);
#621=ORIENTED_EDGE('',*,*,#1039,.T.);
#622=ORIENTED_EDGE('',*,*,#1044,.F.);
#623=ORIENTED_EDGE('',*,*,#1045,.F.);
#624=ORIENTED_EDGE('',*,*,#1046,.T.);
#625=ORIENTED_EDGE('',*,*,#1047,.T.);
#626=ORIENTED_EDGE('',*,*,#1048,.T.);
#627=ORIENTED_EDGE('',*,*,#1049,.F.);
#628=ORIENTED_EDGE('',*,*,#1050,.F.);
#629=ORIENTED_EDGE('',*,*,#1045,.T.);
#630=ORIENTED_EDGE('',*,*,#1051,.T.);
#631=ORIENTED_EDGE('',*,*,#1052,.F.);
#632=ORIENTED_EDGE('',*,*,#1053,.F.);
#633=ORIENTED_EDGE('',*,*,#1049,.T.);
#634=ORIENTED_EDGE('',*,*,#1054,.T.);
#635=ORIENTED_EDGE('',*,*,#1055,.F.);
#636=ORIENTED_EDGE('',*,*,#1056,.F.);
#637=ORIENTED_EDGE('',*,*,#1052,.T.);
#638=ORIENTED_EDGE('',*,*,#1057,.F.);
#639=ORIENTED_EDGE('',*,*,#1058,.F.);
#640=ORIENTED_EDGE('',*,*,#1059,.T.);
#641=ORIENTED_EDGE('',*,*,#1055,.T.);
#642=ORIENTED_EDGE('',*,*,#1060,.F.);
#643=ORIENTED_EDGE('',*,*,#871,.F.);
#644=ORIENTED_EDGE('',*,*,#1061,.T.);
#645=ORIENTED_EDGE('',*,*,#888,.T.);
#646=ORIENTED_EDGE('',*,*,#1062,.F.);
#647=ORIENTED_EDGE('',*,*,#893,.F.);
#648=ORIENTED_EDGE('',*,*,#1063,.T.);
#649=ORIENTED_EDGE('',*,*,#910,.T.);
#650=ORIENTED_EDGE('',*,*,#1064,.F.);
#651=ORIENTED_EDGE('',*,*,#915,.F.);
#652=ORIENTED_EDGE('',*,*,#1065,.T.);
#653=ORIENTED_EDGE('',*,*,#932,.T.);
#654=ORIENTED_EDGE('',*,*,#1066,.F.);
#655=ORIENTED_EDGE('',*,*,#937,.F.);
#656=ORIENTED_EDGE('',*,*,#1067,.T.);
#657=ORIENTED_EDGE('',*,*,#954,.T.);
#658=ORIENTED_EDGE('',*,*,#1068,.F.);
#659=ORIENTED_EDGE('',*,*,#959,.F.);
#660=ORIENTED_EDGE('',*,*,#1069,.T.);
#661=ORIENTED_EDGE('',*,*,#976,.T.);
#662=ORIENTED_EDGE('',*,*,#1070,.F.);
#663=ORIENTED_EDGE('',*,*,#981,.F.);
#664=ORIENTED_EDGE('',*,*,#1071,.T.);
#665=ORIENTED_EDGE('',*,*,#998,.T.);
#666=ORIENTED_EDGE('',*,*,#1072,.F.);
#667=ORIENTED_EDGE('',*,*,#1003,.F.);
#668=ORIENTED_EDGE('',*,*,#1073,.T.);
#669=ORIENTED_EDGE('',*,*,#1020,.T.);
#670=ORIENTED_EDGE('',*,*,#1074,.T.);
#671=ORIENTED_EDGE('',*,*,#1025,.F.);
#672=ORIENTED_EDGE('',*,*,#1075,.F.);
#673=ORIENTED_EDGE('',*,*,#1042,.T.);
#674=ORIENTED_EDGE('',*,*,#1076,.T.);
#675=ORIENTED_EDGE('',*,*,#1077,.F.);
#676=ORIENTED_EDGE('',*,*,#1078,.T.);
#677=ORIENTED_EDGE('',*,*,#1079,.F.);
#678=ORIENTED_EDGE('',*,*,#1080,.T.);
#679=ORIENTED_EDGE('',*,*,#1047,.F.);
#680=ORIENTED_EDGE('',*,*,#1081,.F.);
#681=ORIENTED_EDGE('',*,*,#1058,.T.);
#682=ORIENTED_EDGE('',*,*,#1082,.F.);
#683=ORIENTED_EDGE('',*,*,#849,.F.);
#684=ORIENTED_EDGE('',*,*,#1083,.T.);
#685=ORIENTED_EDGE('',*,*,#866,.T.);
#686=ORIENTED_EDGE('',*,*,#1046,.F.);
#687=ORIENTED_EDGE('',*,*,#1050,.T.);
#688=ORIENTED_EDGE('',*,*,#1053,.T.);
#689=ORIENTED_EDGE('',*,*,#1056,.T.);
#690=ORIENTED_EDGE('',*,*,#1059,.F.);
#691=ORIENTED_EDGE('',*,*,#1081,.T.);
#692=ORIENTED_EDGE('',*,*,#1078,.F.);
#693=ORIENTED_EDGE('',*,*,#1076,.F.);
#694=ORIENTED_EDGE('',*,*,#1024,.F.);
#695=ORIENTED_EDGE('',*,*,#1028,.T.);
#696=ORIENTED_EDGE('',*,*,#1031,.F.);
#697=ORIENTED_EDGE('',*,*,#1034,.F.);
#698=ORIENTED_EDGE('',*,*,#1037,.F.);
#699=ORIENTED_EDGE('',*,*,#1040,.F.);
#700=ORIENTED_EDGE('',*,*,#1043,.F.);
#701=ORIENTED_EDGE('',*,*,#1075,.T.);
#702=ORIENTED_EDGE('',*,*,#1002,.F.);
#703=ORIENTED_EDGE('',*,*,#1006,.T.);
#704=ORIENTED_EDGE('',*,*,#1009,.F.);
#705=ORIENTED_EDGE('',*,*,#1012,.T.);
#706=ORIENTED_EDGE('',*,*,#1015,.F.);
#707=ORIENTED_EDGE('',*,*,#1018,.F.);
#708=ORIENTED_EDGE('',*,*,#1021,.F.);
#709=ORIENTED_EDGE('',*,*,#1073,.F.);
#710=ORIENTED_EDGE('',*,*,#980,.F.);
#711=ORIENTED_EDGE('',*,*,#984,.T.);
#712=ORIENTED_EDGE('',*,*,#987,.F.);
#713=ORIENTED_EDGE('',*,*,#990,.T.);
#714=ORIENTED_EDGE('',*,*,#993,.F.);
#715=ORIENTED_EDGE('',*,*,#996,.F.);
#716=ORIENTED_EDGE('',*,*,#999,.F.);
#717=ORIENTED_EDGE('',*,*,#1071,.F.);
#718=ORIENTED_EDGE('',*,*,#958,.F.);
#719=ORIENTED_EDGE('',*,*,#962,.T.);
#720=ORIENTED_EDGE('',*,*,#965,.F.);
#721=ORIENTED_EDGE('',*,*,#968,.T.);
#722=ORIENTED_EDGE('',*,*,#971,.F.);
#723=ORIENTED_EDGE('',*,*,#974,.F.);
#724=ORIENTED_EDGE('',*,*,#977,.F.);
#725=ORIENTED_EDGE('',*,*,#1069,.F.);
#726=ORIENTED_EDGE('',*,*,#936,.F.);
#727=ORIENTED_EDGE('',*,*,#940,.T.);
#728=ORIENTED_EDGE('',*,*,#943,.F.);
#729=ORIENTED_EDGE('',*,*,#946,.T.);
#730=ORIENTED_EDGE('',*,*,#949,.F.);
#731=ORIENTED_EDGE('',*,*,#952,.F.);
#732=ORIENTED_EDGE('',*,*,#955,.F.);
#733=ORIENTED_EDGE('',*,*,#1067,.F.);
#734=ORIENTED_EDGE('',*,*,#914,.F.);
#735=ORIENTED_EDGE('',*,*,#918,.T.);
#736=ORIENTED_EDGE('',*,*,#921,.F.);
#737=ORIENTED_EDGE('',*,*,#924,.T.);
#738=ORIENTED_EDGE('',*,*,#927,.F.);
#739=ORIENTED_EDGE('',*,*,#930,.F.);
#740=ORIENTED_EDGE('',*,*,#933,.F.);
#741=ORIENTED_EDGE('',*,*,#1065,.F.);
#742=ORIENTED_EDGE('',*,*,#892,.F.);
#743=ORIENTED_EDGE('',*,*,#896,.T.);
#744=ORIENTED_EDGE('',*,*,#899,.F.);
#745=ORIENTED_EDGE('',*,*,#902,.T.);
#746=ORIENTED_EDGE('',*,*,#905,.F.);
#747=ORIENTED_EDGE('',*,*,#908,.F.);
#748=ORIENTED_EDGE('',*,*,#911,.F.);
#749=ORIENTED_EDGE('',*,*,#1063,.F.);
#750=ORIENTED_EDGE('',*,*,#870,.F.);
#751=ORIENTED_EDGE('',*,*,#874,.T.);
#752=ORIENTED_EDGE('',*,*,#877,.F.);
#753=ORIENTED_EDGE('',*,*,#880,.T.);
#754=ORIENTED_EDGE('',*,*,#883,.F.);
#755=ORIENTED_EDGE('',*,*,#886,.F.);
#756=ORIENTED_EDGE('',*,*,#889,.F.);
#757=ORIENTED_EDGE('',*,*,#1061,.F.);
#758=ORIENTED_EDGE('',*,*,#848,.F.);
#759=ORIENTED_EDGE('',*,*,#852,.T.);
#760=ORIENTED_EDGE('',*,*,#855,.F.);
#761=ORIENTED_EDGE('',*,*,#858,.T.);
#762=ORIENTED_EDGE('',*,*,#861,.F.);
#763=ORIENTED_EDGE('',*,*,#864,.F.);
#764=ORIENTED_EDGE('',*,*,#867,.F.);
#765=ORIENTED_EDGE('',*,*,#1083,.F.);
#766=ORIENTED_EDGE('',*,*,#1044,.T.);
#767=ORIENTED_EDGE('',*,*,#1080,.F.);
#768=ORIENTED_EDGE('',*,*,#1057,.T.);
#769=ORIENTED_EDGE('',*,*,#1054,.F.);
#770=ORIENTED_EDGE('',*,*,#1051,.F.);
#771=ORIENTED_EDGE('',*,*,#1048,.F.);
#772=ORIENTED_EDGE('',*,*,#1079,.T.);
#773=ORIENTED_EDGE('',*,*,#1077,.T.);
#774=ORIENTED_EDGE('',*,*,#1022,.T.);
#775=ORIENTED_EDGE('',*,*,#1074,.F.);
#776=ORIENTED_EDGE('',*,*,#1041,.T.);
#777=ORIENTED_EDGE('',*,*,#1038,.T.);
#778=ORIENTED_EDGE('',*,*,#1035,.T.);
#779=ORIENTED_EDGE('',*,*,#1032,.T.);
#780=ORIENTED_EDGE('',*,*,#1029,.T.);
#781=ORIENTED_EDGE('',*,*,#1026,.F.);
#782=ORIENTED_EDGE('',*,*,#1000,.T.);
#783=ORIENTED_EDGE('',*,*,#1072,.T.);
#784=ORIENTED_EDGE('',*,*,#1019,.T.);
#785=ORIENTED_EDGE('',*,*,#1016,.T.);
#786=ORIENTED_EDGE('',*,*,#1013,.T.);
#787=ORIENTED_EDGE('',*,*,#1010,.F.);
#788=ORIENTED_EDGE('',*,*,#1007,.T.);
#789=ORIENTED_EDGE('',*,*,#1004,.F.);
#790=ORIENTED_EDGE('',*,*,#978,.T.);
#791=ORIENTED_EDGE('',*,*,#1070,.T.);
#792=ORIENTED_EDGE('',*,*,#997,.T.);
#793=ORIENTED_EDGE('',*,*,#994,.T.);
#794=ORIENTED_EDGE('',*,*,#991,.T.);
#795=ORIENTED_EDGE('',*,*,#988,.F.);
#796=ORIENTED_EDGE('',*,*,#985,.T.);
#797=ORIENTED_EDGE('',*,*,#982,.F.);
#798=ORIENTED_EDGE('',*,*,#956,.T.);
#799=ORIENTED_EDGE('',*,*,#1068,.T.);
#800=ORIENTED_EDGE('',*,*,#975,.T.);
#801=ORIENTED_EDGE('',*,*,#972,.T.);
#802=ORIENTED_EDGE('',*,*,#969,.T.);
#803=ORIENTED_EDGE('',*,*,#966,.F.);
#804=ORIENTED_EDGE('',*,*,#963,.T.);
#805=ORIENTED_EDGE('',*,*,#960,.F.);
#806=ORIENTED_EDGE('',*,*,#934,.T.);
#807=ORIENTED_EDGE('',*,*,#1066,.T.);
#808=ORIENTED_EDGE('',*,*,#953,.T.);
#809=ORIENTED_EDGE('',*,*,#950,.T.);
#810=ORIENTED_EDGE('',*,*,#947,.T.);
#811=ORIENTED_EDGE('',*,*,#944,.F.);
#812=ORIENTED_EDGE('',*,*,#941,.T.);
#813=ORIENTED_EDGE('',*,*,#938,.F.);
#814=ORIENTED_EDGE('',*,*,#912,.T.);
#815=ORIENTED_EDGE('',*,*,#1064,.T.);
#816=ORIENTED_EDGE('',*,*,#931,.T.);
#817=ORIENTED_EDGE('',*,*,#928,.T.);
#818=ORIENTED_EDGE('',*,*,#925,.T.);
#819=ORIENTED_EDGE('',*,*,#922,.F.);
#820=ORIENTED_EDGE('',*,*,#919,.T.);
#821=ORIENTED_EDGE('',*,*,#916,.F.);
#822=ORIENTED_EDGE('',*,*,#890,.T.);
#823=ORIENTED_EDGE('',*,*,#1062,.T.);
#824=ORIENTED_EDGE('',*,*,#909,.T.);
#825=ORIENTED_EDGE('',*,*,#906,.T.);
#826=ORIENTED_EDGE('',*,*,#903,.T.);
#827=ORIENTED_EDGE('',*,*,#900,.F.);
#828=ORIENTED_EDGE('',*,*,#897,.T.);
#829=ORIENTED_EDGE('',*,*,#894,.F.);
#830=ORIENTED_EDGE('',*,*,#868,.T.);
#831=ORIENTED_EDGE('',*,*,#1060,.T.);
#832=ORIENTED_EDGE('',*,*,#887,.T.);
#833=ORIENTED_EDGE('',*,*,#884,.T.);
#834=ORIENTED_EDGE('',*,*,#881,.T.);
#835=ORIENTED_EDGE('',*,*,#878,.F.);
#836=ORIENTED_EDGE('',*,*,#875,.T.);
#837=ORIENTED_EDGE('',*,*,#872,.F.);
#838=ORIENTED_EDGE('',*,*,#846,.T.);
#839=ORIENTED_EDGE('',*,*,#1082,.T.);
#840=ORIENTED_EDGE('',*,*,#865,.T.);
#841=ORIENTED_EDGE('',*,*,#862,.T.);
#842=ORIENTED_EDGE('',*,*,#859,.T.);
#843=ORIENTED_EDGE('',*,*,#856,.F.);
#844=ORIENTED_EDGE('',*,*,#853,.T.);
#845=ORIENTED_EDGE('',*,*,#850,.F.);
#846=EDGE_CURVE('',#1084,#1085,#1244,.T.);
#847=EDGE_CURVE('',#1086,#1084,#54,.T.);
#848=EDGE_CURVE('',#1086,#1087,#1245,.T.);
#849=EDGE_CURVE('',#1087,#1085,#55,.T.);
#850=EDGE_CURVE('',#1084,#1088,#56,.T.);
#851=EDGE_CURVE('',#1089,#1088,#57,.T.);
#852=EDGE_CURVE('',#1086,#1089,#58,.T.);
#853=EDGE_CURVE('',#1090,#1088,#1246,.T.);
#854=EDGE_CURVE('',#1091,#1090,#59,.T.);
#855=EDGE_CURVE('',#1091,#1089,#1247,.T.);
#856=EDGE_CURVE('',#1090,#1092,#60,.T.);
#857=EDGE_CURVE('',#1093,#1092,#61,.T.);
#858=EDGE_CURVE('',#1091,#1093,#62,.T.);
#859=EDGE_CURVE('',#1094,#1092,#1248,.T.);
#860=EDGE_CURVE('',#1095,#1094,#63,.T.);
#861=EDGE_CURVE('',#1095,#1093,#1249,.T.);
#862=EDGE_CURVE('',#1096,#1094,#64,.T.);
#863=EDGE_CURVE('',#1097,#1096,#65,.T.);
#864=EDGE_CURVE('',#1097,#1095,#66,.T.);
#865=EDGE_CURVE('',#1098,#1096,#1250,.T.);
#866=EDGE_CURVE('',#1099,#1098,#67,.T.);
#867=EDGE_CURVE('',#1099,#1097,#1251,.T.);
#868=EDGE_CURVE('',#1100,#1101,#1252,.T.);
#869=EDGE_CURVE('',#1102,#1100,#68,.T.);
#870=EDGE_CURVE('',#1102,#1103,#1253,.T.);
#871=EDGE_CURVE('',#1103,#1101,#69,.T.);
#872=EDGE_CURVE('',#1100,#1104,#70,.T.);
#873=EDGE_CURVE('',#1105,#1104,#71,.T.);
#874=EDGE_CURVE('',#1102,#1105,#72,.T.);
#875=EDGE_CURVE('',#1106,#1104,#1254,.T.);
#876=EDGE_CURVE('',#1107,#1106,#73,.T.);
#877=EDGE_CURVE('',#1107,#1105,#1255,.T.);
#878=EDGE_CURVE('',#1106,#1108,#74,.T.);
#879=EDGE_CURVE('',#1109,#1108,#75,.T.);
#880=EDGE_CURVE('',#1107,#1109,#76,.T.);
#881=EDGE_CURVE('',#1110,#1108,#1256,.T.);
#882=EDGE_CURVE('',#1111,#1110,#77,.T.);
#883=EDGE_CURVE('',#1111,#1109,#1257,.T.);
#884=EDGE_CURVE('',#1112,#1110,#78,.T.);
#885=EDGE_CURVE('',#1113,#1112,#79,.T.);
#886=EDGE_CURVE('',#1113,#1111,#80,.T.);
#887=EDGE_CURVE('',#1114,#1112,#1258,.T.);
#888=EDGE_CURVE('',#1115,#1114,#81,.T.);
#889=EDGE_CURVE('',#1115,#1113,#1259,.T.);
#890=EDGE_CURVE('',#1116,#1117,#1260,.T.);
#891=EDGE_CURVE('',#1118,#1116,#82,.T.);
#892=EDGE_CURVE('',#1118,#1119,#1261,.T.);
#893=EDGE_CURVE('',#1119,#1117,#83,.T.);
#894=EDGE_CURVE('',#1116,#1120,#84,.T.);
#895=EDGE_CURVE('',#1121,#1120,#85,.T.);
#896=EDGE_CURVE('',#1118,#1121,#86,.T.);
#897=EDGE_CURVE('',#1122,#1120,#1262,.T.);
#898=EDGE_CURVE('',#1123,#1122,#87,.T.);
#899=EDGE_CURVE('',#1123,#1121,#1263,.T.);
#900=EDGE_CURVE('',#1122,#1124,#88,.T.);
#901=EDGE_CURVE('',#1125,#1124,#89,.T.);
#902=EDGE_CURVE('',#1123,#1125,#90,.T.);
#903=EDGE_CURVE('',#1126,#1124,#1264,.T.);
#904=EDGE_CURVE('',#1127,#1126,#91,.T.);
#905=EDGE_CURVE('',#1127,#1125,#1265,.T.);
#906=EDGE_CURVE('',#1128,#1126,#92,.T.);
#907=EDGE_CURVE('',#1129,#1128,#93,.T.);
#908=EDGE_CURVE('',#1129,#1127,#94,.T.);
#909=EDGE_CURVE('',#1130,#1128,#1266,.T.);
#910=EDGE_CURVE('',#1131,#1130,#95,.T.);
#911=EDGE_CURVE('',#1131,#1129,#1267,.T.);
#912=EDGE_CURVE('',#1132,#1133,#1268,.T.);
#913=EDGE_CURVE('',#1134,#1132,#96,.T.);
#914=EDGE_CURVE('',#1134,#1135,#1269,.T.);
#915=EDGE_CURVE('',#1135,#1133,#97,.T.);
#916=EDGE_CURVE('',#1132,#1136,#98,.T.);
#917=EDGE_CURVE('',#1137,#1136,#99,.T.);
#918=EDGE_CURVE('',#1134,#1137,#100,.T.);
#919=EDGE_CURVE('',#1138,#1136,#1270,.T.);
#920=EDGE_CURVE('',#1139,#1138,#101,.T.);
#921=EDGE_CURVE('',#1139,#1137,#1271,.T.);
#922=EDGE_CURVE('',#1138,#1140,#102,.T.);
#923=EDGE_CURVE('',#1141,#1140,#103,.T.);
#924=EDGE_CURVE('',#1139,#1141,#104,.T.);
#925=EDGE_CURVE('',#1142,#1140,#1272,.T.);
#926=EDGE_CURVE('',#1143,#1142,#105,.T.);
#927=EDGE_CURVE('',#1143,#1141,#1273,.T.);
#928=EDGE_CURVE('',#1144,#1142,#106,.T.);
#929=EDGE_CURVE('',#1145,#1144,#107,.T.);
#930=EDGE_CURVE('',#1145,#1143,#108,.T.);
#931=EDGE_CURVE('',#1146,#1144,#1274,.T.);
#932=EDGE_CURVE('',#1147,#1146,#109,.T.);
#933=EDGE_CURVE('',#1147,#1145,#1275,.T.);
#934=EDGE_CURVE('',#1148,#1149,#1276,.T.);
#935=EDGE_CURVE('',#1150,#1148,#110,.T.);
#936=EDGE_CURVE('',#1150,#1151,#1277,.T.);
#937=EDGE_CURVE('',#1151,#1149,#111,.T.);
#938=EDGE_CURVE('',#1148,#1152,#112,.T.);
#939=EDGE_CURVE('',#1153,#1152,#113,.T.);
#940=EDGE_CURVE('',#1150,#1153,#114,.T.);
#941=EDGE_CURVE('',#1154,#1152,#1278,.T.);
#942=EDGE_CURVE('',#1155,#1154,#115,.T.);
#943=EDGE_CURVE('',#1155,#1153,#1279,.T.);
#944=EDGE_CURVE('',#1154,#1156,#116,.T.);
#945=EDGE_CURVE('',#1157,#1156,#117,.T.);
#946=EDGE_CURVE('',#1155,#1157,#118,.T.);
#947=EDGE_CURVE('',#1158,#1156,#1280,.T.);
#948=EDGE_CURVE('',#1159,#1158,#119,.T.);
#949=EDGE_CURVE('',#1159,#1157,#1281,.T.);
#950=EDGE_CURVE('',#1160,#1158,#120,.T.);
#951=EDGE_CURVE('',#1161,#1160,#121,.T.);
#952=EDGE_CURVE('',#1161,#1159,#122,.T.);
#953=EDGE_CURVE('',#1162,#1160,#1282,.T.);
#954=EDGE_CURVE('',#1163,#1162,#123,.T.);
#955=EDGE_CURVE('',#1163,#1161,#1283,.T.);
#956=EDGE_CURVE('',#1164,#1165,#1284,.T.);
#957=EDGE_CURVE('',#1166,#1164,#124,.T.);
#958=EDGE_CURVE('',#1166,#1167,#1285,.T.);
#959=EDGE_CURVE('',#1167,#1165,#125,.T.);
#960=EDGE_CURVE('',#1164,#1168,#126,.T.);
#961=EDGE_CURVE('',#1169,#1168,#127,.T.);
#962=EDGE_CURVE('',#1166,#1169,#128,.T.);
#963=EDGE_CURVE('',#1170,#1168,#1286,.T.);
#964=EDGE_CURVE('',#1171,#1170,#129,.T.);
#965=EDGE_CURVE('',#1171,#1169,#1287,.T.);
#966=EDGE_CURVE('',#1170,#1172,#130,.T.);
#967=EDGE_CURVE('',#1173,#1172,#131,.T.);
#968=EDGE_CURVE('',#1171,#1173,#132,.T.);
#969=EDGE_CURVE('',#1174,#1172,#1288,.T.);
#970=EDGE_CURVE('',#1175,#1174,#133,.T.);
#971=EDGE_CURVE('',#1175,#1173,#1289,.T.);
#972=EDGE_CURVE('',#1176,#1174,#134,.T.);
#973=EDGE_CURVE('',#1177,#1176,#135,.T.);
#974=EDGE_CURVE('',#1177,#1175,#136,.T.);
#975=EDGE_CURVE('',#1178,#1176,#1290,.T.);
#976=EDGE_CURVE('',#1179,#1178,#137,.T.);
#977=EDGE_CURVE('',#1179,#1177,#1291,.T.);
#978=EDGE_CURVE('',#1180,#1181,#1292,.T.);
#979=EDGE_CURVE('',#1182,#1180,#138,.T.);
#980=EDGE_CURVE('',#1182,#1183,#1293,.T.);
#981=EDGE_CURVE('',#1183,#1181,#139,.T.);
#982=EDGE_CURVE('',#1180,#1184,#140,.T.);
#983=EDGE_CURVE('',#1185,#1184,#141,.T.);
#984=EDGE_CURVE('',#1182,#1185,#142,.T.);
#985=EDGE_CURVE('',#1186,#1184,#1294,.T.);
#986=EDGE_CURVE('',#1187,#1186,#143,.T.);
#987=EDGE_CURVE('',#1187,#1185,#1295,.T.);
#988=EDGE_CURVE('',#1186,#1188,#144,.T.);
#989=EDGE_CURVE('',#1189,#1188,#145,.T.);
#990=EDGE_CURVE('',#1187,#1189,#146,.T.);
#991=EDGE_CURVE('',#1190,#1188,#1296,.T.);
#992=EDGE_CURVE('',#1191,#1190,#147,.T.);
#993=EDGE_CURVE('',#1191,#1189,#1297,.T.);
#994=EDGE_CURVE('',#1192,#1190,#148,.T.);
#995=EDGE_CURVE('',#1193,#1192,#149,.T.);
#996=EDGE_CURVE('',#1193,#1191,#150,.T.);
#997=EDGE_CURVE('',#1194,#1192,#1298,.T.);
#998=EDGE_CURVE('',#1195,#1194,#151,.T.);
#999=EDGE_CURVE('',#1195,#1193,#1299,.T.);
#1000=EDGE_CURVE('',#1196,#1197,#1300,.T.);
#1001=EDGE_CURVE('',#1198,#1196,#152,.T.);
#1002=EDGE_CURVE('',#1198,#1199,#1301,.T.);
#1003=EDGE_CURVE('',#1199,#1197,#153,.T.);
#1004=EDGE_CURVE('',#1196,#1200,#154,.T.);
#1005=EDGE_CURVE('',#1201,#1200,#155,.T.);
#1006=EDGE_CURVE('',#1198,#1201,#156,.T.);
#1007=EDGE_CURVE('',#1202,#1200,#1302,.T.);
#1008=EDGE_CURVE('',#1203,#1202,#157,.T.);
#1009=EDGE_CURVE('',#1203,#1201,#1303,.T.);
#1010=EDGE_CURVE('',#1202,#1204,#158,.T.);
#1011=EDGE_CURVE('',#1205,#1204,#159,.T.);
#1012=EDGE_CURVE('',#1203,#1205,#160,.T.);
#1013=EDGE_CURVE('',#1206,#1204,#1304,.T.);
#1014=EDGE_CURVE('',#1207,#1206,#161,.T.);
#1015=EDGE_CURVE('',#1207,#1205,#1305,.T.);
#1016=EDGE_CURVE('',#1208,#1206,#162,.T.);
#1017=EDGE_CURVE('',#1209,#1208,#163,.T.);
#1018=EDGE_CURVE('',#1209,#1207,#164,.T.);
#1019=EDGE_CURVE('',#1210,#1208,#1306,.T.);
#1020=EDGE_CURVE('',#1211,#1210,#165,.T.);
#1021=EDGE_CURVE('',#1211,#1209,#1307,.T.);
#1022=EDGE_CURVE('',#1212,#1213,#1308,.T.);
#1023=EDGE_CURVE('',#1214,#1212,#166,.T.);
#1024=EDGE_CURVE('',#1214,#1215,#1309,.T.);
#1025=EDGE_CURVE('',#1215,#1213,#167,.T.);
#1026=EDGE_CURVE('',#1212,#1216,#168,.T.);
#1027=EDGE_CURVE('',#1217,#1216,#169,.T.);
#1028=EDGE_CURVE('',#1214,#1217,#170,.T.);
#1029=EDGE_CURVE('',#1218,#1216,#1310,.T.);
#1030=EDGE_CURVE('',#1219,#1218,#171,.T.);
#1031=EDGE_CURVE('',#1219,#1217,#1311,.T.);
#1032=EDGE_CURVE('',#1220,#1218,#172,.T.);
#1033=EDGE_CURVE('',#1221,#1220,#173,.T.);
#1034=EDGE_CURVE('',#1221,#1219,#174,.T.);
#1035=EDGE_CURVE('',#1222,#1220,#1312,.T.);
#1036=EDGE_CURVE('',#1223,#1222,#175,.T.);
#1037=EDGE_CURVE('',#1223,#1221,#1313,.T.);
#1038=EDGE_CURVE('',#1224,#1222,#176,.T.);
#1039=EDGE_CURVE('',#1225,#1224,#177,.T.);
#1040=EDGE_CURVE('',#1225,#1223,#178,.T.);
#1041=EDGE_CURVE('',#1226,#1224,#1314,.T.);
#1042=EDGE_CURVE('',#1227,#1226,#179,.T.);
#1043=EDGE_CURVE('',#1227,#1225,#1315,.T.);
#1044=EDGE_CURVE('',#1228,#1229,#180,.T.);
#1045=EDGE_CURVE('',#1230,#1228,#181,.T.);
#1046=EDGE_CURVE('',#1230,#1231,#182,.T.);
#1047=EDGE_CURVE('',#1231,#1229,#183,.T.);
#1048=EDGE_CURVE('',#1228,#1232,#1316,.T.);
#1049=EDGE_CURVE('',#1233,#1232,#184,.T.);
#1050=EDGE_CURVE('',#1230,#1233,#1317,.T.);
#1051=EDGE_CURVE('',#1232,#1234,#185,.T.);
#1052=EDGE_CURVE('',#1235,#1234,#186,.T.);
#1053=EDGE_CURVE('',#1233,#1235,#187,.T.);
#1054=EDGE_CURVE('',#1234,#1236,#188,.T.);
#1055=EDGE_CURVE('',#1237,#1236,#189,.T.);
#1056=EDGE_CURVE('',#1235,#1237,#190,.T.);
#1057=EDGE_CURVE('',#1238,#1236,#191,.T.);
#1058=EDGE_CURVE('',#1239,#1238,#192,.T.);
#1059=EDGE_CURVE('',#1239,#1237,#193,.T.);
#1060=EDGE_CURVE('',#1101,#1114,#194,.T.);
#1061=EDGE_CURVE('',#1103,#1115,#195,.T.);
#1062=EDGE_CURVE('',#1117,#1130,#196,.T.);
#1063=EDGE_CURVE('',#1119,#1131,#197,.T.);
#1064=EDGE_CURVE('',#1133,#1146,#198,.T.);
#1065=EDGE_CURVE('',#1135,#1147,#199,.T.);
#1066=EDGE_CURVE('',#1149,#1162,#200,.T.);
#1067=EDGE_CURVE('',#1151,#1163,#201,.T.);
#1068=EDGE_CURVE('',#1165,#1178,#202,.T.);
#1069=EDGE_CURVE('',#1167,#1179,#203,.T.);
#1070=EDGE_CURVE('',#1181,#1194,#204,.T.);
#1071=EDGE_CURVE('',#1183,#1195,#205,.T.);
#1072=EDGE_CURVE('',#1197,#1210,#206,.T.);
#1073=EDGE_CURVE('',#1199,#1211,#207,.T.);
#1074=EDGE_CURVE('',#1226,#1213,#208,.T.);
#1075=EDGE_CURVE('',#1227,#1215,#209,.T.);
#1076=EDGE_CURVE('',#1240,#1240,#1318,.T.);
#1077=EDGE_CURVE('',#1241,#1241,#1319,.T.);
#1078=EDGE_CURVE('',#1242,#1242,#1320,.T.);
#1079=EDGE_CURVE('',#1243,#1243,#1321,.T.);
#1080=EDGE_CURVE('',#1238,#1229,#1322,.T.);
#1081=EDGE_CURVE('',#1239,#1231,#1323,.T.);
#1082=EDGE_CURVE('',#1085,#1098,#210,.T.);
#1083=EDGE_CURVE('',#1087,#1099,#211,.T.);
#1084=VERTEX_POINT('',#2320);
#1085=VERTEX_POINT('',#2321);
#1086=VERTEX_POINT('',#2323);
#1087=VERTEX_POINT('',#2325);
#1088=VERTEX_POINT('',#2329);
#1089=VERTEX_POINT('',#2331);
#1090=VERTEX_POINT('',#2335);
#1091=VERTEX_POINT('',#2337);
#1092=VERTEX_POINT('',#2341);
#1093=VERTEX_POINT('',#2343);
#1094=VERTEX_POINT('',#2347);
#1095=VERTEX_POINT('',#2349);
#1096=VERTEX_POINT('',#2353);
#1097=VERTEX_POINT('',#2355);
#1098=VERTEX_POINT('',#2359);
#1099=VERTEX_POINT('',#2361);
#1100=VERTEX_POINT('',#2365);
#1101=VERTEX_POINT('',#2366);
#1102=VERTEX_POINT('',#2368);
#1103=VERTEX_POINT('',#2370);
#1104=VERTEX_POINT('',#2374);
#1105=VERTEX_POINT('',#2376);
#1106=VERTEX_POINT('',#2380);
#1107=VERTEX_POINT('',#2382);
#1108=VERTEX_POINT('',#2386);
#1109=VERTEX_POINT('',#2388);
#1110=VERTEX_POINT('',#2392);
#1111=VERTEX_POINT('',#2394);
#1112=VERTEX_POINT('',#2398);
#1113=VERTEX_POINT('',#2400);
#1114=VERTEX_POINT('',#2404);
#1115=VERTEX_POINT('',#2406);
#1116=VERTEX_POINT('',#2410);
#1117=VERTEX_POINT('',#2411);
#1118=VERTEX_POINT('',#2413);
#1119=VERTEX_POINT('',#2415);
#1120=VERTEX_POINT('',#2419);
#1121=VERTEX_POINT('',#2421);
#1122=VERTEX_POINT('',#2425);
#1123=VERTEX_POINT('',#2427);
#1124=VERTEX_POINT('',#2431);
#1125=VERTEX_POINT('',#2433);
#1126=VERTEX_POINT('',#2437);
#1127=VERTEX_POINT('',#2439);
#1128=VERTEX_POINT('',#2443);
#1129=VERTEX_POINT('',#2445);
#1130=VERTEX_POINT('',#2449);
#1131=VERTEX_POINT('',#2451);
#1132=VERTEX_POINT('',#2455);
#1133=VERTEX_POINT('',#2456);
#1134=VERTEX_POINT('',#2458);
#1135=VERTEX_POINT('',#2460);
#1136=VERTEX_POINT('',#2464);
#1137=VERTEX_POINT('',#2466);
#1138=VERTEX_POINT('',#2470);
#1139=VERTEX_POINT('',#2472);
#1140=VERTEX_POINT('',#2476);
#1141=VERTEX_POINT('',#2478);
#1142=VERTEX_POINT('',#2482);
#1143=VERTEX_POINT('',#2484);
#1144=VERTEX_POINT('',#2488);
#1145=VERTEX_POINT('',#2490);
#1146=VERTEX_POINT('',#2494);
#1147=VERTEX_POINT('',#2496);
#1148=VERTEX_POINT('',#2500);
#1149=VERTEX_POINT('',#2501);
#1150=VERTEX_POINT('',#2503);
#1151=VERTEX_POINT('',#2505);
#1152=VERTEX_POINT('',#2509);
#1153=VERTEX_POINT('',#2511);
#1154=VERTEX_POINT('',#2515);
#1155=VERTEX_POINT('',#2517);
#1156=VERTEX_POINT('',#2521);
#1157=VERTEX_POINT('',#2523);
#1158=VERTEX_POINT('',#2527);
#1159=VERTEX_POINT('',#2529);
#1160=VERTEX_POINT('',#2533);
#1161=VERTEX_POINT('',#2535);
#1162=VERTEX_POINT('',#2539);
#1163=VERTEX_POINT('',#2541);
#1164=VERTEX_POINT('',#2545);
#1165=VERTEX_POINT('',#2546);
#1166=VERTEX_POINT('',#2548);
#1167=VERTEX_POINT('',#2550);
#1168=VERTEX_POINT('',#2554);
#1169=VERTEX_POINT('',#2556);
#1170=VERTEX_POINT('',#2560);
#1171=VERTEX_POINT('',#2562);
#1172=VERTEX_POINT('',#2566);
#1173=VERTEX_POINT('',#2568);
#1174=VERTEX_POINT('',#2572);
#1175=VERTEX_POINT('',#2574);
#1176=VERTEX_POINT('',#2578);
#1177=VERTEX_POINT('',#2580);
#1178=VERTEX_POINT('',#2584);
#1179=VERTEX_POINT('',#2586);
#1180=VERTEX_POINT('',#2590);
#1181=VERTEX_POINT('',#2591);
#1182=VERTEX_POINT('',#2593);
#1183=VERTEX_POINT('',#2595);
#1184=VERTEX_POINT('',#2599);
#1185=VERTEX_POINT('',#2601);
#1186=VERTEX_POINT('',#2605);
#1187=VERTEX_POINT('',#2607);
#1188=VERTEX_POINT('',#2611);
#1189=VERTEX_POINT('',#2613);
#1190=VERTEX_POINT('',#2617);
#1191=VERTEX_POINT('',#2619);
#1192=VERTEX_POINT('',#2623);
#1193=VERTEX_POINT('',#2625);
#1194=VERTEX_POINT('',#2629);
#1195=VERTEX_POINT('',#2631);
#1196=VERTEX_POINT('',#2635);
#1197=VERTEX_POINT('',#2636);
#1198=VERTEX_POINT('',#2638);
#1199=VERTEX_POINT('',#2640);
#1200=VERTEX_POINT('',#2644);
#1201=VERTEX_POINT('',#2646);
#1202=VERTEX_POINT('',#2650);
#1203=VERTEX_POINT('',#2652);
#1204=VERTEX_POINT('',#2656);
#1205=VERTEX_POINT('',#2658);
#1206=VERTEX_POINT('',#2662);
#1207=VERTEX_POINT('',#2664);
#1208=VERTEX_POINT('',#2668);
#1209=VERTEX_POINT('',#2670);
#1210=VERTEX_POINT('',#2674);
#1211=VERTEX_POINT('',#2676);
#1212=VERTEX_POINT('',#2680);
#1213=VERTEX_POINT('',#2681);
#1214=VERTEX_POINT('',#2683);
#1215=VERTEX_POINT('',#2685);
#1216=VERTEX_POINT('',#2689);
#1217=VERTEX_POINT('',#2691);
#1218=VERTEX_POINT('',#2695);
#1219=VERTEX_POINT('',#2697);
#1220=VERTEX_POINT('',#2701);
#1221=VERTEX_POINT('',#2703);
#1222=VERTEX_POINT('',#2707);
#1223=VERTEX_POINT('',#2709);
#1224=VERTEX_POINT('',#2713);
#1225=VERTEX_POINT('',#2715);
#1226=VERTEX_POINT('',#2719);
#1227=VERTEX_POINT('',#2721);
#1228=VERTEX_POINT('',#2725);
#1229=VERTEX_POINT('',#2726);
#1230=VERTEX_POINT('',#2728);
#1231=VERTEX_POINT('',#2730);
#1232=VERTEX_POINT('',#2734);
#1233=VERTEX_POINT('',#2736);
#1234=VERTEX_POINT('',#2740);
#1235=VERTEX_POINT('',#2742);
#1236=VERTEX_POINT('',#2746);
#1237=VERTEX_POINT('',#2748);
#1238=VERTEX_POINT('',#2752);
#1239=VERTEX_POINT('',#2754);
#1240=VERTEX_POINT('',#2782);
#1241=VERTEX_POINT('',#2784);
#1242=VERTEX_POINT('',#2787);
#1243=VERTEX_POINT('',#2789);
#1244=CIRCLE('',#1672,0.000498687555555551);
#1245=CIRCLE('',#1673,0.000498687555555551);
#1246=CIRCLE('',#1676,0.000498687555555557);
#1247=CIRCLE('',#1677,0.000498687555555557);
#1248=CIRCLE('',#1680,0.000498687555555559);
#1249=CIRCLE('',#1681,0.000498687555555559);
#1250=CIRCLE('',#1684,0.000498687555555554);
#1251=CIRCLE('',#1685,0.000498687555555554);
#1252=CIRCLE('',#1687,0.000498687555555555);
#1253=CIRCLE('',#1688,0.000498687555555555);
#1254=CIRCLE('',#1691,0.000498687555555557);
#1255=CIRCLE('',#1692,0.000498687555555557);
#1256=CIRCLE('',#1695,0.000498687555555559);
#1257=CIRCLE('',#1696,0.000498687555555559);
#1258=CIRCLE('',#1699,0.000498687555555558);
#1259=CIRCLE('',#1700,0.000498687555555558);
#1260=CIRCLE('',#1702,0.000498687555555556);
#1261=CIRCLE('',#1703,0.000498687555555556);
#1262=CIRCLE('',#1706,0.000498687555555555);
#1263=CIRCLE('',#1707,0.000498687555555555);
#1264=CIRCLE('',#1710,0.000498687555555557);
#1265=CIRCLE('',#1711,0.000498687555555557);
#1266=CIRCLE('',#1714,0.000498687555555558);
#1267=CIRCLE('',#1715,0.000498687555555558);
#1268=CIRCLE('',#1717,0.000498687555555555);
#1269=CIRCLE('',#1718,0.000498687555555555);
#1270=CIRCLE('',#1721,0.000498687555555557);
#1271=CIRCLE('',#1722,0.000498687555555557);
#1272=CIRCLE('',#1725,0.000498687555555557);
#1273=CIRCLE('',#1726,0.000498687555555557);
#1274=CIRCLE('',#1729,0.000498687555555555);
#1275=CIRCLE('',#1730,0.000498687555555555);
#1276=CIRCLE('',#1732,0.000498687555555556);
#1277=CIRCLE('',#1733,0.000498687555555556);
#1278=CIRCLE('',#1736,0.000498687555555556);
#1279=CIRCLE('',#1737,0.000498687555555556);
#1280=CIRCLE('',#1740,0.000498687555555555);
#1281=CIRCLE('',#1741,0.000498687555555555);
#1282=CIRCLE('',#1744,0.000498687555555556);
#1283=CIRCLE('',#1745,0.000498687555555556);
#1284=CIRCLE('',#1747,0.000498687555555554);
#1285=CIRCLE('',#1748,0.000498687555555554);
#1286=CIRCLE('',#1751,0.000498687555555559);
#1287=CIRCLE('',#1752,0.000498687555555559);
#1288=CIRCLE('',#1755,0.000498687555555557);
#1289=CIRCLE('',#1756,0.000498687555555557);
#1290=CIRCLE('',#1759,0.000498687555555551);
#1291=CIRCLE('',#1760,0.000498687555555551);
#1292=CIRCLE('',#1762,0.000498687555555558);
#1293=CIRCLE('',#1763,0.000498687555555558);
#1294=CIRCLE('',#1766,0.000498687555555559);
#1295=CIRCLE('',#1767,0.000498687555555559);
#1296=CIRCLE('',#1770,0.000498687555555557);
#1297=CIRCLE('',#1771,0.000498687555555557);
#1298=CIRCLE('',#1774,0.000498687555555555);
#1299=CIRCLE('',#1775,0.000498687555555555);
#1300=CIRCLE('',#1777,0.000498687555555558);
#1301=CIRCLE('',#1778,0.000498687555555558);
#1302=CIRCLE('',#1781,0.000498687555555557);
#1303=CIRCLE('',#1782,0.000498687555555557);
#1304=CIRCLE('',#1785,0.000498687555555555);
#1305=CIRCLE('',#1786,0.000498687555555555);
#1306=CIRCLE('',#1789,0.000498687555555556);
#1307=CIRCLE('',#1790,0.000498687555555556);
#1308=CIRCLE('',#1792,0.000498687555555557);
#1309=CIRCLE('',#1793,0.000498687555555557);
#1310=CIRCLE('',#1796,0.000498687555555557);
#1311=CIRCLE('',#1797,0.000498687555555557);
#1312=CIRCLE('',#1800,0.000498687555555551);
#1313=CIRCLE('',#1801,0.000498687555555551);
#1314=CIRCLE('',#1804,0.000498687555555551);
#1315=CIRCLE('',#1805,0.000498687555555551);
#1316=CIRCLE('',#1808,0.005);
#1317=CIRCLE('',#1809,0.005);
#1318=CIRCLE('',#1822,0.00145);
#1319=CIRCLE('',#1823,0.00145);
#1320=CIRCLE('',#1825,0.00145);
#1321=CIRCLE('',#1826,0.00145);
#1322=CIRCLE('',#1828,0.005);
#1323=CIRCLE('',#1829,0.005);
#1324=EDGE_LOOP('',(#370,#371,#372,#373));
#1325=EDGE_LOOP('',(#374,#375,#376,#377));
#1326=EDGE_LOOP('',(#378,#379,#380,#381));
#1327=EDGE_LOOP('',(#382,#383,#384,#385));
#1328=EDGE_LOOP('',(#386,#387,#388,#389));
#1329=EDGE_LOOP('',(#390,#391,#392,#393));
#1330=EDGE_LOOP('',(#394,#395,#396,#397));
#1331=EDGE_LOOP('',(#398,#399,#400,#401));
#1332=EDGE_LOOP('',(#402,#403,#404,#405));
#1333=EDGE_LOOP('',(#406,#407,#408,#409));
#1334=EDGE_LOOP('',(#410,#411,#412,#413));
#1335=EDGE_LOOP('',(#414,#415,#416,#417));
#1336=EDGE_LOOP('',(#418,#419,#420,#421));
#1337=EDGE_LOOP('',(#422,#423,#424,#425));
#1338=EDGE_LOOP('',(#426,#427,#428,#429));
#1339=EDGE_LOOP('',(#430,#431,#432,#433));
#1340=EDGE_LOOP('',(#434,#435,#436,#437));
#1341=EDGE_LOOP('',(#438,#439,#440,#441));
#1342=EDGE_LOOP('',(#442,#443,#444,#445));
#1343=EDGE_LOOP('',(#446,#447,#448,#449));
#1344=EDGE_LOOP('',(#450,#451,#452,#453));
#1345=EDGE_LOOP('',(#454,#455,#456,#457));
#1346=EDGE_LOOP('',(#458,#459,#460,#461));
#1347=EDGE_LOOP('',(#462,#463,#464,#465));
#1348=EDGE_LOOP('',(#466,#467,#468,#469));
#1349=EDGE_LOOP('',(#470,#471,#472,#473));
#1350=EDGE_LOOP('',(#474,#475,#476,#477));
#1351=EDGE_LOOP('',(#478,#479,#480,#481));
#1352=EDGE_LOOP('',(#482,#483,#484,#485));
#1353=EDGE_LOOP('',(#486,#487,#488,#489));
#1354=EDGE_LOOP('',(#490,#491,#492,#493));
#1355=EDGE_LOOP('',(#494,#495,#496,#497));
#1356=EDGE_LOOP('',(#498,#499,#500,#501));
#1357=EDGE_LOOP('',(#502,#503,#504,#505));
#1358=EDGE_LOOP('',(#506,#507,#508,#509));
#1359=EDGE_LOOP('',(#510,#511,#512,#513));
#1360=EDGE_LOOP('',(#514,#515,#516,#517));
#1361=EDGE_LOOP('',(#518,#519,#520,#521));
#1362=EDGE_LOOP('',(#522,#523,#524,#525));
#1363=EDGE_LOOP('',(#526,#527,#528,#529));
#1364=EDGE_LOOP('',(#530,#531,#532,#533));
#1365=EDGE_LOOP('',(#534,#535,#536,#537));
#1366=EDGE_LOOP('',(#538,#539,#540,#541));
#1367=EDGE_LOOP('',(#542,#543,#544,#545));
#1368=EDGE_LOOP('',(#546,#547,#548,#549));
#1369=EDGE_LOOP('',(#550,#551,#552,#553));
#1370=EDGE_LOOP('',(#554,#555,#556,#557));
#1371=EDGE_LOOP('',(#558,#559,#560,#561));
#1372=EDGE_LOOP('',(#562,#563,#564,#565));
#1373=EDGE_LOOP('',(#566,#567,#568,#569));
#1374=EDGE_LOOP('',(#570,#571,#572,#573));
#1375=EDGE_LOOP('',(#574,#575,#576,#577));
#1376=EDGE_LOOP('',(#578,#579,#580,#581));
#1377=EDGE_LOOP('',(#582,#583,#584,#585));
#1378=EDGE_LOOP('',(#586,#587,#588,#589));
#1379=EDGE_LOOP('',(#590,#591,#592,#593));
#1380=EDGE_LOOP('',(#594,#595,#596,#597));
#1381=EDGE_LOOP('',(#598,#599,#600,#601));
#1382=EDGE_LOOP('',(#602,#603,#604,#605));
#1383=EDGE_LOOP('',(#606,#607,#608,#609));
#1384=EDGE_LOOP('',(#610,#611,#612,#613));
#1385=EDGE_LOOP('',(#614,#615,#616,#617));
#1386=EDGE_LOOP('',(#618,#619,#620,#621));
#1387=EDGE_LOOP('',(#622,#623,#624,#625));
#1388=EDGE_LOOP('',(#626,#627,#628,#629));
#1389=EDGE_LOOP('',(#630,#631,#632,#633));
#1390=EDGE_LOOP('',(#634,#635,#636,#637));
#1391=EDGE_LOOP('',(#638,#639,#640,#641));
#1392=EDGE_LOOP('',(#642,#643,#644,#645));
#1393=EDGE_LOOP('',(#646,#647,#648,#649));
#1394=EDGE_LOOP('',(#650,#651,#652,#653));
#1395=EDGE_LOOP('',(#654,#655,#656,#657));
#1396=EDGE_LOOP('',(#658,#659,#660,#661));
#1397=EDGE_LOOP('',(#662,#663,#664,#665));
#1398=EDGE_LOOP('',(#666,#667,#668,#669));
#1399=EDGE_LOOP('',(#670,#671,#672,#673));
#1400=EDGE_LOOP('',(#674));
#1401=EDGE_LOOP('',(#675));
#1402=EDGE_LOOP('',(#676));
#1403=EDGE_LOOP('',(#677));
#1404=EDGE_LOOP('',(#678,#679,#680,#681));
#1405=EDGE_LOOP('',(#682,#683,#684,#685));
#1406=EDGE_LOOP('',(#686,#687,#688,#689,#690,#691));
#1407=EDGE_LOOP('',(#692));
#1408=EDGE_LOOP('',(#693));
#1409=EDGE_LOOP('',(#694,#695,#696,#697,#698,#699,#700,#701));
#1410=EDGE_LOOP('',(#702,#703,#704,#705,#706,#707,#708,#709));
#1411=EDGE_LOOP('',(#710,#711,#712,#713,#714,#715,#716,#717));
#1412=EDGE_LOOP('',(#718,#719,#720,#721,#722,#723,#724,#725));
#1413=EDGE_LOOP('',(#726,#727,#728,#729,#730,#731,#732,#733));
#1414=EDGE_LOOP('',(#734,#735,#736,#737,#738,#739,#740,#741));
#1415=EDGE_LOOP('',(#742,#743,#744,#745,#746,#747,#748,#749));
#1416=EDGE_LOOP('',(#750,#751,#752,#753,#754,#755,#756,#757));
#1417=EDGE_LOOP('',(#758,#759,#760,#761,#762,#763,#764,#765));
#1418=EDGE_LOOP('',(#766,#767,#768,#769,#770,#771));
#1419=EDGE_LOOP('',(#772));
#1420=EDGE_LOOP('',(#773));
#1421=EDGE_LOOP('',(#774,#775,#776,#777,#778,#779,#780,#781));
#1422=EDGE_LOOP('',(#782,#783,#784,#785,#786,#787,#788,#789));
#1423=EDGE_LOOP('',(#790,#791,#792,#793,#794,#795,#796,#797));
#1424=EDGE_LOOP('',(#798,#799,#800,#801,#802,#803,#804,#805));
#1425=EDGE_LOOP('',(#806,#807,#808,#809,#810,#811,#812,#813));
#1426=EDGE_LOOP('',(#814,#815,#816,#817,#818,#819,#820,#821));
#1427=EDGE_LOOP('',(#822,#823,#824,#825,#826,#827,#828,#829));
#1428=EDGE_LOOP('',(#830,#831,#832,#833,#834,#835,#836,#837));
#1429=EDGE_LOOP('',(#838,#839,#840,#841,#842,#843,#844,#845));
#1430=FACE_BOUND('',#1324,.T.);
#1431=FACE_BOUND('',#1325,.T.);
#1432=FACE_BOUND('',#1326,.T.);
#1433=FACE_BOUND('',#1327,.T.);
#1434=FACE_BOUND('',#1328,.T.);
#1435=FACE_BOUND('',#1329,.T.);
#1436=FACE_BOUND('',#1330,.T.);
#1437=FACE_BOUND('',#1331,.T.);
#1438=FACE_BOUND('',#1332,.T.);
#1439=FACE_BOUND('',#1333,.T.);
#1440=FACE_BOUND('',#1334,.T.);
#1441=FACE_BOUND('',#1335,.T.);
#1442=FACE_BOUND('',#1336,.T.);
#1443=FACE_BOUND('',#1337,.T.);
#1444=FACE_BOUND('',#1338,.T.);
#1445=FACE_BOUND('',#1339,.T.);
#1446=FACE_BOUND('',#1340,.T.);
#1447=FACE_BOUND('',#1341,.T.);
#1448=FACE_BOUND('',#1342,.T.);
#1449=FACE_BOUND('',#1343,.T.);
#1450=FACE_BOUND('',#1344,.T.);
#1451=FACE_BOUND('',#1345,.T.);
#1452=FACE_BOUND('',#1346,.T.);
#1453=FACE_BOUND('',#1347,.T.);
#1454=FACE_BOUND('',#1348,.T.);
#1455=FACE_BOUND('',#1349,.T.);
#1456=FACE_BOUND('',#1350,.T.);
#1457=FACE_BOUND('',#1351,.T.);
#1458=FACE_BOUND('',#1352,.T.);
#1459=FACE_BOUND('',#1353,.T.);
#1460=FACE_BOUND('',#1354,.T.);
#1461=FACE_BOUND('',#1355,.T.);
#1462=FACE_BOUND('',#1356,.T.);
#1463=FACE_BOUND('',#1357,.T.);
#1464=FACE_BOUND('',#1358,.T.);
#1465=FACE_BOUND('',#1359,.T.);
#1466=FACE_BOUND('',#1360,.T.);
#1467=FACE_BOUND('',#1361,.T.);
#1468=FACE_BOUND('',#1362,.T.);
#1469=FACE_BOUND('',#1363,.T.);
#1470=FACE_BOUND('',#1364,.T.);
#1471=FACE_BOUND('',#1365,.T.);
#1472=FACE_BOUND('',#1366,.T.);
#1473=FACE_BOUND('',#1367,.T.);
#1474=FACE_BOUND('',#1368,.T.);
#1475=FACE_BOUND('',#1369,.T.);
#1476=FACE_BOUND('',#1370,.T.);
#1477=FACE_BOUND('',#1371,.T.);
#1478=FACE_BOUND('',#1372,.T.);
#1479=FACE_BOUND('',#1373,.T.);
#1480=FACE_BOUND('',#1374,.T.);
#1481=FACE_BOUND('',#1375,.T.);
#1482=FACE_BOUND('',#1376,.T.);
#1483=FACE_BOUND('',#1377,.T.);
#1484=FACE_BOUND('',#1378,.T.);
#1485=FACE_BOUND('',#1379,.T.);
#1486=FACE_BOUND('',#1380,.T.);
#1487=FACE_BOUND('',#1381,.T.);
#1488=FACE_BOUND('',#1382,.T.);
#1489=FACE_BOUND('',#1383,.T.);
#1490=FACE_BOUND('',#1384,.T.);
#1491=FACE_BOUND('',#1385,.T.);
#1492=FACE_BOUND('',#1386,.T.);
#1493=FACE_BOUND('',#1387,.T.);
#1494=FACE_BOUND('',#1388,.T.);
#1495=FACE_BOUND('',#1389,.T.);
#1496=FACE_BOUND('',#1390,.T.);
#1497=FACE_BOUND('',#1391,.T.);
#1498=FACE_BOUND('',#1392,.T.);
#1499=FACE_BOUND('',#1393,.T.);
#1500=FACE_BOUND('',#1394,.T.);
#1501=FACE_BOUND('',#1395,.T.);
#1502=FACE_BOUND('',#1396,.T.);
#1503=FACE_BOUND('',#1397,.T.);
#1504=FACE_BOUND('',#1398,.T.);
#1505=FACE_BOUND('',#1399,.T.);
#1506=FACE_BOUND('',#1400,.T.);
#1507=FACE_BOUND('',#1401,.T.);
#1508=FACE_BOUND('',#1402,.T.);
#1509=FACE_BOUND('',#1403,.T.);
#1510=FACE_BOUND('',#1404,.T.);
#1511=FACE_BOUND('',#1405,.T.);
#1512=FACE_BOUND('',#1406,.T.);
#1513=FACE_BOUND('',#1407,.T.);
#1514=FACE_BOUND('',#1408,.T.);
#1515=FACE_BOUND('',#1409,.T.);
#1516=FACE_BOUND('',#1410,.T.);
#1517=FACE_BOUND('',#1411,.T.);
#1518=FACE_BOUND('',#1412,.T.);
#1519=FACE_BOUND('',#1413,.T.);
#1520=FACE_BOUND('',#1414,.T.);
#1521=FACE_BOUND('',#1415,.T.);
#1522=FACE_BOUND('',#1416,.T.);
#1523=FACE_BOUND('',#1417,.T.);
#1524=FACE_BOUND('',#1418,.T.);
#1525=FACE_BOUND('',#1419,.T.);
#1526=FACE_BOUND('',#1420,.T.);
#1527=FACE_BOUND('',#1421,.T.);
#1528=FACE_BOUND('',#1422,.T.);
#1529=FACE_BOUND('',#1423,.T.);
#1530=FACE_BOUND('',#1424,.T.);
#1531=FACE_BOUND('',#1425,.T.);
#1532=FACE_BOUND('',#1426,.T.);
#1533=FACE_BOUND('',#1427,.T.);
#1534=FACE_BOUND('',#1428,.T.);
#1535=FACE_BOUND('',#1429,.T.);
#1536=CYLINDRICAL_SURFACE('',#1671,0.000498687555555551);
#1537=CYLINDRICAL_SURFACE('',#1675,0.000498687555555557);
#1538=CYLINDRICAL_SURFACE('',#1679,0.000498687555555559);
#1539=CYLINDRICAL_SURFACE('',#1683,0.000498687555555554);
#1540=CYLINDRICAL_SURFACE('',#1686,0.000498687555555555);
#1541=CYLINDRICAL_SURFACE('',#1690,0.000498687555555557);
#1542=CYLINDRICAL_SURFACE('',#1694,0.000498687555555559);
#1543=CYLINDRICAL_SURFACE('',#1698,0.000498687555555558);
#1544=CYLINDRICAL_SURFACE('',#1701,0.000498687555555556);
#1545=CYLINDRICAL_SURFACE('',#1705,0.000498687555555555);
#1546=CYLINDRICAL_SURFACE('',#1709,0.000498687555555557);
#1547=CYLINDRICAL_SURFACE('',#1713,0.000498687555555558);
#1548=CYLINDRICAL_SURFACE('',#1716,0.000498687555555555);
#1549=CYLINDRICAL_SURFACE('',#1720,0.000498687555555557);
#1550=CYLINDRICAL_SURFACE('',#1724,0.000498687555555557);
#1551=CYLINDRICAL_SURFACE('',#1728,0.000498687555555555);
#1552=CYLINDRICAL_SURFACE('',#1731,0.000498687555555556);
#1553=CYLINDRICAL_SURFACE('',#1735,0.000498687555555556);
#1554=CYLINDRICAL_SURFACE('',#1739,0.000498687555555555);
#1555=CYLINDRICAL_SURFACE('',#1743,0.000498687555555556);
#1556=CYLINDRICAL_SURFACE('',#1746,0.000498687555555554);
#1557=CYLINDRICAL_SURFACE('',#1750,0.000498687555555559);
#1558=CYLINDRICAL_SURFACE('',#1754,0.000498687555555557);
#1559=CYLINDRICAL_SURFACE('',#1758,0.000498687555555551);
#1560=CYLINDRICAL_SURFACE('',#1761,0.000498687555555558);
#1561=CYLINDRICAL_SURFACE('',#1765,0.000498687555555559);
#1562=CYLINDRICAL_SURFACE('',#1769,0.000498687555555557);
#1563=CYLINDRICAL_SURFACE('',#1773,0.000498687555555555);
#1564=CYLINDRICAL_SURFACE('',#1776,0.000498687555555558);
#1565=CYLINDRICAL_SURFACE('',#1780,0.000498687555555557);
#1566=CYLINDRICAL_SURFACE('',#1784,0.000498687555555555);
#1567=CYLINDRICAL_SURFACE('',#1788,0.000498687555555556);
#1568=CYLINDRICAL_SURFACE('',#1791,0.000498687555555557);
#1569=CYLINDRICAL_SURFACE('',#1795,0.000498687555555557);
#1570=CYLINDRICAL_SURFACE('',#1799,0.000498687555555551);
#1571=CYLINDRICAL_SURFACE('',#1803,0.000498687555555551);
#1572=CYLINDRICAL_SURFACE('',#1807,0.005);
#1573=CYLINDRICAL_SURFACE('',#1821,0.00145);
#1574=CYLINDRICAL_SURFACE('',#1824,0.00145);
#1575=CYLINDRICAL_SURFACE('',#1827,0.005);
#1576=ADVANCED_FACE('',(#1430),#1536,.F.);
#1577=ADVANCED_FACE('',(#1431),#12,.F.);
#1578=ADVANCED_FACE('',(#1432),#1537,.F.);
#1579=ADVANCED_FACE('',(#1433),#13,.F.);
#1580=ADVANCED_FACE('',(#1434),#1538,.F.);
#1581=ADVANCED_FACE('',(#1435),#14,.T.);
#1582=ADVANCED_FACE('',(#1436),#1539,.F.);
#1583=ADVANCED_FACE('',(#1437),#1540,.F.);
#1584=ADVANCED_FACE('',(#1438),#15,.F.);
#1585=ADVANCED_FACE('',(#1439),#1541,.F.);
#1586=ADVANCED_FACE('',(#1440),#16,.F.);
#1587=ADVANCED_FACE('',(#1441),#1542,.F.);
#1588=ADVANCED_FACE('',(#1442),#17,.T.);
#1589=ADVANCED_FACE('',(#1443),#1543,.F.);
#1590=ADVANCED_FACE('',(#1444),#1544,.F.);
#1591=ADVANCED_FACE('',(#1445),#18,.F.);
#1592=ADVANCED_FACE('',(#1446),#1545,.F.);
#1593=ADVANCED_FACE('',(#1447),#19,.F.);
#1594=ADVANCED_FACE('',(#1448),#1546,.F.);
#1595=ADVANCED_FACE('',(#1449),#20,.T.);
#1596=ADVANCED_FACE('',(#1450),#1547,.F.);
#1597=ADVANCED_FACE('',(#1451),#1548,.F.);
#1598=ADVANCED_FACE('',(#1452),#21,.F.);
#1599=ADVANCED_FACE('',(#1453),#1549,.F.);
#1600=ADVANCED_FACE('',(#1454),#22,.F.);
#1601=ADVANCED_FACE('',(#1455),#1550,.F.);
#1602=ADVANCED_FACE('',(#1456),#23,.T.);
#1603=ADVANCED_FACE('',(#1457),#1551,.F.);
#1604=ADVANCED_FACE('',(#1458),#1552,.F.);
#1605=ADVANCED_FACE('',(#1459),#24,.F.);
#1606=ADVANCED_FACE('',(#1460),#1553,.F.);
#1607=ADVANCED_FACE('',(#1461),#25,.F.);
#1608=ADVANCED_FACE('',(#1462),#1554,.F.);
#1609=ADVANCED_FACE('',(#1463),#26,.T.);
#1610=ADVANCED_FACE('',(#1464),#1555,.F.);
#1611=ADVANCED_FACE('',(#1465),#1556,.F.);
#1612=ADVANCED_FACE('',(#1466),#27,.F.);
#1613=ADVANCED_FACE('',(#1467),#1557,.F.);
#1614=ADVANCED_FACE('',(#1468),#28,.F.);
#1615=ADVANCED_FACE('',(#1469),#1558,.F.);
#1616=ADVANCED_FACE('',(#1470),#29,.T.);
#1617=ADVANCED_FACE('',(#1471),#1559,.F.);
#1618=ADVANCED_FACE('',(#1472),#1560,.F.);
#1619=ADVANCED_FACE('',(#1473),#30,.F.);
#1620=ADVANCED_FACE('',(#1474),#1561,.F.);
#1621=ADVANCED_FACE('',(#1475),#31,.F.);
#1622=ADVANCED_FACE('',(#1476),#1562,.F.);
#1623=ADVANCED_FACE('',(#1477),#32,.T.);
#1624=ADVANCED_FACE('',(#1478),#1563,.F.);
#1625=ADVANCED_FACE('',(#1479),#1564,.F.);
#1626=ADVANCED_FACE('',(#1480),#33,.F.);
#1627=ADVANCED_FACE('',(#1481),#1565,.F.);
#1628=ADVANCED_FACE('',(#1482),#34,.F.);
#1629=ADVANCED_FACE('',(#1483),#1566,.F.);
#1630=ADVANCED_FACE('',(#1484),#35,.T.);
#1631=ADVANCED_FACE('',(#1485),#1567,.F.);
#1632=ADVANCED_FACE('',(#1486),#1568,.F.);
#1633=ADVANCED_FACE('',(#1487),#36,.F.);
#1634=ADVANCED_FACE('',(#1488),#1569,.F.);
#1635=ADVANCED_FACE('',(#1489),#37,.T.);
#1636=ADVANCED_FACE('',(#1490),#1570,.F.);
#1637=ADVANCED_FACE('',(#1491),#38,.T.);
#1638=ADVANCED_FACE('',(#1492),#1571,.F.);
#1639=ADVANCED_FACE('',(#1493),#39,.T.);
#1640=ADVANCED_FACE('',(#1494),#1572,.T.);
#1641=ADVANCED_FACE('',(#1495),#40,.F.);
#1642=ADVANCED_FACE('',(#1496),#41,.F.);
#1643=ADVANCED_FACE('',(#1497),#42,.T.);
#1644=ADVANCED_FACE('',(#1498),#43,.T.);
#1645=ADVANCED_FACE('',(#1499),#44,.T.);
#1646=ADVANCED_FACE('',(#1500),#45,.T.);
#1647=ADVANCED_FACE('',(#1501),#46,.T.);
#1648=ADVANCED_FACE('',(#1502),#47,.T.);
#1649=ADVANCED_FACE('',(#1503),#48,.T.);
#1650=ADVANCED_FACE('',(#1504),#49,.T.);
#1651=ADVANCED_FACE('',(#1505),#50,.F.);
#1652=ADVANCED_FACE('',(#1506,#1507),#1573,.F.);
#1653=ADVANCED_FACE('',(#1508,#1509),#1574,.F.);
#1654=ADVANCED_FACE('',(#1510),#1575,.T.);
#1655=ADVANCED_FACE('',(#1511),#51,.T.);
#1656=ADVANCED_FACE('',(#1512,#1513,#1514,#1515,#1516,#1517,#1518,#1519,
#1520,#1521,#1522,#1523),#52,.T.);
#1657=ADVANCED_FACE('',(#1524,#1525,#1526,#1527,#1528,#1529,#1530,#1531,
#1532,#1533,#1534,#1535),#53,.F.);
#1658=CLOSED_SHELL('',(#1576,#1577,#1578,#1579,#1580,#1581,#1582,#1583,
#1584,#1585,#1586,#1587,#1588,#1589,#1590,#1591,#1592,#1593,#1594,#1595,
#1596,#1597,#1598,#1599,#1600,#1601,#1602,#1603,#1604,#1605,#1606,#1607,
#1608,#1609,#1610,#1611,#1612,#1613,#1614,#1615,#1616,#1617,#1618,#1619,
#1620,#1621,#1622,#1623,#1624,#1625,#1626,#1627,#1628,#1629,#1630,#1631,
#1632,#1633,#1634,#1635,#1636,#1637,#1638,#1639,#1640,#1641,#1642,#1643,
#1644,#1645,#1646,#1647,#1648,#1649,#1650,#1651,#1652,#1653,#1654,#1655,
#1656,#1657));
#1659=STYLED_ITEM('',(#1660),#1667);
#1660=PRESENTATION_STYLE_ASSIGNMENT((#1661));
#1661=SURFACE_STYLE_USAGE(.BOTH.,#1662);
#1662=SURFACE_SIDE_STYLE('',(#1663));
#1663=SURFACE_STYLE_FILL_AREA(#1664);
#1664=FILL_AREA_STYLE('',(#1665));
#1665=FILL_AREA_STYLE_COLOUR('',#1666);
#1666=COLOUR_RGB('',0.917647058823529,0.917647058823529,0.917647058823529);
#1667=MANIFOLD_SOLID_BREP('plate',#1658);
#1668=SHAPE_DEFINITION_REPRESENTATION(#2804,#1669);
#1669=SHAPE_REPRESENTATION('plate',(#1670),#2799);
#1670=AXIS2_PLACEMENT_3D('',#2317,#1833,#1834);
#1671=AXIS2_PLACEMENT_3D('',#2318,#1835,#1836);
#1672=AXIS2_PLACEMENT_3D('',#2319,#1837,#1838);
#1673=AXIS2_PLACEMENT_3D('',#2324,#1840,#1841);
#1674=AXIS2_PLACEMENT_3D('',#2327,#1843,#1844);
#1675=AXIS2_PLACEMENT_3D('',#2333,#1848,#1849);
#1676=AXIS2_PLACEMENT_3D('',#2334,#1850,#1851);
#1677=AXIS2_PLACEMENT_3D('',#2338,#1853,#1854);
#1678=AXIS2_PLACEMENT_3D('',#2339,#1855,#1856);
#1679=AXIS2_PLACEMENT_3D('',#2345,#1860,#1861);
#1680=AXIS2_PLACEMENT_3D('',#2346,#1862,#1863);
#1681=AXIS2_PLACEMENT_3D('',#2350,#1865,#1866);
#1682=AXIS2_PLACEMENT_3D('',#2351,#1867,#1868);
#1683=AXIS2_PLACEMENT_3D('',#2357,#1872,#1873);
#1684=AXIS2_PLACEMENT_3D('',#2358,#1874,#1875);
#1685=AXIS2_PLACEMENT_3D('',#2362,#1877,#1878);
#1686=AXIS2_PLACEMENT_3D('',#2363,#1879,#1880);
#1687=AXIS2_PLACEMENT_3D('',#2364,#1881,#1882);
#1688=AXIS2_PLACEMENT_3D('',#2369,#1884,#1885);
#1689=AXIS2_PLACEMENT_3D('',#2372,#1887,#1888);
#1690=AXIS2_PLACEMENT_3D('',#2378,#1892,#1893);
#1691=AXIS2_PLACEMENT_3D('',#2379,#1894,#1895);
#1692=AXIS2_PLACEMENT_3D('',#2383,#1897,#1898);
#1693=AXIS2_PLACEMENT_3D('',#2384,#1899,#1900);
#1694=AXIS2_PLACEMENT_3D('',#2390,#1904,#1905);
#1695=AXIS2_PLACEMENT_3D('',#2391,#1906,#1907);
#1696=AXIS2_PLACEMENT_3D('',#2395,#1909,#1910);
#1697=AXIS2_PLACEMENT_3D('',#2396,#1911,#1912);
#1698=AXIS2_PLACEMENT_3D('',#2402,#1916,#1917);
#1699=AXIS2_PLACEMENT_3D('',#2403,#1918,#1919);
#1700=AXIS2_PLACEMENT_3D('',#2407,#1921,#1922);
#1701=AXIS2_PLACEMENT_3D('',#2408,#1923,#1924);
#1702=AXIS2_PLACEMENT_3D('',#2409,#1925,#1926);
#1703=AXIS2_PLACEMENT_3D('',#2414,#1928,#1929);
#1704=AXIS2_PLACEMENT_3D('',#2417,#1931,#1932);
#1705=AXIS2_PLACEMENT_3D('',#2423,#1936,#1937);
#1706=AXIS2_PLACEMENT_3D('',#2424,#1938,#1939);
#1707=AXIS2_PLACEMENT_3D('',#2428,#1941,#1942);
#1708=AXIS2_PLACEMENT_3D('',#2429,#1943,#1944);
#1709=AXIS2_PLACEMENT_3D('',#2435,#1948,#1949);
#1710=AXIS2_PLACEMENT_3D('',#2436,#1950,#1951);
#1711=AXIS2_PLACEMENT_3D('',#2440,#1953,#1954);
#1712=AXIS2_PLACEMENT_3D('',#2441,#1955,#1956);
#1713=AXIS2_PLACEMENT_3D('',#2447,#1960,#1961);
#1714=AXIS2_PLACEMENT_3D('',#2448,#1962,#1963);
#1715=AXIS2_PLACEMENT_3D('',#2452,#1965,#1966);
#1716=AXIS2_PLACEMENT_3D('',#2453,#1967,#1968);
#1717=AXIS2_PLACEMENT_3D('',#2454,#1969,#1970);
#1718=AXIS2_PLACEMENT_3D('',#2459,#1972,#1973);
#1719=AXIS2_PLACEMENT_3D('',#2462,#1975,#1976);
#1720=AXIS2_PLACEMENT_3D('',#2468,#1980,#1981);
#1721=AXIS2_PLACEMENT_3D('',#2469,#1982,#1983);
#1722=AXIS2_PLACEMENT_3D('',#2473,#1985,#1986);
#1723=AXIS2_PLACEMENT_3D('',#2474,#1987,#1988);
#1724=AXIS2_PLACEMENT_3D('',#2480,#1992,#1993);
#1725=AXIS2_PLACEMENT_3D('',#2481,#1994,#1995);
#1726=AXIS2_PLACEMENT_3D('',#2485,#1997,#1998);
#1727=AXIS2_PLACEMENT_3D('',#2486,#1999,#2000);
#1728=AXIS2_PLACEMENT_3D('',#2492,#2004,#2005);
#1729=AXIS2_PLACEMENT_3D('',#2493,#2006,#2007);
#1730=AXIS2_PLACEMENT_3D('',#2497,#2009,#2010);
#1731=AXIS2_PLACEMENT_3D('',#2498,#2011,#2012);
#1732=AXIS2_PLACEMENT_3D('',#2499,#2013,#2014);
#1733=AXIS2_PLACEMENT_3D('',#2504,#2016,#2017);
#1734=AXIS2_PLACEMENT_3D('',#2507,#2019,#2020);
#1735=AXIS2_PLACEMENT_3D('',#2513,#2024,#2025);
#1736=AXIS2_PLACEMENT_3D('',#2514,#2026,#2027);
#1737=AXIS2_PLACEMENT_3D('',#2518,#2029,#2030);
#1738=AXIS2_PLACEMENT_3D('',#2519,#2031,#2032);
#1739=AXIS2_PLACEMENT_3D('',#2525,#2036,#2037);
#1740=AXIS2_PLACEMENT_3D('',#2526,#2038,#2039);
#1741=AXIS2_PLACEMENT_3D('',#2530,#2041,#2042);
#1742=AXIS2_PLACEMENT_3D('',#2531,#2043,#2044);
#1743=AXIS2_PLACEMENT_3D('',#2537,#2048,#2049);
#1744=AXIS2_PLACEMENT_3D('',#2538,#2050,#2051);
#1745=AXIS2_PLACEMENT_3D('',#2542,#2053,#2054);
#1746=AXIS2_PLACEMENT_3D('',#2543,#2055,#2056);
#1747=AXIS2_PLACEMENT_3D('',#2544,#2057,#2058);
#1748=AXIS2_PLACEMENT_3D('',#2549,#2060,#2061);
#1749=AXIS2_PLACEMENT_3D('',#2552,#2063,#2064);
#1750=AXIS2_PLACEMENT_3D('',#2558,#2068,#2069);
#1751=AXIS2_PLACEMENT_3D('',#2559,#2070,#2071);
#1752=AXIS2_PLACEMENT_3D('',#2563,#2073,#2074);
#1753=AXIS2_PLACEMENT_3D('',#2564,#2075,#2076);
#1754=AXIS2_PLACEMENT_3D('',#2570,#2080,#2081);
#1755=AXIS2_PLACEMENT_3D('',#2571,#2082,#2083);
#1756=AXIS2_PLACEMENT_3D('',#2575,#2085,#2086);
#1757=AXIS2_PLACEMENT_3D('',#2576,#2087,#2088);
#1758=AXIS2_PLACEMENT_3D('',#2582,#2092,#2093);
#1759=AXIS2_PLACEMENT_3D('',#2583,#2094,#2095);
#1760=AXIS2_PLACEMENT_3D('',#2587,#2097,#2098);
#1761=AXIS2_PLACEMENT_3D('',#2588,#2099,#2100);
#1762=AXIS2_PLACEMENT_3D('',#2589,#2101,#2102);
#1763=AXIS2_PLACEMENT_3D('',#2594,#2104,#2105);
#1764=AXIS2_PLACEMENT_3D('',#2597,#2107,#2108);
#1765=AXIS2_PLACEMENT_3D('',#2603,#2112,#2113);
#1766=AXIS2_PLACEMENT_3D('',#2604,#2114,#2115);
#1767=AXIS2_PLACEMENT_3D('',#2608,#2117,#2118);
#1768=AXIS2_PLACEMENT_3D('',#2609,#2119,#2120);
#1769=AXIS2_PLACEMENT_3D('',#2615,#2124,#2125);
#1770=AXIS2_PLACEMENT_3D('',#2616,#2126,#2127);
#1771=AXIS2_PLACEMENT_3D('',#2620,#2129,#2130);
#1772=AXIS2_PLACEMENT_3D('',#2621,#2131,#2132);
#1773=AXIS2_PLACEMENT_3D('',#2627,#2136,#2137);
#1774=AXIS2_PLACEMENT_3D('',#2628,#2138,#2139);
#1775=AXIS2_PLACEMENT_3D('',#2632,#2141,#2142);
#1776=AXIS2_PLACEMENT_3D('',#2633,#2143,#2144);
#1777=AXIS2_PLACEMENT_3D('',#2634,#2145,#2146);
#1778=AXIS2_PLACEMENT_3D('',#2639,#2148,#2149);
#1779=AXIS2_PLACEMENT_3D('',#2642,#2151,#2152);
#1780=AXIS2_PLACEMENT_3D('',#2648,#2156,#2157);
#1781=AXIS2_PLACEMENT_3D('',#2649,#2158,#2159);
#1782=AXIS2_PLACEMENT_3D('',#2653,#2161,#2162);
#1783=AXIS2_PLACEMENT_3D('',#2654,#2163,#2164);
#1784=AXIS2_PLACEMENT_3D('',#2660,#2168,#2169);
#1785=AXIS2_PLACEMENT_3D('',#2661,#2170,#2171);
#1786=AXIS2_PLACEMENT_3D('',#2665,#2173,#2174);
#1787=AXIS2_PLACEMENT_3D('',#2666,#2175,#2176);
#1788=AXIS2_PLACEMENT_3D('',#2672,#2180,#2181);
#1789=AXIS2_PLACEMENT_3D('',#2673,#2182,#2183);
#1790=AXIS2_PLACEMENT_3D('',#2677,#2185,#2186);
#1791=AXIS2_PLACEMENT_3D('',#2678,#2187,#2188);
#1792=AXIS2_PLACEMENT_3D('',#2679,#2189,#2190);
#1793=AXIS2_PLACEMENT_3D('',#2684,#2192,#2193);
#1794=AXIS2_PLACEMENT_3D('',#2687,#2195,#2196);
#1795=AXIS2_PLACEMENT_3D('',#2693,#2200,#2201);
#1796=AXIS2_PLACEMENT_3D('',#2694,#2202,#2203);
#1797=AXIS2_PLACEMENT_3D('',#2698,#2205,#2206);
#1798=AXIS2_PLACEMENT_3D('',#2699,#2207,#2208);
#1799=AXIS2_PLACEMENT_3D('',#2705,#2212,#2213);
#1800=AXIS2_PLACEMENT_3D('',#2706,#2214,#2215);
#1801=AXIS2_PLACEMENT_3D('',#2710,#2217,#2218);
#1802=AXIS2_PLACEMENT_3D('',#2711,#2219,#2220);
#1803=AXIS2_PLACEMENT_3D('',#2717,#2224,#2225);
#1804=AXIS2_PLACEMENT_3D('',#2718,#2226,#2227);
#1805=AXIS2_PLACEMENT_3D('',#2722,#2229,#2230);
#1806=AXIS2_PLACEMENT_3D('',#2723,#2231,#2232);
#1807=AXIS2_PLACEMENT_3D('',#2732,#2237,#2238);
#1808=AXIS2_PLACEMENT_3D('',#2733,#2239,#2240);
#1809=AXIS2_PLACEMENT_3D('',#2737,#2242,#2243);
#1810=AXIS2_PLACEMENT_3D('',#2738,#2244,#2245);
#1811=AXIS2_PLACEMENT_3D('',#2744,#2249,#2250);
#1812=AXIS2_PLACEMENT_3D('',#2750,#2254,#2255);
#1813=AXIS2_PLACEMENT_3D('',#2756,#2259,#2260);
#1814=AXIS2_PLACEMENT_3D('',#2759,#2263,#2264);
#1815=AXIS2_PLACEMENT_3D('',#2762,#2267,#2268);
#1816=AXIS2_PLACEMENT_3D('',#2765,#2271,#2272);
#1817=AXIS2_PLACEMENT_3D('',#2768,#2275,#2276);
#1818=AXIS2_PLACEMENT_3D('',#2771,#2279,#2280);
#1819=AXIS2_PLACEMENT_3D('',#2774,#2283,#2284);
#1820=AXIS2_PLACEMENT_3D('',#2777,#2287,#2288);
#1821=AXIS2_PLACEMENT_3D('',#2780,#2291,#2292);
#1822=AXIS2_PLACEMENT_3D('',#2781,#2293,#2294);
#1823=AXIS2_PLACEMENT_3D('',#2783,#2295,#2296);
#1824=AXIS2_PLACEMENT_3D('',#2785,#2297,#2298);
#1825=AXIS2_PLACEMENT_3D('',#2786,#2299,#2300);
#1826=AXIS2_PLACEMENT_3D('',#2788,#2301,#2302);
#1827=AXIS2_PLACEMENT_3D('',#2790,#2303,#2304);
#1828=AXIS2_PLACEMENT_3D('',#2791,#2305,#2306);
#1829=AXIS2_PLACEMENT_3D('',#2792,#2307,#2308);
#1830=AXIS2_PLACEMENT_3D('',#2793,#2309,#2310);
#1831=AXIS2_PLACEMENT_3D('',#2796,#2313,#2314);
#1832=AXIS2_PLACEMENT_3D('',#2797,#2315,#2316);
#1833=DIRECTION('',(0.,0.,1.));
#1834=DIRECTION('',(1.,0.,0.));
#1835=DIRECTION('',(0.,0.,-1.));
#1836=DIRECTION('',(-1.,0.,0.));
#1837=DIRECTION('',(0.,0.,1.));
#1838=DIRECTION('',(1.,0.,0.));
#1839=DIRECTION('',(0.,0.,-1.));
#1840=DIRECTION('',(0.,0.,1.));
#1841=DIRECTION('',(1.,0.,0.));
#1842=DIRECTION('',(0.,0.,-1.));
#1843=DIRECTION('',(0.,1.,0.));
#1844=DIRECTION('',(0.,0.,1.));
#1845=DIRECTION('',(1.,0.,0.));
#1846=DIRECTION('',(0.,0.,-1.));
#1847=DIRECTION('',(1.,0.,0.));
#1848=DIRECTION('',(0.,0.,-1.));
#1849=DIRECTION('',(-1.,0.,0.));
#1850=DIRECTION('',(0.,0.,1.));
#1851=DIRECTION('',(1.,0.,0.));
#1852=DIRECTION('',(0.,0.,-1.));
#1853=DIRECTION('',(0.,0.,1.));
#1854=DIRECTION('',(1.,0.,0.));
#1855=DIRECTION('',(1.,0.,0.));
#1856=DIRECTION('',(0.,0.,-1.));
#1857=DIRECTION('',(0.,-1.,0.));
#1858=DIRECTION('',(0.,0.,-1.));
#1859=DIRECTION('',(0.,-1.,0.));
#1860=DIRECTION('',(0.,0.,-1.));
#1861=DIRECTION('',(-1.,0.,0.));
#1862=DIRECTION('',(0.,0.,1.));
#1863=DIRECTION('',(1.,0.,0.));
#1864=DIRECTION('',(0.,0.,-1.));
#1865=DIRECTION('',(0.,0.,1.));
#1866=DIRECTION('',(1.,0.,0.));
#1867=DIRECTION('',(0.,1.,0.));
#1868=DIRECTION('',(0.,0.,1.));
#1869=DIRECTION('',(1.,0.,0.));
#1870=DIRECTION('',(0.,0.,-1.));
#1871=DIRECTION('',(1.,0.,0.));
#1872=DIRECTION('',(0.,0.,-1.));
#1873=DIRECTION('',(-1.,0.,0.));
#1874=DIRECTION('',(0.,0.,1.));
#1875=DIRECTION('',(1.,0.,0.));
#1876=DIRECTION('',(0.,0.,-1.));
#1877=DIRECTION('',(0.,0.,1.));
#1878=DIRECTION('',(1.,0.,0.));
#1879=DIRECTION('',(0.,0.,-1.));
#1880=DIRECTION('',(-1.,0.,0.));
#1881=DIRECTION('',(0.,0.,1.));
#1882=DIRECTION('',(1.,0.,0.));
#1883=DIRECTION('',(0.,0.,-1.));
#1884=DIRECTION('',(0.,0.,1.));
#1885=DIRECTION('',(1.,0.,0.));
#1886=DIRECTION('',(0.,0.,-1.));
#1887=DIRECTION('',(0.,1.,0.));
#1888=DIRECTION('',(0.,0.,1.));
#1889=DIRECTION('',(1.,0.,0.));
#1890=DIRECTION('',(0.,0.,-1.));
#1891=DIRECTION('',(1.,0.,0.));
#1892=DIRECTION('',(0.,0.,-1.));
#1893=DIRECTION('',(-1.,0.,0.));
#1894=DIRECTION('',(0.,0.,1.));
#1895=DIRECTION('',(1.,0.,0.));
#1896=DIRECTION('',(0.,0.,-1.));
#1897=DIRECTION('',(0.,0.,1.));
#1898=DIRECTION('',(1.,0.,0.));
#1899=DIRECTION('',(1.,0.,0.));
#1900=DIRECTION('',(0.,0.,-1.));
#1901=DIRECTION('',(0.,-1.,0.));
#1902=DIRECTION('',(0.,0.,-1.));
#1903=DIRECTION('',(0.,-1.,0.));
#1904=DIRECTION('',(0.,0.,-1.));
#1905=DIRECTION('',(-1.,0.,0.));
#1906=DIRECTION('',(0.,0.,1.));
#1907=DIRECTION('',(1.,0.,0.));
#1908=DIRECTION('',(0.,0.,-1.));
#1909=DIRECTION('',(0.,0.,1.));
#1910=DIRECTION('',(1.,0.,0.));
#1911=DIRECTION('',(0.,1.,0.));
#1912=DIRECTION('',(0.,0.,1.));
#1913=DIRECTION('',(1.,0.,0.));
#1914=DIRECTION('',(0.,0.,-1.));
#1915=DIRECTION('',(1.,0.,0.));
#1916=DIRECTION('',(0.,0.,-1.));
#1917=DIRECTION('',(-1.,0.,0.));
#1918=DIRECTION('',(0.,0.,1.));
#1919=DIRECTION('',(1.,0.,0.));
#1920=DIRECTION('',(0.,0.,-1.));
#1921=DIRECTION('',(0.,0.,1.));
#1922=DIRECTION('',(1.,0.,0.));
#1923=DIRECTION('',(0.,0.,-1.));
#1924=DIRECTION('',(-1.,0.,0.));
#1925=DIRECTION('',(0.,0.,1.));
#1926=DIRECTION('',(1.,0.,0.));
#1927=DIRECTION('',(0.,0.,-1.));
#1928=DIRECTION('',(0.,0.,1.));
#1929=DIRECTION('',(1.,0.,0.));
#1930=DIRECTION('',(0.,0.,-1.));
#1931=DIRECTION('',(0.,1.,0.));
#1932=DIRECTION('',(0.,0.,1.));
#1933=DIRECTION('',(1.,0.,0.));
#1934=DIRECTION('',(0.,0.,-1.));
#1935=DIRECTION('',(1.,0.,0.));
#1936=DIRECTION('',(0.,0.,-1.));
#1937=DIRECTION('',(-1.,0.,0.));
#1938=DIRECTION('',(0.,0.,1.));
#1939=DIRECTION('',(1.,0.,0.));
#1940=DIRECTION('',(0.,0.,-1.));
#1941=DIRECTION('',(0.,0.,1.));
#1942=DIRECTION('',(1.,0.,0.));
#1943=DIRECTION('',(1.,0.,0.));
#1944=DIRECTION('',(0.,0.,-1.));
#1945=DIRECTION('',(0.,-1.,0.));
#1946=DIRECTION('',(0.,0.,-1.));
#1947=DIRECTION('',(0.,-1.,0.));
#1948=DIRECTION('',(0.,0.,-1.));
#1949=DIRECTION('',(-1.,0.,0.));
#1950=DIRECTION('',(0.,0.,1.));
#1951=DIRECTION('',(1.,0.,0.));
#1952=DIRECTION('',(0.,0.,-1.));
#1953=DIRECTION('',(0.,0.,1.));
#1954=DIRECTION('',(1.,0.,0.));
#1955=DIRECTION('',(0.,1.,0.));
#1956=DIRECTION('',(0.,0.,1.));
#1957=DIRECTION('',(1.,0.,0.));
#1958=DIRECTION('',(0.,0.,-1.));
#1959=DIRECTION('',(1.,0.,0.));
#1960=DIRECTION('',(0.,0.,-1.));
#1961=DIRECTION('',(-1.,0.,0.));
#1962=DIRECTION('',(0.,0.,1.));
#1963=DIRECTION('',(1.,0.,0.));
#1964=DIRECTION('',(0.,0.,-1.));
#1965=DIRECTION('',(0.,0.,1.));
#1966=DIRECTION('',(1.,0.,0.));
#1967=DIRECTION('',(0.,0.,-1.));
#1968=DIRECTION('',(-1.,0.,0.));
#1969=DIRECTION('',(0.,0.,1.));
#1970=DIRECTION('',(1.,0.,0.));
#1971=DIRECTION('',(0.,0.,-1.));
#1972=DIRECTION('',(0.,0.,1.));
#1973=DIRECTION('',(1.,0.,0.));
#1974=DIRECTION('',(0.,0.,-1.));
#1975=DIRECTION('',(0.,1.,0.));
#1976=DIRECTION('',(0.,0.,1.));
#1977=DIRECTION('',(1.,0.,0.));
#1978=DIRECTION('',(0.,0.,-1.));
#1979=DIRECTION('',(1.,0.,0.));
#1980=DIRECTION('',(0.,0.,-1.));
#1981=DIRECTION('',(-1.,0.,0.));
#1982=DIRECTION('',(0.,0.,1.));
#1983=DIRECTION('',(1.,0.,0.));
#1984=DIRECTION('',(0.,0.,-1.));
#1985=DIRECTION('',(0.,0.,1.));
#1986=DIRECTION('',(1.,0.,0.));
#1987=DIRECTION('',(1.,0.,0.));
#1988=DIRECTION('',(0.,0.,-1.));
#1989=DIRECTION('',(0.,-1.,0.));
#1990=DIRECTION('',(0.,0.,-1.));
#1991=DIRECTION('',(0.,-1.,0.));
#1992=DIRECTION('',(0.,0.,-1.));
#1993=DIRECTION('',(-1.,0.,0.));
#1994=DIRECTION('',(0.,0.,1.));
#1995=DIRECTION('',(1.,0.,0.));
#1996=DIRECTION('',(0.,0.,-1.));
#1997=DIRECTION('',(0.,0.,1.));
#1998=DIRECTION('',(1.,0.,0.));
#1999=DIRECTION('',(0.,1.,0.));
#2000=DIRECTION('',(0.,0.,1.));
#2001=DIRECTION('',(1.,0.,0.));
#2002=DIRECTION('',(0.,0.,-1.));
#2003=DIRECTION('',(1.,0.,0.));
#2004=DIRECTION('',(0.,0.,-1.));
#2005=DIRECTION('',(-1.,0.,0.));
#2006=DIRECTION('',(0.,0.,1.));
#2007=DIRECTION('',(1.,0.,0.));
#2008=DIRECTION('',(0.,0.,-1.));
#2009=DIRECTION('',(0.,0.,1.));
#2010=DIRECTION('',(1.,0.,0.));
#2011=DIRECTION('',(0.,0.,-1.));
#2012=DIRECTION('',(-1.,0.,0.));
#2013=DIRECTION('',(0.,0.,1.));
#2014=DIRECTION('',(1.,0.,0.));
#2015=DIRECTION('',(0.,0.,-1.));
#2016=DIRECTION('',(0.,0.,1.));
#2017=DIRECTION('',(1.,0.,0.));
#2018=DIRECTION('',(0.,0.,-1.));
#2019=DIRECTION('',(0.,1.,0.));
#2020=DIRECTION('',(0.,0.,1.));
#2021=DIRECTION('',(1.,0.,0.));
#2022=DIRECTION('',(0.,0.,-1.));
#2023=DIRECTION('',(1.,0.,0.));
#2024=DIRECTION('',(0.,0.,-1.));
#2025=DIRECTION('',(-1.,0.,0.));
#2026=DIRECTION('',(0.,0.,1.));
#2027=DIRECTION('',(1.,0.,0.));
#2028=DIRECTION('',(0.,0.,-1.));
#2029=DIRECTION('',(0.,0.,1.));
#2030=DIRECTION('',(1.,0.,0.));
#2031=DIRECTION('',(1.,0.,0.));
#2032=DIRECTION('',(0.,0.,-1.));
#2033=DIRECTION('',(0.,-1.,0.));
#2034=DIRECTION('',(0.,0.,-1.));
#2035=DIRECTION('',(0.,-1.,0.));
#2036=DIRECTION('',(0.,0.,-1.));
#2037=DIRECTION('',(-1.,0.,0.));
#2038=DIRECTION('',(0.,0.,1.));
#2039=DIRECTION('',(1.,0.,0.));
#2040=DIRECTION('',(0.,0.,-1.));
#2041=DIRECTION('',(0.,0.,1.));
#2042=DIRECTION('',(1.,0.,0.));
#2043=DIRECTION('',(0.,1.,0.));
#2044=DIRECTION('',(0.,0.,1.));
#2045=DIRECTION('',(1.,0.,0.));
#2046=DIRECTION('',(0.,0.,-1.));
#2047=DIRECTION('',(1.,0.,0.));
#2048=DIRECTION('',(0.,0.,-1.));
#2049=DIRECTION('',(-1.,0.,0.));
#2050=DIRECTION('',(0.,0.,1.));
#2051=DIRECTION('',(1.,0.,0.));
#2052=DIRECTION('',(0.,0.,-1.));
#2053=DIRECTION('',(0.,0.,1.));
#2054=DIRECTION('',(1.,0.,0.));
#2055=DIRECTION('',(0.,0.,-1.));
#2056=DIRECTION('',(-1.,0.,0.));
#2057=DIRECTION('',(0.,0.,1.));
#2058=DIRECTION('',(1.,0.,0.));
#2059=DIRECTION('',(0.,0.,-1.));
#2060=DIRECTION('',(0.,0.,1.));
#2061=DIRECTION('',(1.,0.,0.));
#2062=DIRECTION('',(0.,0.,-1.));
#2063=DIRECTION('',(0.,1.,0.));
#2064=DIRECTION('',(0.,0.,1.));
#2065=DIRECTION('',(1.,0.,0.));
#2066=DIRECTION('',(0.,0.,-1.));
#2067=DIRECTION('',(1.,0.,0.));
#2068=DIRECTION('',(0.,0.,-1.));
#2069=DIRECTION('',(-1.,0.,0.));
#2070=DIRECTION('',(0.,0.,1.));
#2071=DIRECTION('',(1.,0.,0.));
#2072=DIRECTION('',(0.,0.,-1.));
#2073=DIRECTION('',(0.,0.,1.));
#2074=DIRECTION('',(1.,0.,0.));
#2075=DIRECTION('',(1.,0.,0.));
#2076=DIRECTION('',(0.,0.,-1.));
#2077=DIRECTION('',(0.,-1.,0.));
#2078=DIRECTION('',(0.,0.,-1.));
#2079=DIRECTION('',(0.,-1.,0.));
#2080=DIRECTION('',(0.,0.,-1.));
#2081=DIRECTION('',(-1.,0.,0.));
#2082=DIRECTION('',(0.,0.,1.));
#2083=DIRECTION('',(1.,0.,0.));
#2084=DIRECTION('',(0.,0.,-1.));
#2085=DIRECTION('',(0.,0.,1.));
#2086=DIRECTION('',(1.,0.,0.));
#2087=DIRECTION('',(0.,1.,0.));
#2088=DIRECTION('',(0.,0.,1.));
#2089=DIRECTION('',(1.,0.,0.));
#2090=DIRECTION('',(0.,0.,-1.));
#2091=DIRECTION('',(1.,0.,0.));
#2092=DIRECTION('',(0.,0.,-1.));
#2093=DIRECTION('',(-1.,0.,0.));
#2094=DIRECTION('',(0.,0.,1.));
#2095=DIRECTION('',(1.,0.,0.));
#2096=DIRECTION('',(0.,0.,-1.));
#2097=DIRECTION('',(0.,0.,1.));
#2098=DIRECTION('',(1.,0.,0.));
#2099=DIRECTION('',(0.,0.,-1.));
#2100=DIRECTION('',(-1.,0.,0.));
#2101=DIRECTION('',(0.,0.,1.));
#2102=DIRECTION('',(1.,0.,0.));
#2103=DIRECTION('',(0.,0.,-1.));
#2104=DIRECTION('',(0.,0.,1.));
#2105=DIRECTION('',(1.,0.,0.));
#2106=DIRECTION('',(0.,0.,-1.));
#2107=DIRECTION('',(0.,1.,0.));
#2108=DIRECTION('',(0.,0.,1.));
#2109=DIRECTION('',(1.,0.,0.));
#2110=DIRECTION('',(0.,0.,-1.));
#2111=DIRECTION('',(1.,0.,0.));
#2112=DIRECTION('',(0.,0.,-1.));
#2113=DIRECTION('',(-1.,0.,0.));
#2114=DIRECTION('',(0.,0.,1.));
#2115=DIRECTION('',(1.,0.,0.));
#2116=DIRECTION('',(0.,0.,-1.));
#2117=DIRECTION('',(0.,0.,1.));
#2118=DIRECTION('',(1.,0.,0.));
#2119=DIRECTION('',(1.,0.,0.));
#2120=DIRECTION('',(0.,0.,-1.));
#2121=DIRECTION('',(0.,-1.,0.));
#2122=DIRECTION('',(0.,0.,-1.));
#2123=DIRECTION('',(0.,-1.,0.));
#2124=DIRECTION('',(0.,0.,-1.));
#2125=DIRECTION('',(-1.,0.,0.));
#2126=DIRECTION('',(0.,0.,1.));
#2127=DIRECTION('',(1.,0.,0.));
#2128=DIRECTION('',(0.,0.,-1.));
#2129=DIRECTION('',(0.,0.,1.));
#2130=DIRECTION('',(1.,0.,0.));
#2131=DIRECTION('',(0.,1.,0.));
#2132=DIRECTION('',(0.,0.,1.));
#2133=DIRECTION('',(1.,0.,0.));
#2134=DIRECTION('',(0.,0.,-1.));
#2135=DIRECTION('',(1.,0.,0.));
#2136=DIRECTION('',(0.,0.,-1.));
#2137=DIRECTION('',(-1.,0.,0.));
#2138=DIRECTION('',(0.,0.,1.));
#2139=DIRECTION('',(1.,0.,0.));
#2140=DIRECTION('',(0.,0.,-1.));
#2141=DIRECTION('',(0.,0.,1.));
#2142=DIRECTION('',(1.,0.,0.));
#2143=DIRECTION('',(0.,0.,-1.));
#2144=DIRECTION('',(-1.,0.,0.));
#2145=DIRECTION('',(0.,0.,1.));
#2146=DIRECTION('',(1.,0.,0.));
#2147=DIRECTION('',(0.,0.,-1.));
#2148=DIRECTION('',(0.,0.,1.));
#2149=DIRECTION('',(1.,0.,0.));
#2150=DIRECTION('',(0.,0.,-1.));
#2151=DIRECTION('',(0.,1.,0.));
#2152=DIRECTION('',(0.,0.,1.));
#2153=DIRECTION('',(1.,0.,0.));
#2154=DIRECTION('',(0.,0.,-1.));
#2155=DIRECTION('',(1.,0.,0.));
#2156=DIRECTION('',(0.,0.,-1.));
#2157=DIRECTION('',(-1.,0.,0.));
#2158=DIRECTION('',(0.,0.,1.));
#2159=DIRECTION('',(1.,0.,0.));
#2160=DIRECTION('',(0.,0.,-1.));
#2161=DIRECTION('',(0.,0.,1.));
#2162=DIRECTION('',(1.,0.,0.));
#2163=DIRECTION('',(1.,0.,0.));
#2164=DIRECTION('',(0.,0.,-1.));
#2165=DIRECTION('',(0.,-1.,0.));
#2166=DIRECTION('',(0.,0.,-1.));
#2167=DIRECTION('',(0.,-1.,0.));
#2168=DIRECTION('',(0.,0.,-1.));
#2169=DIRECTION('',(-1.,0.,0.));
#2170=DIRECTION('',(0.,0.,1.));
#2171=DIRECTION('',(1.,0.,0.));
#2172=DIRECTION('',(0.,0.,-1.));
#2173=DIRECTION('',(0.,0.,1.));
#2174=DIRECTION('',(1.,0.,0.));
#2175=DIRECTION('',(0.,1.,0.));
#2176=DIRECTION('',(0.,0.,1.));
#2177=DIRECTION('',(1.,0.,0.));
#2178=DIRECTION('',(0.,0.,-1.));
#2179=DIRECTION('',(1.,0.,0.));
#2180=DIRECTION('',(0.,0.,-1.));
#2181=DIRECTION('',(-1.,0.,0.));
#2182=DIRECTION('',(0.,0.,1.));
#2183=DIRECTION('',(1.,0.,0.));
#2184=DIRECTION('',(0.,0.,-1.));
#2185=DIRECTION('',(0.,0.,1.));
#2186=DIRECTION('',(1.,0.,0.));
#2187=DIRECTION('',(0.,0.,-1.));
#2188=DIRECTION('',(-1.,0.,0.));
#2189=DIRECTION('',(0.,0.,1.));
#2190=DIRECTION('',(1.,0.,0.));
#2191=DIRECTION('',(0.,0.,-1.));
#2192=DIRECTION('',(0.,0.,1.));
#2193=DIRECTION('',(1.,0.,0.));
#2194=DIRECTION('',(0.,0.,-1.));
#2195=DIRECTION('',(1.,0.,0.));
#2196=DIRECTION('',(0.,0.,-1.));
#2197=DIRECTION('',(0.,-1.,0.));
#2198=DIRECTION('',(0.,0.,-1.));
#2199=DIRECTION('',(0.,-1.,0.));
#2200=DIRECTION('',(0.,0.,-1.));
#2201=DIRECTION('',(-1.,0.,0.));
#2202=DIRECTION('',(0.,0.,1.));
#2203=DIRECTION('',(1.,0.,0.));
#2204=DIRECTION('',(0.,0.,-1.));
#2205=DIRECTION('',(0.,0.,1.));
#2206=DIRECTION('',(1.,0.,0.));
#2207=DIRECTION('',(0.,1.,0.));
#2208=DIRECTION('',(0.,0.,1.));
#2209=DIRECTION('',(1.,0.,0.));
#2210=DIRECTION('',(0.,0.,-1.));
#2211=DIRECTION('',(1.,0.,0.));
#2212=DIRECTION('',(0.,0.,-1.));
#2213=DIRECTION('',(-1.,0.,0.));
#2214=DIRECTION('',(0.,0.,1.));
#2215=DIRECTION('',(1.,0.,0.));
#2216=DIRECTION('',(0.,0.,-1.));
#2217=DIRECTION('',(0.,0.,1.));
#2218=DIRECTION('',(1.,0.,0.));
#2219=DIRECTION('',(1.,0.,0.));
#2220=DIRECTION('',(0.,0.,-1.));
#2221=DIRECTION('',(0.,-1.,0.));
#2222=DIRECTION('',(0.,0.,-1.));
#2223=DIRECTION('',(0.,-1.,0.));
#2224=DIRECTION('',(0.,0.,-1.));
#2225=DIRECTION('',(-1.,0.,0.));
#2226=DIRECTION('',(0.,0.,1.));
#2227=DIRECTION('',(1.,0.,0.));
#2228=DIRECTION('',(0.,0.,-1.));
#2229=DIRECTION('',(0.,0.,1.));
#2230=DIRECTION('',(1.,0.,0.));
#2231=DIRECTION('',(1.,-5.11020930349864E-16,0.));
#2232=DIRECTION('',(5.11020930349864E-16,1.,0.));
#2233=DIRECTION('',(-5.11020930349864E-16,-1.,0.));
#2234=DIRECTION('',(0.,0.,-1.));
#2235=DIRECTION('',(-5.11020930349864E-16,-1.,0.));
#2236=DIRECTION('',(0.,0.,-1.));
#2237=DIRECTION('',(0.,0.,-1.));
#2238=DIRECTION('',(-1.,0.,0.));
#2239=DIRECTION('',(0.,0.,1.));
#2240=DIRECTION('',(1.,0.,0.));
#2241=DIRECTION('',(0.,0.,-1.));
#2242=DIRECTION('',(0.,0.,1.));
#2243=DIRECTION('',(1.,0.,0.));
#2244=DIRECTION('',(0.,-1.,0.));
#2245=DIRECTION('',(0.,0.,-1.));
#2246=DIRECTION('',(-1.,0.,0.));
#2247=DIRECTION('',(0.,0.,-1.));
#2248=DIRECTION('',(-1.,0.,0.));
#2249=DIRECTION('',(1.,-2.16840434497101E-17,0.));
#2250=DIRECTION('',(2.16840434497101E-17,1.,0.));
#2251=DIRECTION('',(-2.16840434497101E-17,-1.,0.));
#2252=DIRECTION('',(0.,0.,-1.));
#2253=DIRECTION('',(-2.16840434497101E-17,-1.,0.));
#2254=DIRECTION('',(-1.61052040038256E-16,-1.,0.));
#2255=DIRECTION('',(1.,-1.61052040038256E-16,0.));
#2256=DIRECTION('',(-1.,1.61052040038256E-16,0.));
#2257=DIRECTION('',(0.,0.,-1.));
#2258=DIRECTION('',(-1.,1.61052040038256E-16,0.));
#2259=DIRECTION('',(1.,0.,0.));
#2260=DIRECTION('',(0.,0.,-1.));
#2261=DIRECTION('',(0.,-1.,0.));
#2262=DIRECTION('',(0.,-1.,0.));
#2263=DIRECTION('',(1.,0.,0.));
#2264=DIRECTION('',(0.,0.,-1.));
#2265=DIRECTION('',(0.,-1.,0.));
#2266=DIRECTION('',(0.,-1.,0.));
#2267=DIRECTION('',(1.,0.,0.));
#2268=DIRECTION('',(0.,0.,-1.));
#2269=DIRECTION('',(0.,-1.,0.));
#2270=DIRECTION('',(0.,-1.,0.));
#2271=DIRECTION('',(1.,0.,0.));
#2272=DIRECTION('',(0.,0.,-1.));
#2273=DIRECTION('',(0.,-1.,0.));
#2274=DIRECTION('',(0.,-1.,0.));
#2275=DIRECTION('',(1.,0.,0.));
#2276=DIRECTION('',(0.,0.,-1.));
#2277=DIRECTION('',(0.,-1.,0.));
#2278=DIRECTION('',(0.,-1.,0.));
#2279=DIRECTION('',(1.,0.,0.));
#2280=DIRECTION('',(0.,0.,-1.));
#2281=DIRECTION('',(0.,-1.,0.));
#2282=DIRECTION('',(0.,-1.,0.));
#2283=DIRECTION('',(1.,0.,0.));
#2284=DIRECTION('',(0.,0.,-1.));
#2285=DIRECTION('',(0.,-1.,0.));
#2286=DIRECTION('',(0.,-1.,0.));
#2287=DIRECTION('',(0.,1.,0.));
#2288=DIRECTION('',(0.,0.,1.));
#2289=DIRECTION('',(1.,0.,0.));
#2290=DIRECTION('',(1.,0.,0.));
#2291=DIRECTION('',(0.,0.,-1.));
#2292=DIRECTION('',(-1.,0.,0.));
#2293=DIRECTION('',(0.,0.,1.));
#2294=DIRECTION('',(1.,0.,0.));
#2295=DIRECTION('',(0.,0.,1.));
#2296=DIRECTION('',(1.,0.,0.));
#2297=DIRECTION('',(0.,0.,-1.));
#2298=DIRECTION('',(-1.,0.,0.));
#2299=DIRECTION('',(0.,0.,1.));
#2300=DIRECTION('',(1.,0.,0.));
#2301=DIRECTION('',(0.,0.,1.));
#2302=DIRECTION('',(1.,0.,0.));
#2303=DIRECTION('',(0.,0.,-1.));
#2304=DIRECTION('',(-1.,0.,0.));
#2305=DIRECTION('',(0.,0.,1.));
#2306=DIRECTION('',(1.,0.,0.));
#2307=DIRECTION('',(0.,0.,1.));
#2308=DIRECTION('',(1.,0.,0.));
#2309=DIRECTION('',(1.,0.,0.));
#2310=DIRECTION('',(0.,0.,-1.));
#2311=DIRECTION('',(0.,-1.,0.));
#2312=DIRECTION('',(0.,-1.,0.));
#2313=DIRECTION('',(0.,0.,1.));
#2314=DIRECTION('',(1.,0.,0.));
#2315=DIRECTION('',(0.,0.,1.));
#2316=DIRECTION('',(1.,0.,0.));
#2317=CARTESIAN_POINT('',(0.,0.,0.));
#2318=CARTESIAN_POINT('',(0.0405976380444444,-0.0125170576444444,0.0061));
#2319=CARTESIAN_POINT('',(0.0405976380444444,-0.0125170576444444,0.0041));
#2320=CARTESIAN_POINT('',(0.0405976380444444,-0.0120183700888889,0.0041));
#2321=CARTESIAN_POINT('',(0.0400989504888889,-0.0125170576444444,0.0041));
#2322=CARTESIAN_POINT('',(0.0405976380444444,-0.0120183700888889,0.0061));
#2323=CARTESIAN_POINT('',(0.0405976380444444,-0.0120183700888889,0.0061));
#2324=CARTESIAN_POINT('',(0.0405976380444444,-0.0125170576444444,0.0061));
#2325=CARTESIAN_POINT('',(0.0400989504888889,-0.0125170576444444,0.0061));
#2326=CARTESIAN_POINT('',(0.0400989504888889,-0.0125170576444444,0.0061));
#2327=CARTESIAN_POINT('',(0.0470805762666667,-0.0120183700888889,0.0061));
#2328=CARTESIAN_POINT('',(0.0470805762666667,-0.0120183700888889,0.0041));
#2329=CARTESIAN_POINT('',(0.0535635144888889,-0.0120183700888889,0.0041));
#2330=CARTESIAN_POINT('',(0.0535635144888889,-0.0120183700888889,0.0061));
#2331=CARTESIAN_POINT('',(0.0535635144888889,-0.0120183700888889,0.0061));
#2332=CARTESIAN_POINT('',(0.0470805762666667,-0.0120183700888889,0.0061));
#2333=CARTESIAN_POINT('',(0.0535635144888889,-0.0125170576444444,0.0061));
#2334=CARTESIAN_POINT('',(0.0535635144888889,-0.0125170576444444,0.0041));
#2335=CARTESIAN_POINT('',(0.0540622020444445,-0.0125170576444444,0.0041));
#2336=CARTESIAN_POINT('',(0.0540622020444445,-0.0125170576444444,0.0061));
#2337=CARTESIAN_POINT('',(0.0540622020444445,-0.0125170576444444,0.0061));
#2338=CARTESIAN_POINT('',(0.0535635144888889,-0.0125170576444444,0.0061));
#2339=CARTESIAN_POINT('',(0.0540622020444445,-0.0189999958666667,0.0061));
#2340=CARTESIAN_POINT('',(0.0540622020444445,-0.0189999958666667,0.0041));
#2341=CARTESIAN_POINT('',(0.0540622020444445,-0.0254829340888889,0.0041));
#2342=CARTESIAN_POINT('',(0.0540622020444445,-0.0254829340888889,0.0061));
#2343=CARTESIAN_POINT('',(0.0540622020444445,-0.0254829340888889,0.0061));
#2344=CARTESIAN_POINT('',(0.0540622020444445,-0.0189999958666667,0.0061));
#2345=CARTESIAN_POINT('',(0.0535635144888889,-0.0254829340888889,0.0061));
#2346=CARTESIAN_POINT('',(0.0535635144888889,-0.0254829340888889,0.0041));
#2347=CARTESIAN_POINT('',(0.0535635144888889,-0.0259816216444445,0.0041));
#2348=CARTESIAN_POINT('',(0.0535635144888889,-0.0259816216444445,0.0061));
#2349=CARTESIAN_POINT('',(0.0535635144888889,-0.0259816216444445,0.0061));
#2350=CARTESIAN_POINT('',(0.0535635144888889,-0.0254829340888889,0.0061));
#2351=CARTESIAN_POINT('',(0.0470805762666667,-0.0259816216444445,0.0061));
#2352=CARTESIAN_POINT('',(0.0470805762666667,-0.0259816216444445,0.0041));
#2353=CARTESIAN_POINT('',(0.0405976380444444,-0.0259816216444445,0.0041));
#2354=CARTESIAN_POINT('',(0.0405976380444444,-0.0259816216444445,0.0061));
#2355=CARTESIAN_POINT('',(0.0405976380444444,-0.0259816216444445,0.0061));
#2356=CARTESIAN_POINT('',(0.0470805762666667,-0.0259816216444445,0.0061));
#2357=CARTESIAN_POINT('',(0.0405976380444444,-0.0254829340888889,0.0061));
#2358=CARTESIAN_POINT('',(0.0405976380444444,-0.0254829340888889,0.0041));
#2359=CARTESIAN_POINT('',(0.0400989504888889,-0.0254829340888889,0.0041));
#2360=CARTESIAN_POINT('',(0.0400989504888889,-0.0254829340888889,0.0061));
#2361=CARTESIAN_POINT('',(0.0400989504888889,-0.0254829340888889,0.0061));
#2362=CARTESIAN_POINT('',(0.0405976380444444,-0.0254829340888889,0.0061));
#2363=CARTESIAN_POINT('',(0.0215976421777778,-0.0125170576444444,0.0061));
#2364=CARTESIAN_POINT('',(0.0215976421777778,-0.0125170576444444,0.0041));
#2365=CARTESIAN_POINT('',(0.0215976421777778,-0.0120183700888889,0.0041));
#2366=CARTESIAN_POINT('',(0.0210989546222222,-0.0125170576444444,0.0041));
#2367=CARTESIAN_POINT('',(0.0215976421777778,-0.0120183700888889,0.0061));
#2368=CARTESIAN_POINT('',(0.0215976421777778,-0.0120183700888889,0.0061));
#2369=CARTESIAN_POINT('',(0.0215976421777778,-0.0125170576444444,0.0061));
#2370=CARTESIAN_POINT('',(0.0210989546222222,-0.0125170576444444,0.0061));
#2371=CARTESIAN_POINT('',(0.0210989546222222,-0.0125170576444444,0.0061));
#2372=CARTESIAN_POINT('',(0.0280805804,-0.0120183700888889,0.0061));
#2373=CARTESIAN_POINT('',(0.0280805804,-0.0120183700888889,0.0041));
#2374=CARTESIAN_POINT('',(0.0345635186222223,-0.0120183700888889,0.0041));
#2375=CARTESIAN_POINT('',(0.0345635186222223,-0.0120183700888889,0.0061));
#2376=CARTESIAN_POINT('',(0.0345635186222223,-0.0120183700888889,0.0061));
#2377=CARTESIAN_POINT('',(0.0280805804,-0.0120183700888889,0.0061));
#2378=CARTESIAN_POINT('',(0.0345635186222223,-0.0125170576444444,0.0061));
#2379=CARTESIAN_POINT('',(0.0345635186222223,-0.0125170576444444,0.0041));
#2380=CARTESIAN_POINT('',(0.0350622061777778,-0.0125170576444444,0.0041));
#2381=CARTESIAN_POINT('',(0.0350622061777778,-0.0125170576444444,0.0061));
#2382=CARTESIAN_POINT('',(0.0350622061777778,-0.0125170576444444,0.0061));
#2383=CARTESIAN_POINT('',(0.0345635186222223,-0.0125170576444444,0.0061));
#2384=CARTESIAN_POINT('',(0.0350622061777778,-0.0189999958666667,0.0061));
#2385=CARTESIAN_POINT('',(0.0350622061777778,-0.0189999958666667,0.0041));
#2386=CARTESIAN_POINT('',(0.0350622061777778,-0.0254829340888889,0.0041));
#2387=CARTESIAN_POINT('',(0.0350622061777778,-0.0254829340888889,0.0061));
#2388=CARTESIAN_POINT('',(0.0350622061777778,-0.0254829340888889,0.0061));
#2389=CARTESIAN_POINT('',(0.0350622061777778,-0.0189999958666667,0.0061));
#2390=CARTESIAN_POINT('',(0.0345635186222222,-0.0254829340888889,0.0061));
#2391=CARTESIAN_POINT('',(0.0345635186222222,-0.0254829340888889,0.0041));
#2392=CARTESIAN_POINT('',(0.0345635186222223,-0.0259816216444445,0.0041));
#2393=CARTESIAN_POINT('',(0.0345635186222223,-0.0259816216444445,0.0061));
#2394=CARTESIAN_POINT('',(0.0345635186222223,-0.0259816216444445,0.0061));
#2395=CARTESIAN_POINT('',(0.0345635186222222,-0.0254829340888889,0.0061));
#2396=CARTESIAN_POINT('',(0.0280805804,-0.0259816216444445,0.0061));
#2397=CARTESIAN_POINT('',(0.0280805804,-0.0259816216444445,0.0041));
#2398=CARTESIAN_POINT('',(0.0215976421777778,-0.0259816216444445,0.0041));
#2399=CARTESIAN_POINT('',(0.0215976421777778,-0.0259816216444445,0.0061));
#2400=CARTESIAN_POINT('',(0.0215976421777778,-0.0259816216444445,0.0061));
#2401=CARTESIAN_POINT('',(0.0280805804,-0.0259816216444445,0.0061));
#2402=CARTESIAN_POINT('',(0.0215976421777778,-0.0254829340888889,0.0061));
#2403=CARTESIAN_POINT('',(0.0215976421777778,-0.0254829340888889,0.0041));
#2404=CARTESIAN_POINT('',(0.0210989546222222,-0.0254829340888889,0.0041));
#2405=CARTESIAN_POINT('',(0.0210989546222222,-0.0254829340888889,0.0061));
#2406=CARTESIAN_POINT('',(0.0210989546222222,-0.0254829340888889,0.0061));
#2407=CARTESIAN_POINT('',(0.0215976421777778,-0.0254829340888889,0.0061));
#2408=CARTESIAN_POINT('',(0.00259764631111112,-0.0125170576444444,0.0061));
#2409=CARTESIAN_POINT('',(0.00259764631111112,-0.0125170576444444,0.0041));
#2410=CARTESIAN_POINT('',(0.00259764631111112,-0.0120183700888889,0.0041));
#2411=CARTESIAN_POINT('',(0.00209895875555556,-0.0125170576444444,0.0041));
#2412=CARTESIAN_POINT('',(0.00259764631111112,-0.0120183700888889,0.0061));
#2413=CARTESIAN_POINT('',(0.00259764631111112,-0.0120183700888889,0.0061));
#2414=CARTESIAN_POINT('',(0.00259764631111112,-0.0125170576444444,0.0061));
#2415=CARTESIAN_POINT('',(0.00209895875555556,-0.0125170576444444,0.0061));
#2416=CARTESIAN_POINT('',(0.00209895875555556,-0.0125170576444444,0.0061));
#2417=CARTESIAN_POINT('',(0.00908058453333334,-0.0120183700888889,0.0061));
#2418=CARTESIAN_POINT('',(0.00908058453333334,-0.0120183700888889,0.0041));
#2419=CARTESIAN_POINT('',(0.0155635227555556,-0.0120183700888889,0.0041));
#2420=CARTESIAN_POINT('',(0.0155635227555556,-0.0120183700888889,0.0061));
#2421=CARTESIAN_POINT('',(0.0155635227555556,-0.0120183700888889,0.0061));
#2422=CARTESIAN_POINT('',(0.00908058453333334,-0.0120183700888889,0.0061));
#2423=CARTESIAN_POINT('',(0.0155635227555556,-0.0125170576444444,0.0061));
#2424=CARTESIAN_POINT('',(0.0155635227555556,-0.0125170576444444,0.0041));
#2425=CARTESIAN_POINT('',(0.0160622103111111,-0.0125170576444444,0.0041));
#2426=CARTESIAN_POINT('',(0.0160622103111111,-0.0125170576444444,0.0061));
#2427=CARTESIAN_POINT('',(0.0160622103111111,-0.0125170576444444,0.0061));
#2428=CARTESIAN_POINT('',(0.0155635227555556,-0.0125170576444444,0.0061));
#2429=CARTESIAN_POINT('',(0.0160622103111111,-0.0189999958666667,0.0061));
#2430=CARTESIAN_POINT('',(0.0160622103111111,-0.0189999958666667,0.0041));
#2431=CARTESIAN_POINT('',(0.0160622103111111,-0.0254829340888889,0.0041));
#2432=CARTESIAN_POINT('',(0.0160622103111111,-0.0254829340888889,0.0061));
#2433=CARTESIAN_POINT('',(0.0160622103111111,-0.0254829340888889,0.0061));
#2434=CARTESIAN_POINT('',(0.0160622103111111,-0.0189999958666667,0.0061));
#2435=CARTESIAN_POINT('',(0.0155635227555556,-0.0254829340888889,0.0061));
#2436=CARTESIAN_POINT('',(0.0155635227555556,-0.0254829340888889,0.0041));
#2437=CARTESIAN_POINT('',(0.0155635227555556,-0.0259816216444445,0.0041));
#2438=CARTESIAN_POINT('',(0.0155635227555556,-0.0259816216444445,0.0061));
#2439=CARTESIAN_POINT('',(0.0155635227555556,-0.0259816216444445,0.0061));
#2440=CARTESIAN_POINT('',(0.0155635227555556,-0.0254829340888889,0.0061));
#2441=CARTESIAN_POINT('',(0.00908058453333334,-0.0259816216444445,0.0061));
#2442=CARTESIAN_POINT('',(0.00908058453333334,-0.0259816216444445,0.0041));
#2443=CARTESIAN_POINT('',(0.00259764631111112,-0.0259816216444445,0.0041));
#2444=CARTESIAN_POINT('',(0.00259764631111112,-0.0259816216444445,0.0061));
#2445=CARTESIAN_POINT('',(0.00259764631111112,-0.0259816216444445,0.0061));
#2446=CARTESIAN_POINT('',(0.00908058453333334,-0.0259816216444445,0.0061));
#2447=CARTESIAN_POINT('',(0.00259764631111112,-0.0254829340888889,0.0061));
#2448=CARTESIAN_POINT('',(0.00259764631111112,-0.0254829340888889,0.0041));
#2449=CARTESIAN_POINT('',(0.00209895875555556,-0.0254829340888889,0.0041));
#2450=CARTESIAN_POINT('',(0.00209895875555556,-0.0254829340888889,0.0061));
#2451=CARTESIAN_POINT('',(0.00209895875555556,-0.0254829340888889,0.0061));
#2452=CARTESIAN_POINT('',(0.00259764631111112,-0.0254829340888889,0.0061));
#2453=CARTESIAN_POINT('',(0.0215976421777778,0.00648293822222222,0.0061));
#2454=CARTESIAN_POINT('',(0.0215976421777778,0.00648293822222222,0.0041));
#2455=CARTESIAN_POINT('',(0.0215976421777778,0.00698162577777778,0.0041));
#2456=CARTESIAN_POINT('',(0.0210989546222222,0.00648293822222222,0.0041));
#2457=CARTESIAN_POINT('',(0.0215976421777778,0.00698162577777778,0.0061));
#2458=CARTESIAN_POINT('',(0.0215976421777778,0.00698162577777778,0.0061));
#2459=CARTESIAN_POINT('',(0.0215976421777778,0.00648293822222222,0.0061));
#2460=CARTESIAN_POINT('',(0.0210989546222222,0.00648293822222222,0.0061));
#2461=CARTESIAN_POINT('',(0.0210989546222222,0.00648293822222222,0.0061));
#2462=CARTESIAN_POINT('',(0.0280805804,0.00698162577777778,0.0061));
#2463=CARTESIAN_POINT('',(0.0280805804,0.00698162577777778,0.0041));
#2464=CARTESIAN_POINT('',(0.0345635186222223,0.00698162577777778,0.0041));
#2465=CARTESIAN_POINT('',(0.0345635186222223,0.00698162577777778,0.0061));
#2466=CARTESIAN_POINT('',(0.0345635186222223,0.00698162577777778,0.0061));
#2467=CARTESIAN_POINT('',(0.0280805804,0.00698162577777778,0.0061));
#2468=CARTESIAN_POINT('',(0.0345635186222223,0.00648293822222222,0.0061));
#2469=CARTESIAN_POINT('',(0.0345635186222223,0.00648293822222222,0.0041));
#2470=CARTESIAN_POINT('',(0.0350622061777778,0.00648293822222222,0.0041));
#2471=CARTESIAN_POINT('',(0.0350622061777778,0.00648293822222222,0.0061));
#2472=CARTESIAN_POINT('',(0.0350622061777778,0.00648293822222222,0.0061));
#2473=CARTESIAN_POINT('',(0.0345635186222223,0.00648293822222222,0.0061));
#2474=CARTESIAN_POINT('',(0.0350622061777778,0.,0.0061));
#2475=CARTESIAN_POINT('',(0.0350622061777778,0.,0.0041));
#2476=CARTESIAN_POINT('',(0.0350622061777778,-0.00648293822222223,0.0041));
#2477=CARTESIAN_POINT('',(0.0350622061777778,-0.00648293822222223,0.0061));
#2478=CARTESIAN_POINT('',(0.0350622061777778,-0.00648293822222223,0.0061));
#2479=CARTESIAN_POINT('',(0.0350622061777778,0.,0.0061));
#2480=CARTESIAN_POINT('',(0.0345635186222223,-0.00648293822222223,0.0061));
#2481=CARTESIAN_POINT('',(0.0345635186222223,-0.00648293822222223,0.0041));
#2482=CARTESIAN_POINT('',(0.0345635186222223,-0.00698162577777778,0.0041));
#2483=CARTESIAN_POINT('',(0.0345635186222223,-0.00698162577777778,0.0061));
#2484=CARTESIAN_POINT('',(0.0345635186222223,-0.00698162577777778,0.0061));
#2485=CARTESIAN_POINT('',(0.0345635186222223,-0.00648293822222223,0.0061));
#2486=CARTESIAN_POINT('',(0.0280805804,-0.00698162577777778,0.0061));
#2487=CARTESIAN_POINT('',(0.0280805804,-0.00698162577777778,0.0041));
#2488=CARTESIAN_POINT('',(0.0215976421777778,-0.00698162577777778,0.0041));
#2489=CARTESIAN_POINT('',(0.0215976421777778,-0.00698162577777778,0.0061));
#2490=CARTESIAN_POINT('',(0.0215976421777778,-0.00698162577777778,0.0061));
#2491=CARTESIAN_POINT('',(0.0280805804,-0.00698162577777778,0.0061));
#2492=CARTESIAN_POINT('',(0.0215976421777778,-0.00648293822222223,0.0061));
#2493=CARTESIAN_POINT('',(0.0215976421777778,-0.00648293822222223,0.0041));
#2494=CARTESIAN_POINT('',(0.0210989546222222,-0.00648293822222223,0.0041));
#2495=CARTESIAN_POINT('',(0.0210989546222222,-0.00648293822222223,0.0061));
#2496=CARTESIAN_POINT('',(0.0210989546222222,-0.00648293822222223,0.0061));
#2497=CARTESIAN_POINT('',(0.0215976421777778,-0.00648293822222223,0.0061));
#2498=CARTESIAN_POINT('',(0.00259764631111112,0.00648293822222222,0.0061));
#2499=CARTESIAN_POINT('',(0.00259764631111112,0.00648293822222222,0.0041));
#2500=CARTESIAN_POINT('',(0.00259764631111112,0.00698162577777778,0.0041));
#2501=CARTESIAN_POINT('',(0.00209895875555556,0.00648293822222222,0.0041));
#2502=CARTESIAN_POINT('',(0.00259764631111112,0.00698162577777778,0.0061));
#2503=CARTESIAN_POINT('',(0.00259764631111112,0.00698162577777778,0.0061));
#2504=CARTESIAN_POINT('',(0.00259764631111112,0.00648293822222222,0.0061));
#2505=CARTESIAN_POINT('',(0.00209895875555556,0.00648293822222222,0.0061));
#2506=CARTESIAN_POINT('',(0.00209895875555556,0.00648293822222222,0.0061));
#2507=CARTESIAN_POINT('',(0.00908058453333334,0.00698162577777778,0.0061));
#2508=CARTESIAN_POINT('',(0.00908058453333334,0.00698162577777778,0.0041));
#2509=CARTESIAN_POINT('',(0.0155635227555556,0.00698162577777778,0.0041));
#2510=CARTESIAN_POINT('',(0.0155635227555556,0.00698162577777778,0.0061));
#2511=CARTESIAN_POINT('',(0.0155635227555556,0.00698162577777778,0.0061));
#2512=CARTESIAN_POINT('',(0.00908058453333334,0.00698162577777778,0.0061));
#2513=CARTESIAN_POINT('',(0.0155635227555556,0.00648293822222222,0.0061));
#2514=CARTESIAN_POINT('',(0.0155635227555556,0.00648293822222222,0.0041));
#2515=CARTESIAN_POINT('',(0.0160622103111111,0.00648293822222222,0.0041));
#2516=CARTESIAN_POINT('',(0.0160622103111111,0.00648293822222222,0.0061));
#2517=CARTESIAN_POINT('',(0.0160622103111111,0.00648293822222222,0.0061));
#2518=CARTESIAN_POINT('',(0.0155635227555556,0.00648293822222222,0.0061));
#2519=CARTESIAN_POINT('',(0.0160622103111111,0.,0.0061));
#2520=CARTESIAN_POINT('',(0.0160622103111111,0.,0.0041));
#2521=CARTESIAN_POINT('',(0.0160622103111111,-0.00648293822222223,0.0041));
#2522=CARTESIAN_POINT('',(0.0160622103111111,-0.00648293822222223,0.0061));
#2523=CARTESIAN_POINT('',(0.0160622103111111,-0.00648293822222223,0.0061));
#2524=CARTESIAN_POINT('',(0.0160622103111111,0.,0.0061));
#2525=CARTESIAN_POINT('',(0.0155635227555556,-0.00648293822222223,0.0061));
#2526=CARTESIAN_POINT('',(0.0155635227555556,-0.00648293822222223,0.0041));
#2527=CARTESIAN_POINT('',(0.0155635227555556,-0.00698162577777778,0.0041));
#2528=CARTESIAN_POINT('',(0.0155635227555556,-0.00698162577777778,0.0061));
#2529=CARTESIAN_POINT('',(0.0155635227555556,-0.00698162577777778,0.0061));
#2530=CARTESIAN_POINT('',(0.0155635227555556,-0.00648293822222223,0.0061));
#2531=CARTESIAN_POINT('',(0.00908058453333334,-0.00698162577777778,0.0061));
#2532=CARTESIAN_POINT('',(0.00908058453333334,-0.00698162577777778,0.0041));
#2533=CARTESIAN_POINT('',(0.00259764631111112,-0.00698162577777778,0.0041));
#2534=CARTESIAN_POINT('',(0.00259764631111112,-0.00698162577777778,0.0061));
#2535=CARTESIAN_POINT('',(0.00259764631111112,-0.00698162577777778,0.0061));
#2536=CARTESIAN_POINT('',(0.00908058453333334,-0.00698162577777778,0.0061));
#2537=CARTESIAN_POINT('',(0.00259764631111112,-0.00648293822222223,0.0061));
#2538=CARTESIAN_POINT('',(0.00259764631111112,-0.00648293822222223,0.0041));
#2539=CARTESIAN_POINT('',(0.00209895875555556,-0.00648293822222223,0.0041));
#2540=CARTESIAN_POINT('',(0.00209895875555556,-0.00648293822222223,0.0061));
#2541=CARTESIAN_POINT('',(0.00209895875555556,-0.00648293822222223,0.0061));
#2542=CARTESIAN_POINT('',(0.00259764631111112,-0.00648293822222223,0.0061));
#2543=CARTESIAN_POINT('',(0.0405976380444444,0.0254829340888889,0.0061));
#2544=CARTESIAN_POINT('',(0.0405976380444444,0.0254829340888889,0.0041));
#2545=CARTESIAN_POINT('',(0.0405976380444444,0.0259816216444445,0.0041));
#2546=CARTESIAN_POINT('',(0.0400989504888889,0.0254829340888889,0.0041));
#2547=CARTESIAN_POINT('',(0.0405976380444444,0.0259816216444445,0.0061));
#2548=CARTESIAN_POINT('',(0.0405976380444444,0.0259816216444445,0.0061));
#2549=CARTESIAN_POINT('',(0.0405976380444444,0.0254829340888889,0.0061));
#2550=CARTESIAN_POINT('',(0.0400989504888889,0.0254829340888889,0.0061));
#2551=CARTESIAN_POINT('',(0.0400989504888889,0.0254829340888889,0.0061));
#2552=CARTESIAN_POINT('',(0.0470805762666667,0.0259816216444445,0.0061));
#2553=CARTESIAN_POINT('',(0.0470805762666667,0.0259816216444445,0.0041));
#2554=CARTESIAN_POINT('',(0.0535635144888889,0.0259816216444445,0.0041));
#2555=CARTESIAN_POINT('',(0.0535635144888889,0.0259816216444445,0.0061));
#2556=CARTESIAN_POINT('',(0.0535635144888889,0.0259816216444445,0.0061));
#2557=CARTESIAN_POINT('',(0.0470805762666667,0.0259816216444445,0.0061));
#2558=CARTESIAN_POINT('',(0.0535635144888889,0.0254829340888889,0.0061));
#2559=CARTESIAN_POINT('',(0.0535635144888889,0.0254829340888889,0.0041));
#2560=CARTESIAN_POINT('',(0.0540622020444445,0.0254829340888889,0.0041));
#2561=CARTESIAN_POINT('',(0.0540622020444445,0.0254829340888889,0.0061));
#2562=CARTESIAN_POINT('',(0.0540622020444445,0.0254829340888889,0.0061));
#2563=CARTESIAN_POINT('',(0.0535635144888889,0.0254829340888889,0.0061));
#2564=CARTESIAN_POINT('',(0.0540622020444445,0.0189999958666667,0.0061));
#2565=CARTESIAN_POINT('',(0.0540622020444445,0.0189999958666667,0.0041));
#2566=CARTESIAN_POINT('',(0.0540622020444445,0.0125170576444444,0.0041));
#2567=CARTESIAN_POINT('',(0.0540622020444445,0.0125170576444444,0.0061));
#2568=CARTESIAN_POINT('',(0.0540622020444445,0.0125170576444444,0.0061));
#2569=CARTESIAN_POINT('',(0.0540622020444445,0.0189999958666667,0.0061));
#2570=CARTESIAN_POINT('',(0.0535635144888889,0.0125170576444444,0.0061));
#2571=CARTESIAN_POINT('',(0.0535635144888889,0.0125170576444444,0.0041));
#2572=CARTESIAN_POINT('',(0.0535635144888889,0.0120183700888889,0.0041));
#2573=CARTESIAN_POINT('',(0.0535635144888889,0.0120183700888889,0.0061));
#2574=CARTESIAN_POINT('',(0.0535635144888889,0.0120183700888889,0.0061));
#2575=CARTESIAN_POINT('',(0.0535635144888889,0.0125170576444444,0.0061));
#2576=CARTESIAN_POINT('',(0.0470805762666667,0.0120183700888889,0.0061));
#2577=CARTESIAN_POINT('',(0.0470805762666667,0.0120183700888889,0.0041));
#2578=CARTESIAN_POINT('',(0.0405976380444444,0.0120183700888889,0.0041));
#2579=CARTESIAN_POINT('',(0.0405976380444444,0.0120183700888889,0.0061));
#2580=CARTESIAN_POINT('',(0.0405976380444444,0.0120183700888889,0.0061));
#2581=CARTESIAN_POINT('',(0.0470805762666667,0.0120183700888889,0.0061));
#2582=CARTESIAN_POINT('',(0.0405976380444444,0.0125170576444444,0.0061));
#2583=CARTESIAN_POINT('',(0.0405976380444444,0.0125170576444444,0.0041));
#2584=CARTESIAN_POINT('',(0.0400989504888889,0.0125170576444444,0.0041));
#2585=CARTESIAN_POINT('',(0.0400989504888889,0.0125170576444444,0.0061));
#2586=CARTESIAN_POINT('',(0.0400989504888889,0.0125170576444444,0.0061));
#2587=CARTESIAN_POINT('',(0.0405976380444444,0.0125170576444444,0.0061));
#2588=CARTESIAN_POINT('',(0.0215976421777778,0.0254829340888889,0.0061));
#2589=CARTESIAN_POINT('',(0.0215976421777778,0.0254829340888889,0.0041));
#2590=CARTESIAN_POINT('',(0.0215976421777778,0.0259816216444445,0.0041));
#2591=CARTESIAN_POINT('',(0.0210989546222222,0.0254829340888889,0.0041));
#2592=CARTESIAN_POINT('',(0.0215976421777778,0.0259816216444445,0.0061));
#2593=CARTESIAN_POINT('',(0.0215976421777778,0.0259816216444445,0.0061));
#2594=CARTESIAN_POINT('',(0.0215976421777778,0.0254829340888889,0.0061));
#2595=CARTESIAN_POINT('',(0.0210989546222222,0.0254829340888889,0.0061));
#2596=CARTESIAN_POINT('',(0.0210989546222222,0.0254829340888889,0.0061));
#2597=CARTESIAN_POINT('',(0.0280805804,0.0259816216444445,0.0061));
#2598=CARTESIAN_POINT('',(0.0280805804,0.0259816216444445,0.0041));
#2599=CARTESIAN_POINT('',(0.0345635186222223,0.0259816216444445,0.0041));
#2600=CARTESIAN_POINT('',(0.0345635186222223,0.0259816216444445,0.0061));
#2601=CARTESIAN_POINT('',(0.0345635186222223,0.0259816216444445,0.0061));
#2602=CARTESIAN_POINT('',(0.0280805804,0.0259816216444445,0.0061));
#2603=CARTESIAN_POINT('',(0.0345635186222222,0.0254829340888889,0.0061));
#2604=CARTESIAN_POINT('',(0.0345635186222222,0.0254829340888889,0.0041));
#2605=CARTESIAN_POINT('',(0.0350622061777778,0.0254829340888889,0.0041));
#2606=CARTESIAN_POINT('',(0.0350622061777778,0.0254829340888889,0.0061));
#2607=CARTESIAN_POINT('',(0.0350622061777778,0.0254829340888889,0.0061));
#2608=CARTESIAN_POINT('',(0.0345635186222222,0.0254829340888889,0.0061));
#2609=CARTESIAN_POINT('',(0.0350622061777778,0.0189999958666667,0.0061));
#2610=CARTESIAN_POINT('',(0.0350622061777778,0.0189999958666667,0.0041));
#2611=CARTESIAN_POINT('',(0.0350622061777778,0.0125170576444444,0.0041));
#2612=CARTESIAN_POINT('',(0.0350622061777778,0.0125170576444444,0.0061));
#2613=CARTESIAN_POINT('',(0.0350622061777778,0.0125170576444444,0.0061));
#2614=CARTESIAN_POINT('',(0.0350622061777778,0.0189999958666667,0.0061));
#2615=CARTESIAN_POINT('',(0.0345635186222223,0.0125170576444444,0.0061));
#2616=CARTESIAN_POINT('',(0.0345635186222223,0.0125170576444444,0.0041));
#2617=CARTESIAN_POINT('',(0.0345635186222223,0.0120183700888889,0.0041));
#2618=CARTESIAN_POINT('',(0.0345635186222223,0.0120183700888889,0.0061));
#2619=CARTESIAN_POINT('',(0.0345635186222223,0.0120183700888889,0.0061));
#2620=CARTESIAN_POINT('',(0.0345635186222223,0.0125170576444444,0.0061));
#2621=CARTESIAN_POINT('',(0.0280805804,0.0120183700888889,0.0061));
#2622=CARTESIAN_POINT('',(0.0280805804,0.0120183700888889,0.0041));
#2623=CARTESIAN_POINT('',(0.0215976421777778,0.0120183700888889,0.0041));
#2624=CARTESIAN_POINT('',(0.0215976421777778,0.0120183700888889,0.0061));
#2625=CARTESIAN_POINT('',(0.0215976421777778,0.0120183700888889,0.0061));
#2626=CARTESIAN_POINT('',(0.0280805804,0.0120183700888889,0.0061));
#2627=CARTESIAN_POINT('',(0.0215976421777778,0.0125170576444444,0.0061));
#2628=CARTESIAN_POINT('',(0.0215976421777778,0.0125170576444444,0.0041));
#2629=CARTESIAN_POINT('',(0.0210989546222222,0.0125170576444444,0.0041));
#2630=CARTESIAN_POINT('',(0.0210989546222222,0.0125170576444444,0.0061));
#2631=CARTESIAN_POINT('',(0.0210989546222222,0.0125170576444444,0.0061));
#2632=CARTESIAN_POINT('',(0.0215976421777778,0.0125170576444444,0.0061));
#2633=CARTESIAN_POINT('',(0.00259764631111112,0.0254829340888889,0.0061));
#2634=CARTESIAN_POINT('',(0.00259764631111112,0.0254829340888889,0.0041));
#2635=CARTESIAN_POINT('',(0.00259764631111112,0.0259816216444445,0.0041));
#2636=CARTESIAN_POINT('',(0.00209895875555556,0.0254829340888889,0.0041));
#2637=CARTESIAN_POINT('',(0.00259764631111112,0.0259816216444445,0.0061));
#2638=CARTESIAN_POINT('',(0.00259764631111112,0.0259816216444445,0.0061));
#2639=CARTESIAN_POINT('',(0.00259764631111112,0.0254829340888889,0.0061));
#2640=CARTESIAN_POINT('',(0.00209895875555556,0.0254829340888889,0.0061));
#2641=CARTESIAN_POINT('',(0.00209895875555556,0.0254829340888889,0.0061));
#2642=CARTESIAN_POINT('',(0.00908058453333334,0.0259816216444445,0.0061));
#2643=CARTESIAN_POINT('',(0.00908058453333334,0.0259816216444445,0.0041));
#2644=CARTESIAN_POINT('',(0.0155635227555556,0.0259816216444445,0.0041));
#2645=CARTESIAN_POINT('',(0.0155635227555556,0.0259816216444445,0.0061));
#2646=CARTESIAN_POINT('',(0.0155635227555556,0.0259816216444445,0.0061));
#2647=CARTESIAN_POINT('',(0.00908058453333334,0.0259816216444445,0.0061));
#2648=CARTESIAN_POINT('',(0.0155635227555556,0.0254829340888889,0.0061));
#2649=CARTESIAN_POINT('',(0.0155635227555556,0.0254829340888889,0.0041));
#2650=CARTESIAN_POINT('',(0.0160622103111111,0.0254829340888889,0.0041));
#2651=CARTESIAN_POINT('',(0.0160622103111111,0.0254829340888889,0.0061));
#2652=CARTESIAN_POINT('',(0.0160622103111111,0.0254829340888889,0.0061));
#2653=CARTESIAN_POINT('',(0.0155635227555556,0.0254829340888889,0.0061));
#2654=CARTESIAN_POINT('',(0.0160622103111111,0.0189999958666667,0.0061));
#2655=CARTESIAN_POINT('',(0.0160622103111111,0.0189999958666667,0.0041));
#2656=CARTESIAN_POINT('',(0.0160622103111111,0.0125170576444444,0.0041));
#2657=CARTESIAN_POINT('',(0.0160622103111111,0.0125170576444444,0.0061));
#2658=CARTESIAN_POINT('',(0.0160622103111111,0.0125170576444444,0.0061));
#2659=CARTESIAN_POINT('',(0.0160622103111111,0.0189999958666667,0.0061));
#2660=CARTESIAN_POINT('',(0.0155635227555556,0.0125170576444444,0.0061));
#2661=CARTESIAN_POINT('',(0.0155635227555556,0.0125170576444444,0.0041));
#2662=CARTESIAN_POINT('',(0.0155635227555556,0.0120183700888889,0.0041));
#2663=CARTESIAN_POINT('',(0.0155635227555556,0.0120183700888889,0.0061));
#2664=CARTESIAN_POINT('',(0.0155635227555556,0.0120183700888889,0.0061));
#2665=CARTESIAN_POINT('',(0.0155635227555556,0.0125170576444444,0.0061));
#2666=CARTESIAN_POINT('',(0.00908058453333334,0.0120183700888889,0.0061));
#2667=CARTESIAN_POINT('',(0.00908058453333334,0.0120183700888889,0.0041));
#2668=CARTESIAN_POINT('',(0.00259764631111112,0.0120183700888889,0.0041));
#2669=CARTESIAN_POINT('',(0.00259764631111112,0.0120183700888889,0.0061));
#2670=CARTESIAN_POINT('',(0.00259764631111112,0.0120183700888889,0.0061));
#2671=CARTESIAN_POINT('',(0.00908058453333334,0.0120183700888889,0.0061));
#2672=CARTESIAN_POINT('',(0.00259764631111112,0.0125170576444444,0.0061));
#2673=CARTESIAN_POINT('',(0.00259764631111112,0.0125170576444444,0.0041));
#2674=CARTESIAN_POINT('',(0.00209895875555556,0.0125170576444444,0.0041));
#2675=CARTESIAN_POINT('',(0.00209895875555556,0.0125170576444444,0.0061));
#2676=CARTESIAN_POINT('',(0.00209895875555556,0.0125170576444444,0.0061));
#2677=CARTESIAN_POINT('',(0.00259764631111112,0.0125170576444444,0.0061));
#2678=CARTESIAN_POINT('',(0.0535635144888889,0.00648293822222222,0.0061));
#2679=CARTESIAN_POINT('',(0.0535635144888889,0.00648293822222222,0.0041));
#2680=CARTESIAN_POINT('',(0.0540622020444445,0.00648293822222222,0.0041));
#2681=CARTESIAN_POINT('',(0.0535635144888889,0.00698162577777778,0.0041));
#2682=CARTESIAN_POINT('',(0.0540622020444445,0.00648293822222222,0.0061));
#2683=CARTESIAN_POINT('',(0.0540622020444445,0.00648293822222222,0.0061));
#2684=CARTESIAN_POINT('',(0.0535635144888889,0.00648293822222222,0.0061));
#2685=CARTESIAN_POINT('',(0.0535635144888889,0.00698162577777778,0.0061));
#2686=CARTESIAN_POINT('',(0.0535635144888889,0.00698162577777778,0.0061));
#2687=CARTESIAN_POINT('',(0.0540622020444445,-0.00574826683508582,0.0061));
#2688=CARTESIAN_POINT('',(0.0540622020444445,-0.00574826683508582,0.0041));
#2689=CARTESIAN_POINT('',(0.0540622020444445,-0.00648293822222223,0.0041));
#2690=CARTESIAN_POINT('',(0.0540622020444445,-0.00648293822222223,0.0061));
#2691=CARTESIAN_POINT('',(0.0540622020444445,-0.00648293822222223,0.0061));
#2692=CARTESIAN_POINT('',(0.0540622020444445,-0.00574826683508582,0.0061));
#2693=CARTESIAN_POINT('',(0.0535635144888889,-0.00648293822222223,0.0061));
#2694=CARTESIAN_POINT('',(0.0535635144888889,-0.00648293822222223,0.0041));
#2695=CARTESIAN_POINT('',(0.0535635144888889,-0.00698162577777778,0.0041));
#2696=CARTESIAN_POINT('',(0.0535635144888889,-0.00698162577777778,0.0061));
#2697=CARTESIAN_POINT('',(0.0535635144888889,-0.00698162577777778,0.0061));
#2698=CARTESIAN_POINT('',(0.0535635144888889,-0.00648293822222223,0.0061));
#2699=CARTESIAN_POINT('',(0.0470805762666667,-0.00698162577777778,0.0061));
#2700=CARTESIAN_POINT('',(0.0470805762666667,-0.00698162577777778,0.0041));
#2701=CARTESIAN_POINT('',(0.0405976380444444,-0.00698162577777778,0.0041));
#2702=CARTESIAN_POINT('',(0.0405976380444444,-0.00698162577777778,0.0061));
#2703=CARTESIAN_POINT('',(0.0405976380444444,-0.00698162577777778,0.0061));
#2704=CARTESIAN_POINT('',(0.0470805762666667,-0.00698162577777778,0.0061));
#2705=CARTESIAN_POINT('',(0.0405976380444444,-0.00648293822222224,0.0061));
#2706=CARTESIAN_POINT('',(0.0405976380444444,-0.00648293822222224,0.0041));
#2707=CARTESIAN_POINT('',(0.0400989504888889,-0.00648293822222222,0.0041));
#2708=CARTESIAN_POINT('',(0.0400989504888889,-0.00648293822222222,0.0061));
#2709=CARTESIAN_POINT('',(0.0400989504888889,-0.00648293822222222,0.0061));
#2710=CARTESIAN_POINT('',(0.0405976380444444,-0.00648293822222224,0.0061));
#2711=CARTESIAN_POINT('',(0.0400989504888889,0.,0.0061));
#2712=CARTESIAN_POINT('',(0.0400989504888889,0.,0.0041));
#2713=CARTESIAN_POINT('',(0.0400989504888889,0.00648293822222222,0.0041));
#2714=CARTESIAN_POINT('',(0.0400989504888889,0.00648293822222222,0.0061));
#2715=CARTESIAN_POINT('',(0.0400989504888889,0.00648293822222222,0.0061));
#2716=CARTESIAN_POINT('',(0.0400989504888889,0.,0.0061));
#2717=CARTESIAN_POINT('',(0.0405976380444444,0.00648293822222224,0.0061));
#2718=CARTESIAN_POINT('',(0.0405976380444444,0.00648293822222224,0.0041));
#2719=CARTESIAN_POINT('',(0.0405976380444444,0.00698162577777778,0.0041));
#2720=CARTESIAN_POINT('',(0.0405976380444444,0.00698162577777778,0.0061));
#2721=CARTESIAN_POINT('',(0.0405976380444444,0.00698162577777778,0.0061));
#2722=CARTESIAN_POINT('',(0.0405976380444444,0.00648293822222224,0.0061));
#2723=CARTESIAN_POINT('',(0.069182,-0.0273215074338411,0.0061));
#2724=CARTESIAN_POINT('',(0.069182,-0.0273215074338411,0.0041));
#2725=CARTESIAN_POINT('',(0.069182,0.0359,0.0041));
#2726=CARTESIAN_POINT('',(0.069182,-0.0359,0.0041));
#2727=CARTESIAN_POINT('',(0.069182,0.0359,0.0061));
#2728=CARTESIAN_POINT('',(0.069182,0.0359,0.0061));
#2729=CARTESIAN_POINT('',(0.069182,-0.0273215074338411,0.0061));
#2730=CARTESIAN_POINT('',(0.069182,-0.0359,0.0061));
#2731=CARTESIAN_POINT('',(0.069182,-0.0359,0.0061));
#2732=CARTESIAN_POINT('',(0.064182,0.0359,0.0061));
#2733=CARTESIAN_POINT('',(0.064182,0.0359,0.0041));
#2734=CARTESIAN_POINT('',(0.064182,0.0409,0.0041));
#2735=CARTESIAN_POINT('',(0.064182,0.0409,0.0061));
#2736=CARTESIAN_POINT('',(0.064182,0.0409,0.0061));
#2737=CARTESIAN_POINT('',(0.064182,0.0359,0.0061));
#2738=CARTESIAN_POINT('',(0.0556834965265989,0.0409,0.0061));
#2739=CARTESIAN_POINT('',(0.0556834965265989,0.0409,0.0041));
#2740=CARTESIAN_POINT('',(-0.00105279360000001,0.0409,0.0041));
#2741=CARTESIAN_POINT('',(-0.00105279360000001,0.0409,0.0061));
#2742=CARTESIAN_POINT('',(-0.00105279360000001,0.0409,0.0061));
#2743=CARTESIAN_POINT('',(0.0556834965265989,0.0409,0.0061));
#2744=CARTESIAN_POINT('',(-0.00105279360000001,-0.0359,0.0061));
#2745=CARTESIAN_POINT('',(-0.00105279360000001,-0.0359,0.0041));
#2746=CARTESIAN_POINT('',(-0.00105279360000001,-0.0409,0.0041));
#2747=CARTESIAN_POINT('',(-0.00105279360000001,-0.0409,0.0061));
#2748=CARTESIAN_POINT('',(-0.00105279360000001,-0.0409,0.0061));
#2749=CARTESIAN_POINT('',(-0.00105279360000001,-0.0359,0.0061));
#2750=CARTESIAN_POINT('',(0.0204896032,-0.0409,0.0061));
#2751=CARTESIAN_POINT('',(0.0204896032,-0.0409,0.0041));
#2752=CARTESIAN_POINT('',(0.064182,-0.0409,0.0041));
#2753=CARTESIAN_POINT('',(0.064182,-0.0409,0.0061));
#2754=CARTESIAN_POINT('',(0.064182,-0.0409,0.0061));
#2755=CARTESIAN_POINT('',(0.0204896032,-0.0409,0.0061));
#2756=CARTESIAN_POINT('',(0.0210989546222222,-0.0189999958666667,0.0061));
#2757=CARTESIAN_POINT('',(0.0210989546222222,-0.0189999958666667,0.0041));
#2758=CARTESIAN_POINT('',(0.0210989546222222,-0.0189999958666667,0.0061));
#2759=CARTESIAN_POINT('',(0.00209895875555556,-0.0189999958666667,0.0061));
#2760=CARTESIAN_POINT('',(0.00209895875555556,-0.0189999958666667,0.0041));
#2761=CARTESIAN_POINT('',(0.00209895875555556,-0.0189999958666667,0.0061));
#2762=CARTESIAN_POINT('',(0.0210989546222222,0.,0.0061));
#2763=CARTESIAN_POINT('',(0.0210989546222222,0.,0.0041));
#2764=CARTESIAN_POINT('',(0.0210989546222222,0.,0.0061));
#2765=CARTESIAN_POINT('',(0.00209895875555556,0.,0.0061));
#2766=CARTESIAN_POINT('',(0.00209895875555556,0.,0.0041));
#2767=CARTESIAN_POINT('',(0.00209895875555556,0.,0.0061));
#2768=CARTESIAN_POINT('',(0.0400989504888889,0.0189999958666667,0.0061));
#2769=CARTESIAN_POINT('',(0.0400989504888889,0.0189999958666667,0.0041));
#2770=CARTESIAN_POINT('',(0.0400989504888889,0.0189999958666667,0.0061));
#2771=CARTESIAN_POINT('',(0.0210989546222222,0.0189999958666667,0.0061));
#2772=CARTESIAN_POINT('',(0.0210989546222222,0.0189999958666667,0.0041));
#2773=CARTESIAN_POINT('',(0.0210989546222222,0.0189999958666667,0.0061));
#2774=CARTESIAN_POINT('',(0.00209895875555556,0.0189999958666667,0.0061));
#2775=CARTESIAN_POINT('',(0.00209895875555556,0.0189999958666667,0.0041));
#2776=CARTESIAN_POINT('',(0.00209895875555556,0.0189999958666667,0.0061));
#2777=CARTESIAN_POINT('',(0.0470805762666667,0.00698162577777778,0.0061));
#2778=CARTESIAN_POINT('',(0.0470805762666667,0.00698162577777778,0.0041));
#2779=CARTESIAN_POINT('',(0.0470805762666667,0.00698162577777778,0.0061));
#2780=CARTESIAN_POINT('',(0.064182,0.0359,0.0061));
#2781=CARTESIAN_POINT('',(0.064182,0.0359,0.0061));
#2782=CARTESIAN_POINT('',(0.065632,0.0359,0.0061));
#2783=CARTESIAN_POINT('',(0.064182,0.0359,0.0041));
#2784=CARTESIAN_POINT('',(0.065632,0.0359,0.0041));
#2785=CARTESIAN_POINT('',(0.064182,-0.0359,0.0061));
#2786=CARTESIAN_POINT('',(0.064182,-0.0359,0.0061));
#2787=CARTESIAN_POINT('',(0.065632,-0.0359,0.0061));
#2788=CARTESIAN_POINT('',(0.064182,-0.0359,0.0041));
#2789=CARTESIAN_POINT('',(0.065632,-0.0359,0.0041));
#2790=CARTESIAN_POINT('',(0.064182,-0.0359,0.0061));
#2791=CARTESIAN_POINT('',(0.064182,-0.0359,0.0041));
#2792=CARTESIAN_POINT('',(0.064182,-0.0359,0.0061));
#2793=CARTESIAN_POINT('',(0.0400989504888889,-0.0189999958666667,0.0061));
#2794=CARTESIAN_POINT('',(0.0400989504888889,-0.0189999958666667,0.0041));
#2795=CARTESIAN_POINT('',(0.0400989504888889,-0.0189999958666667,0.0061));
#2796=CARTESIAN_POINT('',(0.0117329,1.38777878078145E-17,0.0061));
#2797=CARTESIAN_POINT('',(0.0117329,1.38777878078145E-17,0.0041));
#2798=MECHANICAL_DESIGN_GEOMETRIC_PRESENTATION_REPRESENTATION('',(#1659),
#2799);
#2799=(
GEOMETRIC_REPRESENTATION_CONTEXT(3)
GLOBAL_UNCERTAINTY_ASSIGNED_CONTEXT((#2800))
GLOBAL_UNIT_ASSIGNED_CONTEXT((#2803,#2802,#2801))
REPRESENTATION_CONTEXT('plate','TOP_LEVEL_ASSEMBLY_PART')
);
#2800=UNCERTAINTY_MEASURE_WITH_UNIT(LENGTH_MEASURE(1.E-8),#2803,
'DISTANCE_ACCURACY_VALUE','Maximum Tolerance applied to model');
#2801=(
NAMED_UNIT(*)
SI_UNIT($,.STERADIAN.)
SOLID_ANGLE_UNIT()
);
#2802=(
NAMED_UNIT(*)
PLANE_ANGLE_UNIT()
SI_UNIT($,.RADIAN.)
);
#2803=(
LENGTH_UNIT()
NAMED_UNIT(*)
SI_UNIT($,.METRE.)
);
#2804=PRODUCT_DEFINITION_SHAPE('','',#2805);
#2805=PRODUCT_DEFINITION('','',#2807,#2806);
#2806=PRODUCT_DEFINITION_CONTEXT('',#2813,'design');
#2807=PRODUCT_DEFINITION_FORMATION_WITH_SPECIFIED_SOURCE('','',#2809,
 .NOT_KNOWN.);
#2808=PRODUCT_RELATED_PRODUCT_CATEGORY('','',(#2809));
#2809=PRODUCT('plate','plate','plate',(#2811));
#2810=PRODUCT_CATEGORY('','');
#2811=PRODUCT_CONTEXT('',#2813,'mechanical');
#2812=APPLICATION_PROTOCOL_DEFINITION('international standard',
'ap242_managed_model_based_3d_engineering',2020,#2813);
#2813=APPLICATION_CONTEXT('managed model based 3d engineering');
ENDSEC;
END-ISO-10303-21;
