ISO-10303-21;
HEADER;
/* Generated by software containing ST-Developer
 * from STEP Tools, Inc. (www.steptools.com) 
 */
/* OPTION: using custom renumber hook */

FILE_DESCRIPTION(
/* description */ ('STEP AP242 Edition 2',
'CAx-IF Rec.Pracs.---Representation and Presentation of Product Manufa
cturing Information (PMI)---4.0---2014-10-13',
'CAx-IF Rec.Pracs.---3D Tessellated Geometry---0.4---2014-09-14','2;1',
'CAx-IF Rec.Pracs.---User Defined Attributes---1.5---2016-08-15'),
/* implementation_level */ '2;1');

FILE_NAME(
/* name */ 'Part Studio 1 - top',
/* time_stamp */ '2026-07-17T02:57:51Z',
/* author */ (''),
/* organization */ (''),
/* preprocessor_version */ 'ST-DEVELOPER v20',
/* originating_system */ 'ONSHAPE BY PTC INC, 1.217',
/* authorisation */ '  ');

FILE_SCHEMA (('AP242_MANAGED_MODEL_BASED_3D_ENGINEERING_MIM_LF { 1 0 10303 442 3 1 4 }'));
ENDSEC;

DATA;
#10=SHAPE_REPRESENTATION_RELATIONSHIP('','',#3273,#11);
#11=ADVANCED_BREP_SHAPE_REPRESENTATION('',(#3271),#5721);
#12=B_SPLINE_SURFACE_WITH_KNOTS('',3,1,((#4803,#4804),(#4805,#4806),(#4807,
#4808),(#4809,#4810),(#4811,#4812),(#4813,#4814),(#4815,#4816),(#4817,#4818),
(#4819,#4820),(#4821,#4822)),.RULED_SURF.,.F.,.F.,.F.,(4,2,2,2,4),(2,2),
(0.,0.25,0.5,0.75,1.),(0.,1.),.UNSPECIFIED.);
#13=B_SPLINE_SURFACE_WITH_KNOTS('',3,1,((#4826,#4827),(#4828,#4829),(#4830,
#4831),(#4832,#4833),(#4834,#4835),(#4836,#4837),(#4838,#4839),(#4840,#4841),
(#4842,#4843),(#4844,#4845),(#4846,#4847),(#4848,#4849),(#4850,#4851),(#4852,
#4853),(#4854,#4855),(#4856,#4857),(#4858,#4859),(#4860,#4861)),
 .RULED_SURF.,.F.,.F.,.F.,(4,2,2,2,2,2,2,2,4),(2,2),(0.,0.124698195123203,
0.249396390246406,0.374094585369608,0.498792780492811,0.624094585369609,
0.749396390246406,0.874698195123203,1.),(0.,1.),.UNSPECIFIED.);
#14=B_SPLINE_SURFACE_WITH_KNOTS('',3,1,((#4911,#4912),(#4913,#4914),(#4915,
#4916),(#4917,#4918),(#4919,#4920),(#4921,#4922),(#4923,#4924),(#4925,#4926),
(#4927,#4928),(#4929,#4930)),.RULED_SURF.,.F.,.F.,.F.,(4,2,2,2,4),(2,2),
(0.,0.25,0.5,0.75,1.),(0.,1.),.UNSPECIFIED.);
#15=B_SPLINE_SURFACE_WITH_KNOTS('',3,1,((#4932,#4933),(#4934,#4935),(#4936,
#4937),(#4938,#4939),(#4940,#4941),(#4942,#4943),(#4944,#4945),(#4946,#4947),
(#4948,#4949),(#4950,#4951),(#4952,#4953),(#4954,#4955),(#4956,#4957),(#4958,
#4959),(#4960,#4961),(#4962,#4963),(#4964,#4965),(#4966,#4967),(#4968,#4969),
(#4970,#4971),(#4972,#4973),(#4974,#4975),(#4976,#4977),(#4978,#4979),(#4980,
#4981),(#4982,#4983),(#4984,#4985),(#4986,#4987),(#4988,#4989),(#4990,#4991),
(#4992,#4993),(#4994,#4995),(#4996,#4997),(#4998,#4999),(#5000,#5001),(#5002,
#5003),(#5004,#5005),(#5006,#5007),(#5008,#5009),(#5010,#5011),(#5012,#5013),
(#5014,#5015),(#5016,#5017),(#5018,#5019),(#5020,#5021),(#5022,#5023),(#5024,
#5025),(#5026,#5027),(#5028,#5029),(#5030,#5031),(#5032,#5033),(#5034,#5035),
(#5036,#5037),(#5038,#5039),(#5040,#5041),(#5042,#5043),(#5044,#5045),(#5046,
#5047),(#5048,#5049),(#5050,#5051),(#5052,#5053),(#5054,#5055)),
 .RULED_SURF.,.F.,.F.,.F.,(4,2,2,2,2,2,2,2,2,2,2,2,2,2,2,2,2,2,2,2,2,2,
2,2,2,2,2,2,2,2,4),(2,2),(0.509748399692607,0.521163580584777,0.536048420437103,
0.550933260289429,0.565818100141755,0.580702939994081,0.595587779846407,
0.610472619698733,0.625357459551059,0.635994707807077,0.646631956063094,
0.657269204319112,0.66790645257513,0.678543700831148,0.689180949087166,
0.699818197343184,0.710455445599202,0.72109269385522,0.731729942111238,
0.742367190367255,0.753004438623273,0.763641686879291,0.774278935135309,
0.784916183391327,0.790234807519336,0.79289411958334,0.794223775615343,
0.794888603631344,0.795221017639344,0.795387224643344,0.795553431647345),
(0.122424488143553,1.),.UNSPECIFIED.);
#16=B_SPLINE_SURFACE_WITH_KNOTS('',3,1,((#5080,#5081),(#5082,#5083),(#5084,
#5085),(#5086,#5087),(#5088,#5089),(#5090,#5091),(#5092,#5093),(#5094,#5095),
(#5096,#5097),(#5098,#5099),(#5100,#5101),(#5102,#5103),(#5104,#5105),(#5106,
#5107),(#5108,#5109),(#5110,#5111),(#5112,#5113),(#5114,#5115),(#5116,#5117),
(#5118,#5119),(#5120,#5121),(#5122,#5123),(#5124,#5125),(#5126,#5127),(#5128,
#5129),(#5130,#5131),(#5132,#5133),(#5134,#5135),(#5136,#5137),(#5138,#5139),
(#5140,#5141),(#5142,#5143),(#5144,#5145),(#5146,#5147),(#5148,#5149),(#5150,
#5151),(#5152,#5153),(#5154,#5155),(#5156,#5157),(#5158,#5159),(#5160,#5161),
(#5162,#5163),(#5164,#5165),(#5166,#5167),(#5168,#5169),(#5170,#5171),(#5172,
#5173),(#5174,#5175),(#5176,#5177),(#5178,#5179),(#5180,#5181),(#5182,#5183),
(#5184,#5185),(#5186,#5187),(#5188,#5189),(#5190,#5191),(#5192,#5193),(#5194,
#5195),(#5196,#5197),(#5198,#5199),(#5200,#5201),(#5202,#5203)),
 .RULED_SURF.,.F.,.F.,.F.,(4,2,2,2,2,2,2,2,2,2,2,2,2,2,2,2,2,2,2,2,2,2,
2,2,2,2,2,2,2,2,4),(2,2),(0.,0.0205229109087319,0.0410458218174639,0.0615687327261959,
0.0820916436349278,0.10261455454366,0.123137465452392,0.143660376361124,
0.164183287269856,0.179296614127042,0.194409940984229,0.209523267841416,
0.224636594698602,0.239749921555789,0.254863248412975,0.269976575270162,
0.285089902127348,0.296523651319531,0.302240525915623,0.307957400511714,
0.313674275107806,0.319391149703897,0.325108024299989,0.330824898896081,
0.336541773492173,0.342258648088264,0.353692397280447,0.36512614647263,
0.370843021068722,0.376559895664813,0.376561891495424),(0.122424393563358,
1.),.UNSPECIFIED.);
#17=B_SPLINE_SURFACE_WITH_KNOTS('',3,1,((#5380,#5381),(#5382,#5383),(#5384,
#5385),(#5386,#5387),(#5388,#5389),(#5390,#5391),(#5392,#5393)),
 .SURF_OF_LINEAR_EXTRUSION.,.F.,.F.,.F.,(4,1,1,1,4),(2,2),(4.71238898038469,
5.10508806208341,5.49778714378214,5.89048622548086,6.28318530717958),(0.,
1.),.UNSPECIFIED.);
#18=TOROIDAL_SURFACE('',#3290,0.0390188041113278,0.002);
#19=TOROIDAL_SURFACE('',#3372,0.003,0.002);
#20=TOROIDAL_SURFACE('',#3376,0.003,0.002);
#21=TOROIDAL_SURFACE('',#3380,0.0390188041113278,0.002);
#22=TOROIDAL_SURFACE('',#3384,0.0390188041113278,0.002);
#23=TOROIDAL_SURFACE('',#3387,0.003,0.002);
#24=TOROIDAL_SURFACE('',#3392,0.003,0.002);
#25=CYLINDRICAL_SURFACE('',#3283,0.0117516161105713);
#26=CYLINDRICAL_SURFACE('',#3292,0.002);
#27=CYLINDRICAL_SURFACE('',#3294,0.002);
#28=CYLINDRICAL_SURFACE('',#3296,0.002);
#29=CYLINDRICAL_SURFACE('',#3300,0.002);
#30=CYLINDRICAL_SURFACE('',#3303,0.002);
#31=CYLINDRICAL_SURFACE('',#3315,0.005);
#32=CYLINDRICAL_SURFACE('',#3319,0.005);
#33=CYLINDRICAL_SURFACE('',#3325,0.00145);
#34=CYLINDRICAL_SURFACE('',#3328,0.00145);
#35=CYLINDRICAL_SURFACE('',#3338,0.005);
#36=CYLINDRICAL_SURFACE('',#3340,0.005);
#37=CYLINDRICAL_SURFACE('',#3344,0.00145);
#38=CYLINDRICAL_SURFACE('',#3346,0.00145);
#39=CYLINDRICAL_SURFACE('',#3370,0.002);
#40=CYLINDRICAL_SURFACE('',#3374,0.002);
#41=CYLINDRICAL_SURFACE('',#3378,0.002);
#42=CYLINDRICAL_SURFACE('',#3379,0.002);
#43=CYLINDRICAL_SURFACE('',#3381,0.002);
#44=CYLINDRICAL_SURFACE('',#3382,0.002);
#45=CYLINDRICAL_SURFACE('',#3385,0.002);
#46=CYLINDRICAL_SURFACE('',#3389,0.002);
#47=CYLINDRICAL_SURFACE('',#3390,0.002);
#48=CYLINDRICAL_SURFACE('',#3409,0.001);
#49=CYLINDRICAL_SURFACE('',#3411,0.001);
#50=CYLINDRICAL_SURFACE('',#3413,0.001);
#51=CYLINDRICAL_SURFACE('',#3415,0.001);
#52=CIRCLE('',#3278,0.005);
#53=CIRCLE('',#3279,0.005);
#54=CIRCLE('',#3281,0.00145);
#55=CIRCLE('',#3282,0.00145);
#56=CIRCLE('',#3284,0.0410188041113278);
#57=CIRCLE('',#3286,0.0390188041113278);
#58=CIRCLE('',#3287,0.0390188041113278);
#59=CIRCLE('',#3288,0.0390188041113278);
#60=CIRCLE('',#3291,0.002);
#61=CIRCLE('',#3293,0.002);
#62=CIRCLE('',#3295,0.002);
#63=CIRCLE('',#3297,0.002);
#64=CIRCLE('',#3301,0.002);
#65=CIRCLE('',#3304,0.002);
#66=CIRCLE('',#3305,0.002);
#67=CIRCLE('',#3308,0.003);
#68=CIRCLE('',#3309,0.00145);
#69=CIRCLE('',#3311,0.002);
#70=CIRCLE('',#3312,0.002);
#71=CIRCLE('',#3316,0.005);
#72=CIRCLE('',#3317,0.005);
#73=CIRCLE('',#3320,0.005);
#74=CIRCLE('',#3321,0.005);
#75=CIRCLE('',#3326,0.00145);
#76=CIRCLE('',#3327,0.00145);
#77=CIRCLE('',#3329,0.00145);
#78=CIRCLE('',#3330,0.00145);
#79=CIRCLE('',#3332,0.003);
#80=CIRCLE('',#3333,0.003);
#81=CIRCLE('',#3339,0.005);
#82=CIRCLE('',#3341,0.005);
#83=CIRCLE('',#3345,0.00145);
#84=CIRCLE('',#3348,0.003);
#85=CIRCLE('',#3349,0.031163504864581);
#86=CIRCLE('',#3350,0.031163504864581);
#87=CIRCLE('',#3351,0.031163504864581);
#88=CIRCLE('',#3352,0.031163504864581);
#89=CIRCLE('',#3353,0.0410188041113278);
#90=CIRCLE('',#3354,0.0410188041113278);
#91=CIRCLE('',#3355,0.0410188041113278);
#92=CIRCLE('',#3356,0.0410188041113278);
#93=CIRCLE('',#3357,0.0410188041113278);
#94=CIRCLE('',#3371,0.002);
#95=CIRCLE('',#3373,0.002);
#96=CIRCLE('',#3375,0.002);
#97=CIRCLE('',#3377,0.002);
#98=CIRCLE('',#3383,0.002);
#99=CIRCLE('',#3386,0.002);
#100=CIRCLE('',#3388,0.002);
#101=CIRCLE('',#3391,0.002);
#102=CIRCLE('',#3402,0.001);
#103=CIRCLE('',#3403,0.001);
#104=CIRCLE('',#3404,0.001);
#105=CIRCLE('',#3405,0.001);
#106=ELLIPSE('',#3277,0.01694,0.008);
#107=ELLIPSE('',#3280,0.01694,0.008);
#108=ELLIPSE('',#3289,0.01694,0.008);
#109=ELLIPSE('',#3368,0.00282842720858093,0.002);
#110=ELLIPSE('',#3369,0.00282842720858093,0.002);
#111=ELLIPSE('',#3407,0.01694,0.008);
#112=B_SPLINE_CURVE_WITH_KNOTS('',3,(#4332,#4333,#4334,#4335),
 .UNSPECIFIED.,.F.,.F.,(4,4),(0.617024389291133,0.872341463097043),
 .UNSPECIFIED.);
#113=B_SPLINE_CURVE_WITH_KNOTS('',3,(#4383,#4384,#4385,#4386),
 .UNSPECIFIED.,.F.,.F.,(4,4),(0.,3.89964289073369E-5),.UNSPECIFIED.);
#114=B_SPLINE_CURVE_WITH_KNOTS('',3,(#4541,#4542,#4543,#4544,#4545),
 .UNSPECIFIED.,.F.,.F.,(4,1,4),(8.67364980530344E-18,0.00160917455502773,
0.00321834911005544),.UNSPECIFIED.);
#115=B_SPLINE_CURVE_WITH_KNOTS('',3,(#4548,#4549,#4550,#4551),
 .UNSPECIFIED.,.F.,.F.,(4,4),(0.,0.00107096871842995),.UNSPECIFIED.);
#116=B_SPLINE_CURVE_WITH_KNOTS('',3,(#4557,#4558,#4559,#4560),
 .UNSPECIFIED.,.F.,.F.,(4,4),(0.,0.00103997620544193),.UNSPECIFIED.);
#117=B_SPLINE_CURVE_WITH_KNOTS('',3,(#4566,#4567,#4568,#4569,#4570),
 .UNSPECIFIED.,.F.,.F.,(4,1,4),(0.,0.00171790731994885,0.0034358146398977),
 .UNSPECIFIED.);
#118=B_SPLINE_CURVE_WITH_KNOTS('',3,(#4588,#4589,#4590,#4591,#4592),
 .UNSPECIFIED.,.F.,.F.,(4,1,4),(0.,0.00156576116466913,0.00313152232933826),
 .UNSPECIFIED.);
#119=B_SPLINE_CURVE_WITH_KNOTS('',3,(#4610,#4611,#4612,#4613,#4614,#4615),
 .UNSPECIFIED.,.F.,.F.,(4,1,1,4),(0.837805542454477,0.878354156840858,0.918902771227239,
1.),.UNSPECIFIED.);
#120=B_SPLINE_CURVE_WITH_KNOTS('',3,(#4625,#4626,#4627,#4628,#4629,#4630,
#4631,#4632),.UNSPECIFIED.,.F.,.F.,(4,1,1,1,1,4),(0.,0.00690352783859647,
0.0138070556771929,0.0172588195964912,0.0207105835157894,0.0276141113543859),
 .UNSPECIFIED.);
#121=B_SPLINE_CURVE_WITH_KNOTS('',3,(#4677,#4678,#4679,#4680),
 .UNSPECIFIED.,.F.,.F.,(4,4),(0.127658536902957,0.382975610708865),
 .UNSPECIFIED.);
#122=B_SPLINE_CURVE_WITH_KNOTS('',3,(#4691,#4692,#4693,#4694),
 .UNSPECIFIED.,.F.,.F.,(4,4),(0.617024389291136,0.872341463097045),
 .UNSPECIFIED.);
#123=B_SPLINE_CURVE_WITH_KNOTS('',3,(#4790,#4791,#4792,#4793,#4794,#4795,
#4796,#4797,#4798),.UNSPECIFIED.,.F.,.F.,(4,1,1,1,1,1,4),(0.,0.00688310983496922,
0.0103246647524538,0.0137662196699384,0.017207774587423,0.0206493295049077,
0.0275324393398769),.UNSPECIFIED.);
#124=B_SPLINE_CURVE_WITH_KNOTS('',3,(#4862,#4863,#4864,#4865),
 .UNSPECIFIED.,.F.,.F.,(4,4),(0.,0.00834001032016425),.UNSPECIFIED.);
#125=B_SPLINE_CURVE_WITH_KNOTS('',3,(#4868,#4869,#4870,#4871,#4872),
 .UNSPECIFIED.,.F.,.F.,(4,1,4),(0.,0.000803575997156696,0.00160715199431339),
 .UNSPECIFIED.);
#126=B_SPLINE_CURVE_WITH_KNOTS('',3,(#4874,#4875,#4876,#4877),
 .UNSPECIFIED.,.F.,.F.,(4,4),(0.,0.0028167681071857),.UNSPECIFIED.);
#127=B_SPLINE_CURVE_WITH_KNOTS('',3,(#4879,#4880,#4881,#4882,#4883),
 .UNSPECIFIED.,.F.,.F.,(4,1,4),(0.,0.000810925864062334,0.00162185172812467),
 .UNSPECIFIED.);
#128=B_SPLINE_CURVE_WITH_KNOTS('',3,(#4885,#4886,#4887,#4888),
 .UNSPECIFIED.,.F.,.F.,(4,4),(0.,0.00841020884944612),.UNSPECIFIED.);
#129=B_SPLINE_CURVE_WITH_KNOTS('',3,(#4890,#4891,#4892,#4893,#4894),
 .UNSPECIFIED.,.F.,.F.,(4,1,4),(0.,0.000786663346961369,0.00157332669392274),
 .UNSPECIFIED.);
#130=B_SPLINE_CURVE_WITH_KNOTS('',3,(#4896,#4897,#4898,#4899),
 .UNSPECIFIED.,.F.,.F.,(4,4),(0.,0.00262935384322116),.UNSPECIFIED.);
#131=B_SPLINE_CURVE_WITH_KNOTS('',3,(#4901,#4902,#4903,#4904,#4905),
 .UNSPECIFIED.,.F.,.F.,(4,1,4),(0.,0.000783753876564546,0.00156750775312909),
 .UNSPECIFIED.);
#132=B_SPLINE_CURVE_WITH_KNOTS('',3,(#5056,#5057,#5058,#5059),
 .UNSPECIFIED.,.F.,.F.,(4,4),(3.88862089591013E-8,0.00541831303580498),
 .UNSPECIFIED.);
#133=B_SPLINE_CURVE_WITH_KNOTS('',3,(#5061,#5062,#5063,#5064,#5065,#5066,
#5067,#5068,#5069,#5070,#5071,#5072,#5073,#5074,#5075,#5076),
 .UNSPECIFIED.,.F.,.F.,(4,1,1,1,1,1,1,1,1,1,1,1,1,4),(0.,0.00184777012778666,
0.00277165519167998,0.00369554025557331,0.00461942531946664,0.0050813678514133,
0.00554331038335997,0.00600525291530663,0.00646719544725329,0.00669816671322663,
0.00692913797919996,0.00716010924517329,0.00727559487815996,0.00739108051114662),
 .UNSPECIFIED.);
#134=B_SPLINE_CURVE_WITH_KNOTS('',3,(#5204,#5205,#5206,#5207,#5208,#5209,
#5210,#5211,#5212,#5213,#5214,#5215,#5216,#5217,#5218,#5219),
 .UNSPECIFIED.,.F.,.F.,(4,1,1,1,1,1,1,1,1,1,1,1,1,4),(0.,0.00011738478354541,
0.000234769567090821,0.000469539134181641,0.000704308701272462,0.000939078268363283,
0.00140861740254492,0.00187815653672657,0.00234769567090821,0.00281723480508985,
0.00375631307345313,0.00469539134181641,0.0056344696101797,0.00751262614690626),
 .UNSPECIFIED.);
#135=B_SPLINE_CURVE_WITH_KNOTS('',3,(#5220,#5221,#5222,#5223,#5224,#5225,
#5226,#5227,#5228,#5229,#5230),.UNSPECIFIED.,.F.,.F.,(4,1,1,1,1,1,1,1,4),
(-0.015284489288277,-0.0133739281272423,-0.0114633669662077,-0.00955280580517309,
-0.00764224464413848,-0.00573168348310386,-0.00382112232206924,-0.00191056116103462,
0.),.UNSPECIFIED.);
#136=B_SPLINE_CURVE_WITH_KNOTS('',3,(#5298,#5299,#5300,#5301,#5302),
 .UNSPECIFIED.,.F.,.F.,(4,1,4),(2.40113929836263E-14,0.00156248614693001,
0.00312497229383602),.UNSPECIFIED.);
#137=B_SPLINE_CURVE_WITH_KNOTS('',3,(#5304,#5305,#5306,#5307,#5308),
 .UNSPECIFIED.,.F.,.F.,(4,1,4),(0.0128475775443469,0.0144920616528125,0.0161365457612781),
 .UNSPECIFIED.);
#138=B_SPLINE_CURVE_WITH_KNOTS('',3,(#5310,#5311,#5312,#5313,#5314),
 .UNSPECIFIED.,.F.,.F.,(4,1,4),(1.98634128138008E-14,0.00156309465590987,
0.00312618931179989),.UNSPECIFIED.);
#139=ORIENTED_EDGE('',*,*,#1057,.F.);
#140=ORIENTED_EDGE('',*,*,#1058,.T.);
#141=ORIENTED_EDGE('',*,*,#1059,.T.);
#142=ORIENTED_EDGE('',*,*,#1060,.F.);
#143=ORIENTED_EDGE('',*,*,#1061,.T.);
#144=ORIENTED_EDGE('',*,*,#1062,.T.);
#145=ORIENTED_EDGE('',*,*,#1063,.T.);
#146=ORIENTED_EDGE('',*,*,#1064,.T.);
#147=ORIENTED_EDGE('',*,*,#1065,.F.);
#148=ORIENTED_EDGE('',*,*,#1064,.F.);
#149=ORIENTED_EDGE('',*,*,#1066,.F.);
#150=ORIENTED_EDGE('',*,*,#1067,.F.);
#151=ORIENTED_EDGE('',*,*,#1068,.T.);
#152=ORIENTED_EDGE('',*,*,#1069,.T.);
#153=ORIENTED_EDGE('',*,*,#1070,.F.);
#154=ORIENTED_EDGE('',*,*,#1071,.F.);
#155=ORIENTED_EDGE('',*,*,#1072,.T.);
#156=ORIENTED_EDGE('',*,*,#1073,.F.);
#157=ORIENTED_EDGE('',*,*,#1074,.T.);
#158=ORIENTED_EDGE('',*,*,#1075,.F.);
#159=ORIENTED_EDGE('',*,*,#1076,.T.);
#160=ORIENTED_EDGE('',*,*,#1077,.F.);
#161=ORIENTED_EDGE('',*,*,#1078,.T.);
#162=ORIENTED_EDGE('',*,*,#1079,.F.);
#163=ORIENTED_EDGE('',*,*,#1080,.T.);
#164=ORIENTED_EDGE('',*,*,#1081,.F.);
#165=ORIENTED_EDGE('',*,*,#1082,.F.);
#166=ORIENTED_EDGE('',*,*,#1083,.T.);
#167=ORIENTED_EDGE('',*,*,#1084,.T.);
#168=ORIENTED_EDGE('',*,*,#1058,.F.);
#169=ORIENTED_EDGE('',*,*,#1085,.T.);
#170=ORIENTED_EDGE('',*,*,#1086,.F.);
#171=ORIENTED_EDGE('',*,*,#1087,.F.);
#172=ORIENTED_EDGE('',*,*,#1088,.F.);
#173=ORIENTED_EDGE('',*,*,#1089,.F.);
#174=ORIENTED_EDGE('',*,*,#1090,.F.);
#175=ORIENTED_EDGE('',*,*,#1091,.F.);
#176=ORIENTED_EDGE('',*,*,#1092,.F.);
#177=ORIENTED_EDGE('',*,*,#1093,.F.);
#178=ORIENTED_EDGE('',*,*,#1094,.F.);
#179=ORIENTED_EDGE('',*,*,#1095,.F.);
#180=ORIENTED_EDGE('',*,*,#1096,.F.);
#181=ORIENTED_EDGE('',*,*,#1097,.F.);
#182=ORIENTED_EDGE('',*,*,#1098,.F.);
#183=ORIENTED_EDGE('',*,*,#1099,.F.);
#184=ORIENTED_EDGE('',*,*,#1100,.F.);
#185=ORIENTED_EDGE('',*,*,#1101,.F.);
#186=ORIENTED_EDGE('',*,*,#1102,.F.);
#187=ORIENTED_EDGE('',*,*,#1103,.F.);
#188=ORIENTED_EDGE('',*,*,#1104,.F.);
#189=ORIENTED_EDGE('',*,*,#1105,.F.);
#190=ORIENTED_EDGE('',*,*,#1106,.F.);
#191=ORIENTED_EDGE('',*,*,#1107,.F.);
#192=ORIENTED_EDGE('',*,*,#1108,.F.);
#193=ORIENTED_EDGE('',*,*,#1109,.F.);
#194=ORIENTED_EDGE('',*,*,#1110,.F.);
#195=ORIENTED_EDGE('',*,*,#1111,.F.);
#196=ORIENTED_EDGE('',*,*,#1112,.F.);
#197=ORIENTED_EDGE('',*,*,#1113,.F.);
#198=ORIENTED_EDGE('',*,*,#1114,.F.);
#199=ORIENTED_EDGE('',*,*,#1115,.F.);
#200=ORIENTED_EDGE('',*,*,#1116,.F.);
#201=ORIENTED_EDGE('',*,*,#1117,.F.);
#202=ORIENTED_EDGE('',*,*,#1118,.F.);
#203=ORIENTED_EDGE('',*,*,#1119,.F.);
#204=ORIENTED_EDGE('',*,*,#1120,.F.);
#205=ORIENTED_EDGE('',*,*,#1121,.F.);
#206=ORIENTED_EDGE('',*,*,#1122,.F.);
#207=ORIENTED_EDGE('',*,*,#1123,.F.);
#208=ORIENTED_EDGE('',*,*,#1124,.F.);
#209=ORIENTED_EDGE('',*,*,#1125,.F.);
#210=ORIENTED_EDGE('',*,*,#1126,.F.);
#211=ORIENTED_EDGE('',*,*,#1127,.F.);
#212=ORIENTED_EDGE('',*,*,#1128,.F.);
#213=ORIENTED_EDGE('',*,*,#1129,.F.);
#214=ORIENTED_EDGE('',*,*,#1130,.F.);
#215=ORIENTED_EDGE('',*,*,#1131,.F.);
#216=ORIENTED_EDGE('',*,*,#1132,.F.);
#217=ORIENTED_EDGE('',*,*,#1133,.F.);
#218=ORIENTED_EDGE('',*,*,#1134,.F.);
#219=ORIENTED_EDGE('',*,*,#1135,.F.);
#220=ORIENTED_EDGE('',*,*,#1136,.F.);
#221=ORIENTED_EDGE('',*,*,#1137,.F.);
#222=ORIENTED_EDGE('',*,*,#1138,.F.);
#223=ORIENTED_EDGE('',*,*,#1139,.F.);
#224=ORIENTED_EDGE('',*,*,#1140,.F.);
#225=ORIENTED_EDGE('',*,*,#1141,.F.);
#226=ORIENTED_EDGE('',*,*,#1142,.F.);
#227=ORIENTED_EDGE('',*,*,#1143,.F.);
#228=ORIENTED_EDGE('',*,*,#1144,.F.);
#229=ORIENTED_EDGE('',*,*,#1145,.T.);
#230=ORIENTED_EDGE('',*,*,#1146,.T.);
#231=ORIENTED_EDGE('',*,*,#1147,.T.);
#232=ORIENTED_EDGE('',*,*,#1148,.T.);
#233=ORIENTED_EDGE('',*,*,#1149,.T.);
#234=ORIENTED_EDGE('',*,*,#1150,.T.);
#235=ORIENTED_EDGE('',*,*,#1151,.T.);
#236=ORIENTED_EDGE('',*,*,#1152,.T.);
#237=ORIENTED_EDGE('',*,*,#1153,.F.);
#238=ORIENTED_EDGE('',*,*,#1154,.T.);
#239=ORIENTED_EDGE('',*,*,#1155,.T.);
#240=ORIENTED_EDGE('',*,*,#1156,.T.);
#241=ORIENTED_EDGE('',*,*,#1157,.T.);
#242=ORIENTED_EDGE('',*,*,#1158,.T.);
#243=ORIENTED_EDGE('',*,*,#1159,.T.);
#244=ORIENTED_EDGE('',*,*,#1160,.T.);
#245=ORIENTED_EDGE('',*,*,#1161,.T.);
#246=ORIENTED_EDGE('',*,*,#1086,.T.);
#247=ORIENTED_EDGE('',*,*,#1162,.T.);
#248=ORIENTED_EDGE('',*,*,#1160,.F.);
#249=ORIENTED_EDGE('',*,*,#1163,.F.);
#250=ORIENTED_EDGE('',*,*,#1164,.F.);
#251=ORIENTED_EDGE('',*,*,#1076,.F.);
#252=ORIENTED_EDGE('',*,*,#1165,.F.);
#253=ORIENTED_EDGE('',*,*,#1166,.T.);
#254=ORIENTED_EDGE('',*,*,#1167,.F.);
#255=ORIENTED_EDGE('',*,*,#1168,.F.);
#256=ORIENTED_EDGE('',*,*,#1169,.F.);
#257=ORIENTED_EDGE('',*,*,#1074,.F.);
#258=ORIENTED_EDGE('',*,*,#1170,.F.);
#259=ORIENTED_EDGE('',*,*,#1171,.F.);
#260=ORIENTED_EDGE('',*,*,#1172,.F.);
#261=ORIENTED_EDGE('',*,*,#1173,.T.);
#262=ORIENTED_EDGE('',*,*,#1174,.F.);
#263=ORIENTED_EDGE('',*,*,#1166,.F.);
#264=ORIENTED_EDGE('',*,*,#1175,.F.);
#265=ORIENTED_EDGE('',*,*,#1171,.T.);
#266=ORIENTED_EDGE('',*,*,#1168,.T.);
#267=ORIENTED_EDGE('',*,*,#1176,.T.);
#268=ORIENTED_EDGE('',*,*,#1177,.F.);
#269=ORIENTED_EDGE('',*,*,#1178,.T.);
#270=ORIENTED_EDGE('',*,*,#1179,.F.);
#271=ORIENTED_EDGE('',*,*,#1180,.F.);
#272=ORIENTED_EDGE('',*,*,#1181,.F.);
#273=ORIENTED_EDGE('',*,*,#1177,.T.);
#274=ORIENTED_EDGE('',*,*,#1182,.T.);
#275=ORIENTED_EDGE('',*,*,#1183,.T.);
#276=ORIENTED_EDGE('',*,*,#1071,.T.);
#277=ORIENTED_EDGE('',*,*,#1184,.F.);
#278=ORIENTED_EDGE('',*,*,#1185,.F.);
#279=ORIENTED_EDGE('',*,*,#1182,.F.);
#280=ORIENTED_EDGE('',*,*,#1186,.T.);
#281=ORIENTED_EDGE('',*,*,#1187,.F.);
#282=ORIENTED_EDGE('',*,*,#1188,.F.);
#283=ORIENTED_EDGE('',*,*,#1189,.F.);
#284=ORIENTED_EDGE('',*,*,#1190,.F.);
#285=ORIENTED_EDGE('',*,*,#1191,.T.);
#286=ORIENTED_EDGE('',*,*,#1077,.T.);
#287=ORIENTED_EDGE('',*,*,#1192,.F.);
#288=ORIENTED_EDGE('',*,*,#1193,.F.);
#289=ORIENTED_EDGE('',*,*,#1194,.T.);
#290=ORIENTED_EDGE('',*,*,#1195,.T.);
#291=ORIENTED_EDGE('',*,*,#1196,.T.);
#292=ORIENTED_EDGE('',*,*,#1197,.F.);
#293=ORIENTED_EDGE('',*,*,#1198,.F.);
#294=ORIENTED_EDGE('',*,*,#1199,.T.);
#295=ORIENTED_EDGE('',*,*,#1200,.T.);
#296=ORIENTED_EDGE('',*,*,#1201,.T.);
#297=ORIENTED_EDGE('',*,*,#1202,.F.);
#298=ORIENTED_EDGE('',*,*,#1203,.T.);
#299=ORIENTED_EDGE('',*,*,#1204,.T.);
#300=ORIENTED_EDGE('',*,*,#1205,.T.);
#301=ORIENTED_EDGE('',*,*,#1206,.T.);
#302=ORIENTED_EDGE('',*,*,#1068,.F.);
#303=ORIENTED_EDGE('',*,*,#1207,.F.);
#304=ORIENTED_EDGE('',*,*,#1208,.F.);
#305=ORIENTED_EDGE('',*,*,#1209,.F.);
#306=ORIENTED_EDGE('',*,*,#1210,.T.);
#307=ORIENTED_EDGE('',*,*,#1211,.T.);
#308=ORIENTED_EDGE('',*,*,#1212,.T.);
#309=ORIENTED_EDGE('',*,*,#1213,.F.);
#310=ORIENTED_EDGE('',*,*,#1214,.T.);
#311=ORIENTED_EDGE('',*,*,#1215,.T.);
#312=ORIENTED_EDGE('',*,*,#1216,.T.);
#313=ORIENTED_EDGE('',*,*,#1217,.T.);
#314=ORIENTED_EDGE('',*,*,#1198,.T.);
#315=ORIENTED_EDGE('',*,*,#1218,.T.);
#316=ORIENTED_EDGE('',*,*,#1219,.T.);
#317=ORIENTED_EDGE('',*,*,#1220,.T.);
#318=ORIENTED_EDGE('',*,*,#1207,.T.);
#319=ORIENTED_EDGE('',*,*,#1067,.T.);
#320=ORIENTED_EDGE('',*,*,#1221,.T.);
#321=ORIENTED_EDGE('',*,*,#1222,.T.);
#322=ORIENTED_EDGE('',*,*,#1223,.T.);
#323=ORIENTED_EDGE('',*,*,#1069,.F.);
#324=ORIENTED_EDGE('',*,*,#1206,.F.);
#325=ORIENTED_EDGE('',*,*,#1224,.F.);
#326=ORIENTED_EDGE('',*,*,#1225,.F.);
#327=ORIENTED_EDGE('',*,*,#1226,.T.);
#328=ORIENTED_EDGE('',*,*,#1200,.F.);
#329=ORIENTED_EDGE('',*,*,#1227,.T.);
#330=ORIENTED_EDGE('',*,*,#1228,.F.);
#331=ORIENTED_EDGE('',*,*,#1229,.F.);
#332=ORIENTED_EDGE('',*,*,#1230,.T.);
#333=ORIENTED_EDGE('',*,*,#1225,.T.);
#334=ORIENTED_EDGE('',*,*,#1231,.T.);
#335=ORIENTED_EDGE('',*,*,#1232,.F.);
#336=ORIENTED_EDGE('',*,*,#1233,.T.);
#337=ORIENTED_EDGE('',*,*,#1229,.T.);
#338=ORIENTED_EDGE('',*,*,#1234,.F.);
#339=ORIENTED_EDGE('',*,*,#1219,.F.);
#340=ORIENTED_EDGE('',*,*,#1235,.T.);
#341=ORIENTED_EDGE('',*,*,#1232,.T.);
#342=ORIENTED_EDGE('',*,*,#1236,.T.);
#343=ORIENTED_EDGE('',*,*,#1237,.F.);
#344=ORIENTED_EDGE('',*,*,#1238,.T.);
#345=ORIENTED_EDGE('',*,*,#1209,.T.);
#346=ORIENTED_EDGE('',*,*,#1239,.F.);
#347=ORIENTED_EDGE('',*,*,#1240,.F.);
#348=ORIENTED_EDGE('',*,*,#1241,.T.);
#349=ORIENTED_EDGE('',*,*,#1237,.T.);
#350=ORIENTED_EDGE('',*,*,#1242,.T.);
#351=ORIENTED_EDGE('',*,*,#1204,.F.);
#352=ORIENTED_EDGE('',*,*,#1243,.T.);
#353=ORIENTED_EDGE('',*,*,#1240,.T.);
#354=ORIENTED_EDGE('',*,*,#1244,.T.);
#355=ORIENTED_EDGE('',*,*,#1245,.T.);
#356=ORIENTED_EDGE('',*,*,#1246,.F.);
#357=ORIENTED_EDGE('',*,*,#1247,.T.);
#358=ORIENTED_EDGE('',*,*,#1248,.F.);
#359=ORIENTED_EDGE('',*,*,#1249,.T.);
#360=ORIENTED_EDGE('',*,*,#1250,.T.);
#361=ORIENTED_EDGE('',*,*,#1211,.F.);
#362=ORIENTED_EDGE('',*,*,#1251,.T.);
#363=ORIENTED_EDGE('',*,*,#1252,.T.);
#364=ORIENTED_EDGE('',*,*,#1253,.T.);
#365=ORIENTED_EDGE('',*,*,#1202,.T.);
#366=ORIENTED_EDGE('',*,*,#1254,.T.);
#367=ORIENTED_EDGE('',*,*,#1255,.T.);
#368=ORIENTED_EDGE('',*,*,#1256,.T.);
#369=ORIENTED_EDGE('',*,*,#1245,.F.);
#370=ORIENTED_EDGE('',*,*,#1247,.F.);
#371=ORIENTED_EDGE('',*,*,#1224,.T.);
#372=ORIENTED_EDGE('',*,*,#1205,.F.);
#373=ORIENTED_EDGE('',*,*,#1244,.F.);
#374=ORIENTED_EDGE('',*,*,#1242,.F.);
#375=ORIENTED_EDGE('',*,*,#1239,.T.);
#376=ORIENTED_EDGE('',*,*,#1208,.T.);
#377=ORIENTED_EDGE('',*,*,#1220,.F.);
#378=ORIENTED_EDGE('',*,*,#1236,.F.);
#379=ORIENTED_EDGE('',*,*,#1234,.T.);
#380=ORIENTED_EDGE('',*,*,#1231,.F.);
#381=ORIENTED_EDGE('',*,*,#1246,.T.);
#382=ORIENTED_EDGE('',*,*,#1248,.T.);
#383=ORIENTED_EDGE('',*,*,#1203,.F.);
#384=ORIENTED_EDGE('',*,*,#1253,.F.);
#385=ORIENTED_EDGE('',*,*,#1257,.F.);
#386=ORIENTED_EDGE('',*,*,#1243,.F.);
#387=ORIENTED_EDGE('',*,*,#1257,.T.);
#388=ORIENTED_EDGE('',*,*,#1252,.F.);
#389=ORIENTED_EDGE('',*,*,#1258,.F.);
#390=ORIENTED_EDGE('',*,*,#1241,.F.);
#391=ORIENTED_EDGE('',*,*,#1258,.T.);
#392=ORIENTED_EDGE('',*,*,#1251,.F.);
#393=ORIENTED_EDGE('',*,*,#1210,.F.);
#394=ORIENTED_EDGE('',*,*,#1238,.F.);
#395=ORIENTED_EDGE('',*,*,#1063,.F.);
#396=ORIENTED_EDGE('',*,*,#1259,.T.);
#397=ORIENTED_EDGE('',*,*,#1213,.T.);
#398=ORIENTED_EDGE('',*,*,#1066,.T.);
#399=ORIENTED_EDGE('',*,*,#1223,.F.);
#400=ORIENTED_EDGE('',*,*,#1260,.T.);
#401=ORIENTED_EDGE('',*,*,#1184,.T.);
#402=ORIENTED_EDGE('',*,*,#1070,.T.);
#403=ORIENTED_EDGE('',*,*,#1082,.T.);
#404=ORIENTED_EDGE('',*,*,#1261,.T.);
#405=ORIENTED_EDGE('',*,*,#1262,.T.);
#406=ORIENTED_EDGE('',*,*,#1263,.F.);
#407=ORIENTED_EDGE('',*,*,#1192,.T.);
#408=ORIENTED_EDGE('',*,*,#1264,.F.);
#409=ORIENTED_EDGE('',*,*,#1078,.F.);
#410=ORIENTED_EDGE('',*,*,#1191,.F.);
#411=ORIENTED_EDGE('',*,*,#1190,.T.);
#412=ORIENTED_EDGE('',*,*,#1265,.F.);
#413=ORIENTED_EDGE('',*,*,#1266,.F.);
#414=ORIENTED_EDGE('',*,*,#1267,.T.);
#415=ORIENTED_EDGE('',*,*,#1084,.F.);
#416=ORIENTED_EDGE('',*,*,#1197,.T.);
#417=ORIENTED_EDGE('',*,*,#1083,.F.);
#418=ORIENTED_EDGE('',*,*,#1268,.F.);
#419=ORIENTED_EDGE('',*,*,#1187,.T.);
#420=ORIENTED_EDGE('',*,*,#1269,.T.);
#421=ORIENTED_EDGE('',*,*,#1270,.T.);
#422=ORIENTED_EDGE('',*,*,#1267,.F.);
#423=ORIENTED_EDGE('',*,*,#1264,.T.);
#424=ORIENTED_EDGE('',*,*,#1266,.T.);
#425=ORIENTED_EDGE('',*,*,#1271,.F.);
#426=ORIENTED_EDGE('',*,*,#1272,.F.);
#427=ORIENTED_EDGE('',*,*,#1079,.T.);
#428=ORIENTED_EDGE('',*,*,#1273,.F.);
#429=ORIENTED_EDGE('',*,*,#1274,.F.);
#430=ORIENTED_EDGE('',*,*,#1275,.T.);
#431=ORIENTED_EDGE('',*,*,#1276,.F.);
#432=ORIENTED_EDGE('',*,*,#1277,.T.);
#433=ORIENTED_EDGE('',*,*,#1278,.F.);
#434=ORIENTED_EDGE('',*,*,#1279,.F.);
#435=ORIENTED_EDGE('',*,*,#1280,.F.);
#436=ORIENTED_EDGE('',*,*,#1080,.F.);
#437=ORIENTED_EDGE('',*,*,#1272,.T.);
#438=ORIENTED_EDGE('',*,*,#1281,.F.);
#439=ORIENTED_EDGE('',*,*,#1282,.F.);
#440=ORIENTED_EDGE('',*,*,#1283,.F.);
#441=ORIENTED_EDGE('',*,*,#1283,.T.);
#442=ORIENTED_EDGE('',*,*,#1284,.F.);
#443=ORIENTED_EDGE('',*,*,#1262,.F.);
#444=ORIENTED_EDGE('',*,*,#1261,.F.);
#445=ORIENTED_EDGE('',*,*,#1081,.T.);
#446=ORIENTED_EDGE('',*,*,#1285,.F.);
#447=ORIENTED_EDGE('',*,*,#1188,.T.);
#448=ORIENTED_EDGE('',*,*,#1268,.T.);
#449=ORIENTED_EDGE('',*,*,#1286,.T.);
#450=ORIENTED_EDGE('',*,*,#1221,.F.);
#451=ORIENTED_EDGE('',*,*,#1228,.T.);
#452=ORIENTED_EDGE('',*,*,#1287,.F.);
#453=ORIENTED_EDGE('',*,*,#1288,.F.);
#454=ORIENTED_EDGE('',*,*,#1216,.F.);
#455=ORIENTED_EDGE('',*,*,#1215,.F.);
#456=ORIENTED_EDGE('',*,*,#1289,.T.);
#457=ORIENTED_EDGE('',*,*,#1193,.T.);
#458=ORIENTED_EDGE('',*,*,#1290,.T.);
#459=ORIENTED_EDGE('',*,*,#1061,.F.);
#460=ORIENTED_EDGE('',*,*,#1060,.T.);
#461=ORIENTED_EDGE('',*,*,#1291,.F.);
#462=ORIENTED_EDGE('',*,*,#1292,.F.);
#463=ORIENTED_EDGE('',*,*,#1293,.F.);
#464=ORIENTED_EDGE('',*,*,#1294,.T.);
#465=ORIENTED_EDGE('',*,*,#1295,.T.);
#466=ORIENTED_EDGE('',*,*,#1296,.F.);
#467=ORIENTED_EDGE('',*,*,#1297,.F.);
#468=ORIENTED_EDGE('',*,*,#1298,.T.);
#469=ORIENTED_EDGE('',*,*,#1299,.T.);
#470=ORIENTED_EDGE('',*,*,#1300,.T.);
#471=ORIENTED_EDGE('',*,*,#1301,.T.);
#472=ORIENTED_EDGE('',*,*,#1281,.T.);
#473=ORIENTED_EDGE('',*,*,#1271,.T.);
#474=ORIENTED_EDGE('',*,*,#1265,.T.);
#475=ORIENTED_EDGE('',*,*,#1189,.T.);
#476=ORIENTED_EDGE('',*,*,#1263,.T.);
#477=ORIENTED_EDGE('',*,*,#1284,.T.);
#478=ORIENTED_EDGE('',*,*,#1282,.T.);
#479=ORIENTED_EDGE('',*,*,#1302,.F.);
#480=ORIENTED_EDGE('',*,*,#1303,.T.);
#481=ORIENTED_EDGE('',*,*,#1304,.T.);
#482=ORIENTED_EDGE('',*,*,#1298,.F.);
#483=ORIENTED_EDGE('',*,*,#1305,.F.);
#484=ORIENTED_EDGE('',*,*,#1306,.T.);
#485=ORIENTED_EDGE('',*,*,#1302,.T.);
#486=ORIENTED_EDGE('',*,*,#1301,.F.);
#487=ORIENTED_EDGE('',*,*,#1307,.F.);
#488=ORIENTED_EDGE('',*,*,#1308,.T.);
#489=ORIENTED_EDGE('',*,*,#1305,.T.);
#490=ORIENTED_EDGE('',*,*,#1300,.F.);
#491=ORIENTED_EDGE('',*,*,#1309,.F.);
#492=ORIENTED_EDGE('',*,*,#1310,.T.);
#493=ORIENTED_EDGE('',*,*,#1311,.T.);
#494=ORIENTED_EDGE('',*,*,#1294,.F.);
#495=ORIENTED_EDGE('',*,*,#1312,.F.);
#496=ORIENTED_EDGE('',*,*,#1313,.T.);
#497=ORIENTED_EDGE('',*,*,#1309,.T.);
#498=ORIENTED_EDGE('',*,*,#1297,.T.);
#499=ORIENTED_EDGE('',*,*,#1314,.F.);
#500=ORIENTED_EDGE('',*,*,#1315,.T.);
#501=ORIENTED_EDGE('',*,*,#1312,.T.);
#502=ORIENTED_EDGE('',*,*,#1296,.T.);
#503=ORIENTED_EDGE('',*,*,#1311,.F.);
#504=ORIENTED_EDGE('',*,*,#1316,.T.);
#505=ORIENTED_EDGE('',*,*,#1314,.T.);
#506=ORIENTED_EDGE('',*,*,#1295,.F.);
#507=ORIENTED_EDGE('',*,*,#1304,.F.);
#508=ORIENTED_EDGE('',*,*,#1317,.T.);
#509=ORIENTED_EDGE('',*,*,#1307,.T.);
#510=ORIENTED_EDGE('',*,*,#1299,.F.);
#511=ORIENTED_EDGE('',*,*,#1199,.F.);
#512=ORIENTED_EDGE('',*,*,#1318,.T.);
#513=ORIENTED_EDGE('',*,*,#1156,.F.);
#514=ORIENTED_EDGE('',*,*,#1319,.T.);
#515=ORIENTED_EDGE('',*,*,#1201,.F.);
#516=ORIENTED_EDGE('',*,*,#1226,.F.);
#517=ORIENTED_EDGE('',*,*,#1320,.F.);
#518=ORIENTED_EDGE('',*,*,#1254,.F.);
#519=ORIENTED_EDGE('',*,*,#1320,.T.);
#520=ORIENTED_EDGE('',*,*,#1230,.F.);
#521=ORIENTED_EDGE('',*,*,#1321,.F.);
#522=ORIENTED_EDGE('',*,*,#1255,.F.);
#523=ORIENTED_EDGE('',*,*,#1321,.T.);
#524=ORIENTED_EDGE('',*,*,#1233,.F.);
#525=ORIENTED_EDGE('',*,*,#1322,.F.);
#526=ORIENTED_EDGE('',*,*,#1256,.F.);
#527=ORIENTED_EDGE('',*,*,#1322,.T.);
#528=ORIENTED_EDGE('',*,*,#1235,.F.);
#529=ORIENTED_EDGE('',*,*,#1323,.F.);
#530=ORIENTED_EDGE('',*,*,#1249,.F.);
#531=ORIENTED_EDGE('',*,*,#1323,.T.);
#532=ORIENTED_EDGE('',*,*,#1218,.F.);
#533=ORIENTED_EDGE('',*,*,#1212,.F.);
#534=ORIENTED_EDGE('',*,*,#1250,.F.);
#535=ORIENTED_EDGE('',*,*,#1319,.F.);
#536=ORIENTED_EDGE('',*,*,#1155,.F.);
#537=ORIENTED_EDGE('',*,*,#1324,.F.);
#538=ORIENTED_EDGE('',*,*,#1227,.F.);
#539=ORIENTED_EDGE('',*,*,#1325,.F.);
#540=ORIENTED_EDGE('',*,*,#1288,.T.);
#541=ORIENTED_EDGE('',*,*,#1287,.T.);
#542=ORIENTED_EDGE('',*,*,#1324,.T.);
#543=ORIENTED_EDGE('',*,*,#1154,.F.);
#544=ORIENTED_EDGE('',*,*,#1318,.F.);
#545=ORIENTED_EDGE('',*,*,#1217,.F.);
#546=ORIENTED_EDGE('',*,*,#1326,.F.);
#547=ORIENTED_EDGE('',*,*,#1157,.F.);
#548=ORIENTED_EDGE('',*,*,#1163,.T.);
#549=ORIENTED_EDGE('',*,*,#1159,.F.);
#550=ORIENTED_EDGE('',*,*,#1327,.F.);
#551=ORIENTED_EDGE('',*,*,#1059,.F.);
#552=ORIENTED_EDGE('',*,*,#1292,.T.);
#553=ORIENTED_EDGE('',*,*,#1291,.T.);
#554=ORIENTED_EDGE('',*,*,#1327,.T.);
#555=ORIENTED_EDGE('',*,*,#1158,.F.);
#556=ORIENTED_EDGE('',*,*,#1326,.T.);
#557=ORIENTED_EDGE('',*,*,#1293,.T.);
#558=ORIENTED_EDGE('',*,*,#1290,.F.);
#559=ORIENTED_EDGE('',*,*,#1196,.F.);
#560=ORIENTED_EDGE('',*,*,#1328,.F.);
#561=ORIENTED_EDGE('',*,*,#1062,.F.);
#562=ORIENTED_EDGE('',*,*,#1328,.T.);
#563=ORIENTED_EDGE('',*,*,#1195,.F.);
#564=ORIENTED_EDGE('',*,*,#1329,.F.);
#565=ORIENTED_EDGE('',*,*,#1259,.F.);
#566=ORIENTED_EDGE('',*,*,#1289,.F.);
#567=ORIENTED_EDGE('',*,*,#1214,.F.);
#568=ORIENTED_EDGE('',*,*,#1329,.T.);
#569=ORIENTED_EDGE('',*,*,#1194,.F.);
#570=ORIENTED_EDGE('',*,*,#1286,.F.);
#571=ORIENTED_EDGE('',*,*,#1270,.F.);
#572=ORIENTED_EDGE('',*,*,#1330,.F.);
#573=ORIENTED_EDGE('',*,*,#1222,.F.);
#574=ORIENTED_EDGE('',*,*,#1330,.T.);
#575=ORIENTED_EDGE('',*,*,#1269,.F.);
#576=ORIENTED_EDGE('',*,*,#1186,.F.);
#577=ORIENTED_EDGE('',*,*,#1260,.F.);
#578=ORIENTED_EDGE('',*,*,#1331,.F.);
#579=ORIENTED_EDGE('',*,*,#1152,.F.);
#580=ORIENTED_EDGE('',*,*,#1332,.F.);
#581=ORIENTED_EDGE('',*,*,#1313,.F.);
#582=ORIENTED_EDGE('',*,*,#1332,.T.);
#583=ORIENTED_EDGE('',*,*,#1151,.F.);
#584=ORIENTED_EDGE('',*,*,#1333,.F.);
#585=ORIENTED_EDGE('',*,*,#1310,.F.);
#586=ORIENTED_EDGE('',*,*,#1331,.T.);
#587=ORIENTED_EDGE('',*,*,#1315,.F.);
#588=ORIENTED_EDGE('',*,*,#1334,.F.);
#589=ORIENTED_EDGE('',*,*,#1149,.F.);
#590=ORIENTED_EDGE('',*,*,#1333,.T.);
#591=ORIENTED_EDGE('',*,*,#1150,.F.);
#592=ORIENTED_EDGE('',*,*,#1334,.T.);
#593=ORIENTED_EDGE('',*,*,#1316,.F.);
#594=ORIENTED_EDGE('',*,*,#1335,.F.);
#595=ORIENTED_EDGE('',*,*,#1148,.F.);
#596=ORIENTED_EDGE('',*,*,#1336,.F.);
#597=ORIENTED_EDGE('',*,*,#1308,.F.);
#598=ORIENTED_EDGE('',*,*,#1336,.T.);
#599=ORIENTED_EDGE('',*,*,#1147,.F.);
#600=ORIENTED_EDGE('',*,*,#1337,.F.);
#601=ORIENTED_EDGE('',*,*,#1306,.F.);
#602=ORIENTED_EDGE('',*,*,#1335,.T.);
#603=ORIENTED_EDGE('',*,*,#1317,.F.);
#604=ORIENTED_EDGE('',*,*,#1338,.F.);
#605=ORIENTED_EDGE('',*,*,#1145,.F.);
#606=ORIENTED_EDGE('',*,*,#1337,.T.);
#607=ORIENTED_EDGE('',*,*,#1146,.F.);
#608=ORIENTED_EDGE('',*,*,#1338,.T.);
#609=ORIENTED_EDGE('',*,*,#1303,.F.);
#610=ORIENTED_EDGE('',*,*,#1339,.F.);
#611=ORIENTED_EDGE('',*,*,#1340,.F.);
#612=ORIENTED_EDGE('',*,*,#1341,.F.);
#613=ORIENTED_EDGE('',*,*,#1342,.F.);
#614=ORIENTED_EDGE('',*,*,#1343,.T.);
#615=ORIENTED_EDGE('',*,*,#1344,.F.);
#616=ORIENTED_EDGE('',*,*,#1345,.T.);
#617=ORIENTED_EDGE('',*,*,#1346,.F.);
#618=ORIENTED_EDGE('',*,*,#1075,.T.);
#619=ORIENTED_EDGE('',*,*,#1169,.T.);
#620=ORIENTED_EDGE('',*,*,#1178,.F.);
#621=ORIENTED_EDGE('',*,*,#1181,.T.);
#622=ORIENTED_EDGE('',*,*,#1347,.F.);
#623=ORIENTED_EDGE('',*,*,#1172,.T.);
#624=ORIENTED_EDGE('',*,*,#1175,.T.);
#625=ORIENTED_EDGE('',*,*,#1165,.T.);
#626=ORIENTED_EDGE('',*,*,#1180,.T.);
#627=ORIENTED_EDGE('',*,*,#1348,.T.);
#628=ORIENTED_EDGE('',*,*,#1173,.F.);
#629=ORIENTED_EDGE('',*,*,#1347,.T.);
#630=ORIENTED_EDGE('',*,*,#1273,.T.);
#631=ORIENTED_EDGE('',*,*,#1349,.T.);
#632=ORIENTED_EDGE('',*,*,#1339,.T.);
#633=ORIENTED_EDGE('',*,*,#1350,.F.);
#634=ORIENTED_EDGE('',*,*,#1274,.T.);
#635=ORIENTED_EDGE('',*,*,#1350,.T.);
#636=ORIENTED_EDGE('',*,*,#1346,.T.);
#637=ORIENTED_EDGE('',*,*,#1351,.F.);
#638=ORIENTED_EDGE('',*,*,#1351,.T.);
#639=ORIENTED_EDGE('',*,*,#1345,.F.);
#640=ORIENTED_EDGE('',*,*,#1352,.F.);
#641=ORIENTED_EDGE('',*,*,#1275,.F.);
#642=ORIENTED_EDGE('',*,*,#1276,.T.);
#643=ORIENTED_EDGE('',*,*,#1352,.T.);
#644=ORIENTED_EDGE('',*,*,#1344,.T.);
#645=ORIENTED_EDGE('',*,*,#1353,.F.);
#646=ORIENTED_EDGE('',*,*,#1353,.T.);
#647=ORIENTED_EDGE('',*,*,#1343,.F.);
#648=ORIENTED_EDGE('',*,*,#1354,.F.);
#649=ORIENTED_EDGE('',*,*,#1277,.F.);
#650=ORIENTED_EDGE('',*,*,#1278,.T.);
#651=ORIENTED_EDGE('',*,*,#1354,.T.);
#652=ORIENTED_EDGE('',*,*,#1342,.T.);
#653=ORIENTED_EDGE('',*,*,#1355,.F.);
#654=ORIENTED_EDGE('',*,*,#1279,.T.);
#655=ORIENTED_EDGE('',*,*,#1355,.T.);
#656=ORIENTED_EDGE('',*,*,#1341,.T.);
#657=ORIENTED_EDGE('',*,*,#1356,.F.);
#658=ORIENTED_EDGE('',*,*,#1280,.T.);
#659=ORIENTED_EDGE('',*,*,#1356,.T.);
#660=ORIENTED_EDGE('',*,*,#1340,.T.);
#661=ORIENTED_EDGE('',*,*,#1349,.F.);
#662=ORIENTED_EDGE('',*,*,#1183,.F.);
#663=ORIENTED_EDGE('',*,*,#1185,.T.);
#664=ORIENTED_EDGE('',*,*,#1285,.T.);
#665=ORIENTED_EDGE('',*,*,#1325,.T.);
#666=ORIENTED_EDGE('',*,*,#1153,.T.);
#667=ORIENTED_EDGE('',*,*,#1357,.T.);
#668=ORIENTED_EDGE('',*,*,#1072,.F.);
#669=ORIENTED_EDGE('',*,*,#1057,.T.);
#670=ORIENTED_EDGE('',*,*,#1065,.T.);
#671=ORIENTED_EDGE('',*,*,#1164,.T.);
#672=ORIENTED_EDGE('',*,*,#1174,.T.);
#673=ORIENTED_EDGE('',*,*,#1170,.T.);
#674=ORIENTED_EDGE('',*,*,#1348,.F.);
#675=ORIENTED_EDGE('',*,*,#1179,.T.);
#676=ORIENTED_EDGE('',*,*,#1176,.F.);
#677=ORIENTED_EDGE('',*,*,#1167,.T.);
#678=ORIENTED_EDGE('',*,*,#1073,.T.);
#679=ORIENTED_EDGE('',*,*,#1357,.F.);
#680=ORIENTED_EDGE('',*,*,#1161,.F.);
#681=ORIENTED_EDGE('',*,*,#1162,.F.);
#682=ORIENTED_EDGE('',*,*,#1085,.F.);
#683=ORIENTED_EDGE('',*,*,#1133,.T.);
#684=ORIENTED_EDGE('',*,*,#1358,.F.);
#685=ORIENTED_EDGE('',*,*,#1359,.F.);
#686=ORIENTED_EDGE('',*,*,#1360,.T.);
#687=ORIENTED_EDGE('',*,*,#1144,.T.);
#688=ORIENTED_EDGE('',*,*,#1361,.F.);
#689=ORIENTED_EDGE('',*,*,#1362,.F.);
#690=ORIENTED_EDGE('',*,*,#1358,.T.);
#691=ORIENTED_EDGE('',*,*,#1143,.T.);
#692=ORIENTED_EDGE('',*,*,#1363,.F.);
#693=ORIENTED_EDGE('',*,*,#1364,.F.);
#694=ORIENTED_EDGE('',*,*,#1361,.T.);
#695=ORIENTED_EDGE('',*,*,#1142,.T.);
#696=ORIENTED_EDGE('',*,*,#1365,.F.);
#697=ORIENTED_EDGE('',*,*,#1366,.F.);
#698=ORIENTED_EDGE('',*,*,#1363,.T.);
#699=ORIENTED_EDGE('',*,*,#1141,.T.);
#700=ORIENTED_EDGE('',*,*,#1367,.F.);
#701=ORIENTED_EDGE('',*,*,#1368,.F.);
#702=ORIENTED_EDGE('',*,*,#1365,.T.);
#703=ORIENTED_EDGE('',*,*,#1140,.T.);
#704=ORIENTED_EDGE('',*,*,#1369,.F.);
#705=ORIENTED_EDGE('',*,*,#1370,.F.);
#706=ORIENTED_EDGE('',*,*,#1367,.T.);
#707=ORIENTED_EDGE('',*,*,#1139,.T.);
#708=ORIENTED_EDGE('',*,*,#1371,.F.);
#709=ORIENTED_EDGE('',*,*,#1372,.F.);
#710=ORIENTED_EDGE('',*,*,#1369,.T.);
#711=ORIENTED_EDGE('',*,*,#1138,.T.);
#712=ORIENTED_EDGE('',*,*,#1373,.F.);
#713=ORIENTED_EDGE('',*,*,#1374,.F.);
#714=ORIENTED_EDGE('',*,*,#1371,.T.);
#715=ORIENTED_EDGE('',*,*,#1137,.T.);
#716=ORIENTED_EDGE('',*,*,#1375,.F.);
#717=ORIENTED_EDGE('',*,*,#1376,.F.);
#718=ORIENTED_EDGE('',*,*,#1373,.T.);
#719=ORIENTED_EDGE('',*,*,#1136,.T.);
#720=ORIENTED_EDGE('',*,*,#1377,.F.);
#721=ORIENTED_EDGE('',*,*,#1378,.F.);
#722=ORIENTED_EDGE('',*,*,#1375,.T.);
#723=ORIENTED_EDGE('',*,*,#1135,.T.);
#724=ORIENTED_EDGE('',*,*,#1379,.F.);
#725=ORIENTED_EDGE('',*,*,#1380,.F.);
#726=ORIENTED_EDGE('',*,*,#1377,.T.);
#727=ORIENTED_EDGE('',*,*,#1134,.T.);
#728=ORIENTED_EDGE('',*,*,#1360,.F.);
#729=ORIENTED_EDGE('',*,*,#1381,.F.);
#730=ORIENTED_EDGE('',*,*,#1379,.T.);
#731=ORIENTED_EDGE('',*,*,#1359,.T.);
#732=ORIENTED_EDGE('',*,*,#1362,.T.);
#733=ORIENTED_EDGE('',*,*,#1364,.T.);
#734=ORIENTED_EDGE('',*,*,#1366,.T.);
#735=ORIENTED_EDGE('',*,*,#1368,.T.);
#736=ORIENTED_EDGE('',*,*,#1370,.T.);
#737=ORIENTED_EDGE('',*,*,#1372,.T.);
#738=ORIENTED_EDGE('',*,*,#1374,.T.);
#739=ORIENTED_EDGE('',*,*,#1376,.T.);
#740=ORIENTED_EDGE('',*,*,#1378,.T.);
#741=ORIENTED_EDGE('',*,*,#1380,.T.);
#742=ORIENTED_EDGE('',*,*,#1381,.T.);
#743=ORIENTED_EDGE('',*,*,#1125,.T.);
#744=ORIENTED_EDGE('',*,*,#1382,.F.);
#745=ORIENTED_EDGE('',*,*,#1383,.F.);
#746=ORIENTED_EDGE('',*,*,#1384,.T.);
#747=ORIENTED_EDGE('',*,*,#1132,.T.);
#748=ORIENTED_EDGE('',*,*,#1385,.F.);
#749=ORIENTED_EDGE('',*,*,#1386,.F.);
#750=ORIENTED_EDGE('',*,*,#1382,.T.);
#751=ORIENTED_EDGE('',*,*,#1131,.T.);
#752=ORIENTED_EDGE('',*,*,#1387,.F.);
#753=ORIENTED_EDGE('',*,*,#1388,.F.);
#754=ORIENTED_EDGE('',*,*,#1385,.T.);
#755=ORIENTED_EDGE('',*,*,#1130,.T.);
#756=ORIENTED_EDGE('',*,*,#1389,.F.);
#757=ORIENTED_EDGE('',*,*,#1390,.F.);
#758=ORIENTED_EDGE('',*,*,#1387,.T.);
#759=ORIENTED_EDGE('',*,*,#1129,.T.);
#760=ORIENTED_EDGE('',*,*,#1391,.F.);
#761=ORIENTED_EDGE('',*,*,#1392,.F.);
#762=ORIENTED_EDGE('',*,*,#1389,.T.);
#763=ORIENTED_EDGE('',*,*,#1128,.T.);
#764=ORIENTED_EDGE('',*,*,#1393,.F.);
#765=ORIENTED_EDGE('',*,*,#1394,.F.);
#766=ORIENTED_EDGE('',*,*,#1391,.T.);
#767=ORIENTED_EDGE('',*,*,#1127,.T.);
#768=ORIENTED_EDGE('',*,*,#1395,.F.);
#769=ORIENTED_EDGE('',*,*,#1396,.F.);
#770=ORIENTED_EDGE('',*,*,#1393,.T.);
#771=ORIENTED_EDGE('',*,*,#1397,.T.);
#772=ORIENTED_EDGE('',*,*,#1398,.F.);
#773=ORIENTED_EDGE('',*,*,#1399,.F.);
#774=ORIENTED_EDGE('',*,*,#1400,.T.);
#775=ORIENTED_EDGE('',*,*,#1401,.T.);
#776=ORIENTED_EDGE('',*,*,#1402,.F.);
#777=ORIENTED_EDGE('',*,*,#1403,.F.);
#778=ORIENTED_EDGE('',*,*,#1398,.T.);
#779=ORIENTED_EDGE('',*,*,#1404,.T.);
#780=ORIENTED_EDGE('',*,*,#1405,.F.);
#781=ORIENTED_EDGE('',*,*,#1406,.F.);
#782=ORIENTED_EDGE('',*,*,#1402,.T.);
#783=ORIENTED_EDGE('',*,*,#1407,.T.);
#784=ORIENTED_EDGE('',*,*,#1400,.F.);
#785=ORIENTED_EDGE('',*,*,#1408,.F.);
#786=ORIENTED_EDGE('',*,*,#1405,.T.);
#787=ORIENTED_EDGE('',*,*,#1126,.T.);
#788=ORIENTED_EDGE('',*,*,#1384,.F.);
#789=ORIENTED_EDGE('',*,*,#1409,.F.);
#790=ORIENTED_EDGE('',*,*,#1395,.T.);
#791=ORIENTED_EDGE('',*,*,#1399,.T.);
#792=ORIENTED_EDGE('',*,*,#1403,.T.);
#793=ORIENTED_EDGE('',*,*,#1406,.T.);
#794=ORIENTED_EDGE('',*,*,#1408,.T.);
#795=ORIENTED_EDGE('',*,*,#1383,.T.);
#796=ORIENTED_EDGE('',*,*,#1386,.T.);
#797=ORIENTED_EDGE('',*,*,#1388,.T.);
#798=ORIENTED_EDGE('',*,*,#1390,.T.);
#799=ORIENTED_EDGE('',*,*,#1392,.T.);
#800=ORIENTED_EDGE('',*,*,#1394,.T.);
#801=ORIENTED_EDGE('',*,*,#1396,.T.);
#802=ORIENTED_EDGE('',*,*,#1409,.T.);
#803=ORIENTED_EDGE('',*,*,#1397,.F.);
#804=ORIENTED_EDGE('',*,*,#1407,.F.);
#805=ORIENTED_EDGE('',*,*,#1404,.F.);
#806=ORIENTED_EDGE('',*,*,#1401,.F.);
#807=ORIENTED_EDGE('',*,*,#1119,.T.);
#808=ORIENTED_EDGE('',*,*,#1410,.F.);
#809=ORIENTED_EDGE('',*,*,#1411,.F.);
#810=ORIENTED_EDGE('',*,*,#1412,.T.);
#811=ORIENTED_EDGE('',*,*,#1124,.T.);
#812=ORIENTED_EDGE('',*,*,#1413,.F.);
#813=ORIENTED_EDGE('',*,*,#1414,.F.);
#814=ORIENTED_EDGE('',*,*,#1410,.T.);
#815=ORIENTED_EDGE('',*,*,#1123,.T.);
#816=ORIENTED_EDGE('',*,*,#1415,.F.);
#817=ORIENTED_EDGE('',*,*,#1416,.F.);
#818=ORIENTED_EDGE('',*,*,#1413,.T.);
#819=ORIENTED_EDGE('',*,*,#1122,.T.);
#820=ORIENTED_EDGE('',*,*,#1417,.F.);
#821=ORIENTED_EDGE('',*,*,#1418,.F.);
#822=ORIENTED_EDGE('',*,*,#1415,.T.);
#823=ORIENTED_EDGE('',*,*,#1121,.T.);
#824=ORIENTED_EDGE('',*,*,#1419,.F.);
#825=ORIENTED_EDGE('',*,*,#1420,.F.);
#826=ORIENTED_EDGE('',*,*,#1417,.T.);
#827=ORIENTED_EDGE('',*,*,#1421,.T.);
#828=ORIENTED_EDGE('',*,*,#1422,.F.);
#829=ORIENTED_EDGE('',*,*,#1423,.F.);
#830=ORIENTED_EDGE('',*,*,#1424,.T.);
#831=ORIENTED_EDGE('',*,*,#1425,.T.);
#832=ORIENTED_EDGE('',*,*,#1426,.F.);
#833=ORIENTED_EDGE('',*,*,#1427,.F.);
#834=ORIENTED_EDGE('',*,*,#1422,.T.);
#835=ORIENTED_EDGE('',*,*,#1428,.T.);
#836=ORIENTED_EDGE('',*,*,#1429,.F.);
#837=ORIENTED_EDGE('',*,*,#1430,.F.);
#838=ORIENTED_EDGE('',*,*,#1426,.T.);
#839=ORIENTED_EDGE('',*,*,#1431,.T.);
#840=ORIENTED_EDGE('',*,*,#1432,.F.);
#841=ORIENTED_EDGE('',*,*,#1433,.F.);
#842=ORIENTED_EDGE('',*,*,#1429,.T.);
#843=ORIENTED_EDGE('',*,*,#1434,.T.);
#844=ORIENTED_EDGE('',*,*,#1435,.F.);
#845=ORIENTED_EDGE('',*,*,#1436,.F.);
#846=ORIENTED_EDGE('',*,*,#1432,.T.);
#847=ORIENTED_EDGE('',*,*,#1437,.T.);
#848=ORIENTED_EDGE('',*,*,#1424,.F.);
#849=ORIENTED_EDGE('',*,*,#1438,.F.);
#850=ORIENTED_EDGE('',*,*,#1435,.T.);
#851=ORIENTED_EDGE('',*,*,#1120,.T.);
#852=ORIENTED_EDGE('',*,*,#1412,.F.);
#853=ORIENTED_EDGE('',*,*,#1439,.F.);
#854=ORIENTED_EDGE('',*,*,#1419,.T.);
#855=ORIENTED_EDGE('',*,*,#1423,.T.);
#856=ORIENTED_EDGE('',*,*,#1427,.T.);
#857=ORIENTED_EDGE('',*,*,#1430,.T.);
#858=ORIENTED_EDGE('',*,*,#1433,.T.);
#859=ORIENTED_EDGE('',*,*,#1436,.T.);
#860=ORIENTED_EDGE('',*,*,#1438,.T.);
#861=ORIENTED_EDGE('',*,*,#1411,.T.);
#862=ORIENTED_EDGE('',*,*,#1414,.T.);
#863=ORIENTED_EDGE('',*,*,#1416,.T.);
#864=ORIENTED_EDGE('',*,*,#1418,.T.);
#865=ORIENTED_EDGE('',*,*,#1420,.T.);
#866=ORIENTED_EDGE('',*,*,#1439,.T.);
#867=ORIENTED_EDGE('',*,*,#1421,.F.);
#868=ORIENTED_EDGE('',*,*,#1437,.F.);
#869=ORIENTED_EDGE('',*,*,#1434,.F.);
#870=ORIENTED_EDGE('',*,*,#1431,.F.);
#871=ORIENTED_EDGE('',*,*,#1428,.F.);
#872=ORIENTED_EDGE('',*,*,#1425,.F.);
#873=ORIENTED_EDGE('',*,*,#1113,.T.);
#874=ORIENTED_EDGE('',*,*,#1440,.F.);
#875=ORIENTED_EDGE('',*,*,#1441,.F.);
#876=ORIENTED_EDGE('',*,*,#1442,.T.);
#877=ORIENTED_EDGE('',*,*,#1118,.T.);
#878=ORIENTED_EDGE('',*,*,#1443,.F.);
#879=ORIENTED_EDGE('',*,*,#1444,.F.);
#880=ORIENTED_EDGE('',*,*,#1440,.T.);
#881=ORIENTED_EDGE('',*,*,#1117,.T.);
#882=ORIENTED_EDGE('',*,*,#1445,.F.);
#883=ORIENTED_EDGE('',*,*,#1446,.F.);
#884=ORIENTED_EDGE('',*,*,#1443,.T.);
#885=ORIENTED_EDGE('',*,*,#1116,.T.);
#886=ORIENTED_EDGE('',*,*,#1447,.F.);
#887=ORIENTED_EDGE('',*,*,#1448,.F.);
#888=ORIENTED_EDGE('',*,*,#1445,.T.);
#889=ORIENTED_EDGE('',*,*,#1115,.T.);
#890=ORIENTED_EDGE('',*,*,#1449,.F.);
#891=ORIENTED_EDGE('',*,*,#1450,.F.);
#892=ORIENTED_EDGE('',*,*,#1447,.T.);
#893=ORIENTED_EDGE('',*,*,#1451,.T.);
#894=ORIENTED_EDGE('',*,*,#1452,.F.);
#895=ORIENTED_EDGE('',*,*,#1453,.F.);
#896=ORIENTED_EDGE('',*,*,#1454,.T.);
#897=ORIENTED_EDGE('',*,*,#1455,.T.);
#898=ORIENTED_EDGE('',*,*,#1456,.F.);
#899=ORIENTED_EDGE('',*,*,#1457,.F.);
#900=ORIENTED_EDGE('',*,*,#1452,.T.);
#901=ORIENTED_EDGE('',*,*,#1458,.T.);
#902=ORIENTED_EDGE('',*,*,#1459,.F.);
#903=ORIENTED_EDGE('',*,*,#1460,.F.);
#904=ORIENTED_EDGE('',*,*,#1456,.T.);
#905=ORIENTED_EDGE('',*,*,#1461,.T.);
#906=ORIENTED_EDGE('',*,*,#1454,.F.);
#907=ORIENTED_EDGE('',*,*,#1462,.F.);
#908=ORIENTED_EDGE('',*,*,#1459,.T.);
#909=ORIENTED_EDGE('',*,*,#1114,.T.);
#910=ORIENTED_EDGE('',*,*,#1442,.F.);
#911=ORIENTED_EDGE('',*,*,#1463,.F.);
#912=ORIENTED_EDGE('',*,*,#1449,.T.);
#913=ORIENTED_EDGE('',*,*,#1453,.T.);
#914=ORIENTED_EDGE('',*,*,#1457,.T.);
#915=ORIENTED_EDGE('',*,*,#1460,.T.);
#916=ORIENTED_EDGE('',*,*,#1462,.T.);
#917=ORIENTED_EDGE('',*,*,#1441,.T.);
#918=ORIENTED_EDGE('',*,*,#1444,.T.);
#919=ORIENTED_EDGE('',*,*,#1446,.T.);
#920=ORIENTED_EDGE('',*,*,#1448,.T.);
#921=ORIENTED_EDGE('',*,*,#1450,.T.);
#922=ORIENTED_EDGE('',*,*,#1463,.T.);
#923=ORIENTED_EDGE('',*,*,#1451,.F.);
#924=ORIENTED_EDGE('',*,*,#1461,.F.);
#925=ORIENTED_EDGE('',*,*,#1458,.F.);
#926=ORIENTED_EDGE('',*,*,#1455,.F.);
#927=ORIENTED_EDGE('',*,*,#1101,.T.);
#928=ORIENTED_EDGE('',*,*,#1464,.F.);
#929=ORIENTED_EDGE('',*,*,#1465,.F.);
#930=ORIENTED_EDGE('',*,*,#1466,.T.);
#931=ORIENTED_EDGE('',*,*,#1112,.T.);
#932=ORIENTED_EDGE('',*,*,#1467,.F.);
#933=ORIENTED_EDGE('',*,*,#1468,.F.);
#934=ORIENTED_EDGE('',*,*,#1464,.T.);
#935=ORIENTED_EDGE('',*,*,#1111,.T.);
#936=ORIENTED_EDGE('',*,*,#1469,.F.);
#937=ORIENTED_EDGE('',*,*,#1470,.F.);
#938=ORIENTED_EDGE('',*,*,#1467,.T.);
#939=ORIENTED_EDGE('',*,*,#1110,.T.);
#940=ORIENTED_EDGE('',*,*,#1471,.F.);
#941=ORIENTED_EDGE('',*,*,#1472,.F.);
#942=ORIENTED_EDGE('',*,*,#1469,.T.);
#943=ORIENTED_EDGE('',*,*,#1109,.T.);
#944=ORIENTED_EDGE('',*,*,#1473,.F.);
#945=ORIENTED_EDGE('',*,*,#1474,.F.);
#946=ORIENTED_EDGE('',*,*,#1471,.T.);
#947=ORIENTED_EDGE('',*,*,#1108,.T.);
#948=ORIENTED_EDGE('',*,*,#1475,.F.);
#949=ORIENTED_EDGE('',*,*,#1476,.F.);
#950=ORIENTED_EDGE('',*,*,#1473,.T.);
#951=ORIENTED_EDGE('',*,*,#1107,.T.);
#952=ORIENTED_EDGE('',*,*,#1477,.F.);
#953=ORIENTED_EDGE('',*,*,#1478,.F.);
#954=ORIENTED_EDGE('',*,*,#1475,.T.);
#955=ORIENTED_EDGE('',*,*,#1106,.T.);
#956=ORIENTED_EDGE('',*,*,#1479,.F.);
#957=ORIENTED_EDGE('',*,*,#1480,.F.);
#958=ORIENTED_EDGE('',*,*,#1477,.T.);
#959=ORIENTED_EDGE('',*,*,#1105,.T.);
#960=ORIENTED_EDGE('',*,*,#1481,.F.);
#961=ORIENTED_EDGE('',*,*,#1482,.F.);
#962=ORIENTED_EDGE('',*,*,#1479,.T.);
#963=ORIENTED_EDGE('',*,*,#1104,.T.);
#964=ORIENTED_EDGE('',*,*,#1483,.F.);
#965=ORIENTED_EDGE('',*,*,#1484,.F.);
#966=ORIENTED_EDGE('',*,*,#1481,.T.);
#967=ORIENTED_EDGE('',*,*,#1103,.T.);
#968=ORIENTED_EDGE('',*,*,#1485,.F.);
#969=ORIENTED_EDGE('',*,*,#1486,.F.);
#970=ORIENTED_EDGE('',*,*,#1483,.T.);
#971=ORIENTED_EDGE('',*,*,#1102,.T.);
#972=ORIENTED_EDGE('',*,*,#1466,.F.);
#973=ORIENTED_EDGE('',*,*,#1487,.F.);
#974=ORIENTED_EDGE('',*,*,#1485,.T.);
#975=ORIENTED_EDGE('',*,*,#1465,.T.);
#976=ORIENTED_EDGE('',*,*,#1468,.T.);
#977=ORIENTED_EDGE('',*,*,#1470,.T.);
#978=ORIENTED_EDGE('',*,*,#1472,.T.);
#979=ORIENTED_EDGE('',*,*,#1474,.T.);
#980=ORIENTED_EDGE('',*,*,#1476,.T.);
#981=ORIENTED_EDGE('',*,*,#1478,.T.);
#982=ORIENTED_EDGE('',*,*,#1480,.T.);
#983=ORIENTED_EDGE('',*,*,#1482,.T.);
#984=ORIENTED_EDGE('',*,*,#1484,.T.);
#985=ORIENTED_EDGE('',*,*,#1486,.T.);
#986=ORIENTED_EDGE('',*,*,#1487,.T.);
#987=ORIENTED_EDGE('',*,*,#1091,.T.);
#988=ORIENTED_EDGE('',*,*,#1488,.F.);
#989=ORIENTED_EDGE('',*,*,#1489,.F.);
#990=ORIENTED_EDGE('',*,*,#1490,.T.);
#991=ORIENTED_EDGE('',*,*,#1100,.T.);
#992=ORIENTED_EDGE('',*,*,#1491,.F.);
#993=ORIENTED_EDGE('',*,*,#1492,.F.);
#994=ORIENTED_EDGE('',*,*,#1488,.T.);
#995=ORIENTED_EDGE('',*,*,#1099,.T.);
#996=ORIENTED_EDGE('',*,*,#1493,.F.);
#997=ORIENTED_EDGE('',*,*,#1494,.F.);
#998=ORIENTED_EDGE('',*,*,#1491,.T.);
#999=ORIENTED_EDGE('',*,*,#1098,.T.);
#1000=ORIENTED_EDGE('',*,*,#1495,.F.);
#1001=ORIENTED_EDGE('',*,*,#1496,.F.);
#1002=ORIENTED_EDGE('',*,*,#1493,.T.);
#1003=ORIENTED_EDGE('',*,*,#1097,.T.);
#1004=ORIENTED_EDGE('',*,*,#1497,.F.);
#1005=ORIENTED_EDGE('',*,*,#1498,.F.);
#1006=ORIENTED_EDGE('',*,*,#1495,.T.);
#1007=ORIENTED_EDGE('',*,*,#1096,.T.);
#1008=ORIENTED_EDGE('',*,*,#1499,.F.);
#1009=ORIENTED_EDGE('',*,*,#1500,.F.);
#1010=ORIENTED_EDGE('',*,*,#1497,.T.);
#1011=ORIENTED_EDGE('',*,*,#1095,.T.);
#1012=ORIENTED_EDGE('',*,*,#1501,.F.);
#1013=ORIENTED_EDGE('',*,*,#1502,.F.);
#1014=ORIENTED_EDGE('',*,*,#1499,.T.);
#1015=ORIENTED_EDGE('',*,*,#1094,.T.);
#1016=ORIENTED_EDGE('',*,*,#1503,.F.);
#1017=ORIENTED_EDGE('',*,*,#1504,.F.);
#1018=ORIENTED_EDGE('',*,*,#1501,.T.);
#1019=ORIENTED_EDGE('',*,*,#1093,.T.);
#1020=ORIENTED_EDGE('',*,*,#1505,.F.);
#1021=ORIENTED_EDGE('',*,*,#1506,.F.);
#1022=ORIENTED_EDGE('',*,*,#1503,.T.);
#1023=ORIENTED_EDGE('',*,*,#1092,.T.);
#1024=ORIENTED_EDGE('',*,*,#1490,.F.);
#1025=ORIENTED_EDGE('',*,*,#1507,.F.);
#1026=ORIENTED_EDGE('',*,*,#1505,.T.);
#1027=ORIENTED_EDGE('',*,*,#1489,.T.);
#1028=ORIENTED_EDGE('',*,*,#1492,.T.);
#1029=ORIENTED_EDGE('',*,*,#1494,.T.);
#1030=ORIENTED_EDGE('',*,*,#1496,.T.);
#1031=ORIENTED_EDGE('',*,*,#1498,.T.);
#1032=ORIENTED_EDGE('',*,*,#1500,.T.);
#1033=ORIENTED_EDGE('',*,*,#1502,.T.);
#1034=ORIENTED_EDGE('',*,*,#1504,.T.);
#1035=ORIENTED_EDGE('',*,*,#1506,.T.);
#1036=ORIENTED_EDGE('',*,*,#1507,.T.);
#1037=ORIENTED_EDGE('',*,*,#1087,.T.);
#1038=ORIENTED_EDGE('',*,*,#1508,.F.);
#1039=ORIENTED_EDGE('',*,*,#1509,.F.);
#1040=ORIENTED_EDGE('',*,*,#1510,.T.);
#1041=ORIENTED_EDGE('',*,*,#1090,.T.);
#1042=ORIENTED_EDGE('',*,*,#1511,.F.);
#1043=ORIENTED_EDGE('',*,*,#1512,.F.);
#1044=ORIENTED_EDGE('',*,*,#1508,.T.);
#1045=ORIENTED_EDGE('',*,*,#1089,.T.);
#1046=ORIENTED_EDGE('',*,*,#1513,.F.);
#1047=ORIENTED_EDGE('',*,*,#1514,.F.);
#1048=ORIENTED_EDGE('',*,*,#1511,.T.);
#1049=ORIENTED_EDGE('',*,*,#1088,.T.);
#1050=ORIENTED_EDGE('',*,*,#1510,.F.);
#1051=ORIENTED_EDGE('',*,*,#1515,.F.);
#1052=ORIENTED_EDGE('',*,*,#1513,.T.);
#1053=ORIENTED_EDGE('',*,*,#1509,.T.);
#1054=ORIENTED_EDGE('',*,*,#1512,.T.);
#1055=ORIENTED_EDGE('',*,*,#1514,.T.);
#1056=ORIENTED_EDGE('',*,*,#1515,.T.);
#1057=EDGE_CURVE('',#1516,#1517,#1820,.T.);
#1058=EDGE_CURVE('',#1516,#1518,#1821,.T.);
#1059=EDGE_CURVE('',#1518,#1519,#1822,.F.);
#1060=EDGE_CURVE('',#1520,#1519,#1823,.T.);
#1061=EDGE_CURVE('',#1520,#1521,#112,.T.);
#1062=EDGE_CURVE('',#1521,#1522,#1824,.F.);
#1063=EDGE_CURVE('',#1522,#1523,#1825,.T.);
#1064=EDGE_CURVE('',#1523,#1517,#1826,.T.);
#1065=EDGE_CURVE('',#1517,#1524,#106,.F.);
#1066=EDGE_CURVE('',#1525,#1523,#52,.T.);
#1067=EDGE_CURVE('',#1526,#1525,#1827,.T.);
#1068=EDGE_CURVE('',#1526,#1527,#1828,.T.);
#1069=EDGE_CURVE('',#1527,#1528,#1829,.T.);
#1070=EDGE_CURVE('',#1529,#1528,#53,.T.);
#1071=EDGE_CURVE('',#1530,#1529,#1830,.T.);
#1072=EDGE_CURVE('',#1530,#1531,#1831,.T.);
#1073=EDGE_CURVE('',#1532,#1531,#107,.F.);
#1074=EDGE_CURVE('',#1532,#1533,#1832,.F.);
#1075=EDGE_CURVE('',#1534,#1533,#1833,.T.);
#1076=EDGE_CURVE('',#1534,#1524,#1834,.T.);
#1077=EDGE_CURVE('',#1535,#1536,#1835,.T.);
#1078=EDGE_CURVE('',#1535,#1537,#1836,.T.);
#1079=EDGE_CURVE('',#1538,#1537,#1837,.F.);
#1080=EDGE_CURVE('',#1538,#1539,#1838,.T.);
#1081=EDGE_CURVE('',#1540,#1539,#1839,.T.);
#1082=EDGE_CURVE('',#1536,#1540,#1840,.T.);
#1083=EDGE_CURVE('',#1541,#1541,#54,.T.);
#1084=EDGE_CURVE('',#1542,#1542,#55,.T.);
#1085=EDGE_CURVE('',#1516,#1543,#113,.T.);
#1086=EDGE_CURVE('',#1518,#1543,#56,.T.);
#1087=EDGE_CURVE('',#1544,#1545,#1841,.T.);
#1088=EDGE_CURVE('',#1546,#1544,#1842,.T.);
#1089=EDGE_CURVE('',#1547,#1546,#1843,.T.);
#1090=EDGE_CURVE('',#1545,#1547,#1844,.T.);
#1091=EDGE_CURVE('',#1548,#1549,#1845,.T.);
#1092=EDGE_CURVE('',#1550,#1548,#1846,.T.);
#1093=EDGE_CURVE('',#1551,#1550,#1847,.T.);
#1094=EDGE_CURVE('',#1552,#1551,#1848,.T.);
#1095=EDGE_CURVE('',#1553,#1552,#1849,.T.);
#1096=EDGE_CURVE('',#1554,#1553,#1850,.T.);
#1097=EDGE_CURVE('',#1555,#1554,#1851,.T.);
#1098=EDGE_CURVE('',#1556,#1555,#1852,.T.);
#1099=EDGE_CURVE('',#1557,#1556,#1853,.T.);
#1100=EDGE_CURVE('',#1549,#1557,#1854,.T.);
#1101=EDGE_CURVE('',#1558,#1559,#1855,.T.);
#1102=EDGE_CURVE('',#1560,#1558,#1856,.T.);
#1103=EDGE_CURVE('',#1561,#1560,#1857,.T.);
#1104=EDGE_CURVE('',#1562,#1561,#1858,.T.);
#1105=EDGE_CURVE('',#1563,#1562,#1859,.T.);
#1106=EDGE_CURVE('',#1564,#1563,#1860,.T.);
#1107=EDGE_CURVE('',#1565,#1564,#1861,.T.);
#1108=EDGE_CURVE('',#1566,#1565,#1862,.T.);
#1109=EDGE_CURVE('',#1567,#1566,#1863,.T.);
#1110=EDGE_CURVE('',#1568,#1567,#1864,.T.);
#1111=EDGE_CURVE('',#1569,#1568,#1865,.T.);
#1112=EDGE_CURVE('',#1559,#1569,#1866,.T.);
#1113=EDGE_CURVE('',#1570,#1571,#1867,.T.);
#1114=EDGE_CURVE('',#1572,#1570,#1868,.T.);
#1115=EDGE_CURVE('',#1573,#1572,#1869,.T.);
#1116=EDGE_CURVE('',#1574,#1573,#1870,.T.);
#1117=EDGE_CURVE('',#1575,#1574,#1871,.T.);
#1118=EDGE_CURVE('',#1571,#1575,#1872,.T.);
#1119=EDGE_CURVE('',#1576,#1577,#1873,.T.);
#1120=EDGE_CURVE('',#1578,#1576,#1874,.T.);
#1121=EDGE_CURVE('',#1579,#1578,#1875,.T.);
#1122=EDGE_CURVE('',#1580,#1579,#1876,.T.);
#1123=EDGE_CURVE('',#1581,#1580,#1877,.T.);
#1124=EDGE_CURVE('',#1577,#1581,#1878,.T.);
#1125=EDGE_CURVE('',#1582,#1583,#1879,.T.);
#1126=EDGE_CURVE('',#1584,#1582,#1880,.T.);
#1127=EDGE_CURVE('',#1585,#1584,#1881,.T.);
#1128=EDGE_CURVE('',#1586,#1585,#1882,.T.);
#1129=EDGE_CURVE('',#1587,#1586,#1883,.T.);
#1130=EDGE_CURVE('',#1588,#1587,#1884,.T.);
#1131=EDGE_CURVE('',#1589,#1588,#1885,.T.);
#1132=EDGE_CURVE('',#1583,#1589,#1886,.T.);
#1133=EDGE_CURVE('',#1590,#1591,#1887,.T.);
#1134=EDGE_CURVE('',#1592,#1590,#1888,.T.);
#1135=EDGE_CURVE('',#1593,#1592,#1889,.T.);
#1136=EDGE_CURVE('',#1594,#1593,#1890,.T.);
#1137=EDGE_CURVE('',#1595,#1594,#1891,.T.);
#1138=EDGE_CURVE('',#1596,#1595,#1892,.T.);
#1139=EDGE_CURVE('',#1597,#1596,#1893,.T.);
#1140=EDGE_CURVE('',#1598,#1597,#1894,.T.);
#1141=EDGE_CURVE('',#1599,#1598,#1895,.T.);
#1142=EDGE_CURVE('',#1600,#1599,#1896,.T.);
#1143=EDGE_CURVE('',#1601,#1600,#1897,.T.);
#1144=EDGE_CURVE('',#1591,#1601,#1898,.T.);
#1145=EDGE_CURVE('',#1602,#1603,#1899,.T.);
#1146=EDGE_CURVE('',#1603,#1604,#1900,.T.);
#1147=EDGE_CURVE('',#1604,#1605,#1901,.T.);
#1148=EDGE_CURVE('',#1605,#1602,#1902,.T.);
#1149=EDGE_CURVE('',#1606,#1607,#1903,.T.);
#1150=EDGE_CURVE('',#1607,#1608,#1904,.T.);
#1151=EDGE_CURVE('',#1608,#1609,#1905,.T.);
#1152=EDGE_CURVE('',#1609,#1606,#1906,.T.);
#1153=EDGE_CURVE('',#1610,#1611,#1907,.T.);
#1154=EDGE_CURVE('',#1610,#1612,#57,.T.);
#1155=EDGE_CURVE('',#1612,#1613,#1908,.F.);
#1156=EDGE_CURVE('',#1613,#1614,#1909,.T.);
#1157=EDGE_CURVE('',#1614,#1615,#1910,.T.);
#1158=EDGE_CURVE('',#1615,#1616,#58,.T.);
#1159=EDGE_CURVE('',#1616,#1617,#1911,.T.);
#1160=EDGE_CURVE('',#1617,#1618,#59,.T.);
#1161=EDGE_CURVE('',#1618,#1611,#108,.F.);
#1162=EDGE_CURVE('',#1543,#1618,#114,.T.);
#1163=EDGE_CURVE('',#1518,#1617,#60,.T.);
#1164=EDGE_CURVE('',#1524,#1619,#115,.T.);
#1165=EDGE_CURVE('',#1620,#1534,#61,.T.);
#1166=EDGE_CURVE('',#1620,#1619,#1912,.T.);
#1167=EDGE_CURVE('',#1621,#1532,#116,.T.);
#1168=EDGE_CURVE('',#1622,#1621,#1913,.T.);
#1169=EDGE_CURVE('',#1533,#1622,#62,.T.);
#1170=EDGE_CURVE('',#1623,#1624,#117,.T.);
#1171=EDGE_CURVE('',#1625,#1623,#1914,.T.);
#1172=EDGE_CURVE('',#1626,#1625,#63,.T.);
#1173=EDGE_CURVE('',#1626,#1624,#1915,.T.);
#1174=EDGE_CURVE('',#1619,#1623,#1916,.F.);
#1175=EDGE_CURVE('',#1625,#1620,#1917,.T.);
#1176=EDGE_CURVE('',#1621,#1627,#1918,.F.);
#1177=EDGE_CURVE('',#1628,#1627,#1919,.T.);
#1178=EDGE_CURVE('',#1628,#1622,#1920,.T.);
#1179=EDGE_CURVE('',#1629,#1627,#118,.T.);
#1180=EDGE_CURVE('',#1630,#1629,#1921,.T.);
#1181=EDGE_CURVE('',#1628,#1630,#64,.T.);
#1182=EDGE_CURVE('',#1631,#1632,#1922,.F.);
#1183=EDGE_CURVE('',#1632,#1530,#1923,.T.);
#1184=EDGE_CURVE('',#1631,#1529,#1924,.T.);
#1185=EDGE_CURVE('',#1632,#1633,#65,.F.);
#1186=EDGE_CURVE('',#1631,#1634,#66,.T.);
#1187=EDGE_CURVE('',#1635,#1634,#1925,.T.);
#1188=EDGE_CURVE('',#1633,#1635,#119,.T.);
#1189=EDGE_CURVE('',#1636,#1637,#1926,.T.);
#1190=EDGE_CURVE('',#1638,#1636,#1927,.F.);
#1191=EDGE_CURVE('',#1638,#1535,#1928,.T.);
#1192=EDGE_CURVE('',#1637,#1536,#1929,.T.);
#1193=EDGE_CURVE('',#1639,#1640,#120,.T.);
#1194=EDGE_CURVE('',#1639,#1641,#1930,.T.);
#1195=EDGE_CURVE('',#1641,#1642,#67,.T.);
#1196=EDGE_CURVE('',#1642,#1640,#1931,.T.);
#1197=EDGE_CURVE('',#1643,#1643,#68,.T.);
#1198=EDGE_CURVE('',#1644,#1645,#1932,.T.);
#1199=EDGE_CURVE('',#1644,#1646,#1933,.T.);
#1200=EDGE_CURVE('',#1646,#1647,#1934,.T.);
#1201=EDGE_CURVE('',#1647,#1648,#69,.F.);
#1202=EDGE_CURVE('',#1649,#1648,#1935,.T.);
#1203=EDGE_CURVE('',#1649,#1650,#1936,.T.);
#1204=EDGE_CURVE('',#1650,#1651,#1937,.T.);
#1205=EDGE_CURVE('',#1651,#1652,#1938,.T.);
#1206=EDGE_CURVE('',#1652,#1527,#1939,.T.);
#1207=EDGE_CURVE('',#1653,#1526,#1940,.T.);
#1208=EDGE_CURVE('',#1654,#1653,#1941,.T.);
#1209=EDGE_CURVE('',#1655,#1654,#1942,.T.);
#1210=EDGE_CURVE('',#1655,#1656,#1943,.F.);
#1211=EDGE_CURVE('',#1656,#1657,#1944,.T.);
#1212=EDGE_CURVE('',#1657,#1645,#70,.F.);
#1213=EDGE_CURVE('',#1658,#1525,#1945,.T.);
#1214=EDGE_CURVE('',#1658,#1659,#1946,.F.);
#1215=EDGE_CURVE('',#1659,#1660,#121,.T.);
#1216=EDGE_CURVE('',#1660,#1661,#1947,.T.);
#1217=EDGE_CURVE('',#1661,#1644,#1948,.F.);
#1218=EDGE_CURVE('',#1645,#1662,#1949,.F.);
#1219=EDGE_CURVE('',#1662,#1663,#1950,.T.);
#1220=EDGE_CURVE('',#1663,#1653,#1951,.T.);
#1221=EDGE_CURVE('',#1664,#1665,#122,.T.);
#1222=EDGE_CURVE('',#1665,#1666,#1952,.T.);
#1223=EDGE_CURVE('',#1666,#1528,#1953,.T.);
#1224=EDGE_CURVE('',#1667,#1652,#1954,.T.);
#1225=EDGE_CURVE('',#1668,#1667,#1955,.T.);
#1226=EDGE_CURVE('',#1668,#1647,#1956,.T.);
#1227=EDGE_CURVE('',#1646,#1669,#1957,.T.);
#1228=EDGE_CURVE('',#1664,#1669,#1958,.T.);
#1229=EDGE_CURVE('',#1670,#1671,#1959,.T.);
#1230=EDGE_CURVE('',#1670,#1668,#71,.F.);
#1231=EDGE_CURVE('',#1667,#1671,#72,.T.);
#1232=EDGE_CURVE('',#1672,#1673,#1960,.T.);
#1233=EDGE_CURVE('',#1672,#1670,#1961,.T.);
#1234=EDGE_CURVE('',#1673,#1671,#1962,.T.);
#1235=EDGE_CURVE('',#1662,#1672,#73,.F.);
#1236=EDGE_CURVE('',#1673,#1663,#74,.T.);
#1237=EDGE_CURVE('',#1674,#1675,#1963,.T.);
#1238=EDGE_CURVE('',#1674,#1655,#1964,.T.);
#1239=EDGE_CURVE('',#1675,#1654,#1965,.T.);
#1240=EDGE_CURVE('',#1676,#1677,#1966,.T.);
#1241=EDGE_CURVE('',#1676,#1674,#1967,.T.);
#1242=EDGE_CURVE('',#1675,#1677,#1968,.T.);
#1243=EDGE_CURVE('',#1650,#1676,#1969,.T.);
#1244=EDGE_CURVE('',#1677,#1651,#1970,.T.);
#1245=EDGE_CURVE('',#1678,#1678,#75,.T.);
#1246=EDGE_CURVE('',#1679,#1679,#76,.T.);
#1247=EDGE_CURVE('',#1680,#1680,#77,.T.);
#1248=EDGE_CURVE('',#1681,#1681,#78,.T.);
#1249=EDGE_CURVE('',#1682,#1683,#79,.T.);
#1250=EDGE_CURVE('',#1683,#1657,#1971,.T.);
#1251=EDGE_CURVE('',#1656,#1684,#1972,.T.);
#1252=EDGE_CURVE('',#1684,#1685,#1973,.T.);
#1253=EDGE_CURVE('',#1685,#1649,#1974,.T.);
#1254=EDGE_CURVE('',#1648,#1686,#1975,.F.);
#1255=EDGE_CURVE('',#1686,#1687,#80,.T.);
#1256=EDGE_CURVE('',#1687,#1682,#1976,.F.);
#1257=EDGE_CURVE('',#1676,#1685,#1977,.F.);
#1258=EDGE_CURVE('',#1674,#1684,#1978,.T.);
#1259=EDGE_CURVE('',#1522,#1658,#81,.F.);
#1260=EDGE_CURVE('',#1666,#1631,#82,.F.);
#1261=EDGE_CURVE('',#1540,#1688,#1979,.T.);
#1262=EDGE_CURVE('',#1688,#1689,#1980,.T.);
#1263=EDGE_CURVE('',#1637,#1689,#1981,.T.);
#1264=EDGE_CURVE('',#1537,#1690,#1982,.T.);
#1265=EDGE_CURVE('',#1691,#1636,#1983,.F.);
#1266=EDGE_CURVE('',#1690,#1691,#1984,.T.);
#1267=EDGE_CURVE('',#1692,#1692,#83,.T.);
#1268=EDGE_CURVE('',#1635,#1693,#123,.T.);
#1269=EDGE_CURVE('',#1634,#1694,#84,.T.);
#1270=EDGE_CURVE('',#1694,#1693,#1985,.F.);
#1271=EDGE_CURVE('',#1695,#1691,#85,.F.);
#1272=EDGE_CURVE('',#1538,#1695,#1986,.T.);
#1273=EDGE_CURVE('',#1696,#1697,#124,.T.);
#1274=EDGE_CURVE('',#1698,#1696,#125,.T.);
#1275=EDGE_CURVE('',#1698,#1699,#126,.T.);
#1276=EDGE_CURVE('',#1700,#1699,#127,.T.);
#1277=EDGE_CURVE('',#1700,#1701,#128,.T.);
#1278=EDGE_CURVE('',#1702,#1701,#129,.T.);
#1279=EDGE_CURVE('',#1703,#1702,#130,.T.);
#1280=EDGE_CURVE('',#1697,#1703,#131,.T.);
#1281=EDGE_CURVE('',#1704,#1695,#86,.F.);
#1282=EDGE_CURVE('',#1705,#1704,#87,.F.);
#1283=EDGE_CURVE('',#1539,#1705,#1987,.T.);
#1284=EDGE_CURVE('',#1689,#1705,#88,.F.);
#1285=EDGE_CURVE('',#1633,#1706,#132,.T.);
#1286=EDGE_CURVE('',#1693,#1665,#133,.T.);
#1287=EDGE_CURVE('',#1707,#1669,#89,.T.);
#1288=EDGE_CURVE('',#1706,#1707,#90,.T.);
#1289=EDGE_CURVE('',#1659,#1639,#134,.T.);
#1290=EDGE_CURVE('',#1640,#1521,#135,.F.);
#1291=EDGE_CURVE('',#1708,#1519,#91,.T.);
#1292=EDGE_CURVE('',#1709,#1708,#92,.T.);
#1293=EDGE_CURVE('',#1661,#1709,#93,.T.);
#1294=EDGE_CURVE('',#1710,#1711,#1988,.T.);
#1295=EDGE_CURVE('',#1711,#1712,#1989,.T.);
#1296=EDGE_CURVE('',#1713,#1712,#1990,.T.);
#1297=EDGE_CURVE('',#1710,#1713,#1991,.T.);
#1298=EDGE_CURVE('',#1714,#1715,#1992,.T.);
#1299=EDGE_CURVE('',#1715,#1716,#1993,.T.);
#1300=EDGE_CURVE('',#1716,#1717,#1994,.T.);
#1301=EDGE_CURVE('',#1717,#1714,#1995,.T.);
#1302=EDGE_CURVE('',#1718,#1714,#1996,.T.);
#1303=EDGE_CURVE('',#1718,#1719,#1997,.T.);
#1304=EDGE_CURVE('',#1719,#1715,#1998,.T.);
#1305=EDGE_CURVE('',#1720,#1717,#1999,.T.);
#1306=EDGE_CURVE('',#1720,#1718,#2000,.T.);
#1307=EDGE_CURVE('',#1721,#1716,#2001,.T.);
#1308=EDGE_CURVE('',#1721,#1720,#2002,.T.);
#1309=EDGE_CURVE('',#1722,#1710,#2003,.T.);
#1310=EDGE_CURVE('',#1722,#1723,#2004,.T.);
#1311=EDGE_CURVE('',#1723,#1711,#2005,.T.);
#1312=EDGE_CURVE('',#1724,#1713,#2006,.T.);
#1313=EDGE_CURVE('',#1724,#1722,#2007,.T.);
#1314=EDGE_CURVE('',#1725,#1712,#2008,.T.);
#1315=EDGE_CURVE('',#1725,#1724,#2009,.T.);
#1316=EDGE_CURVE('',#1723,#1725,#2010,.T.);
#1317=EDGE_CURVE('',#1719,#1721,#2011,.T.);
#1318=EDGE_CURVE('',#1644,#1614,#109,.F.);
#1319=EDGE_CURVE('',#1613,#1646,#110,.F.);
#1320=EDGE_CURVE('',#1686,#1668,#94,.T.);
#1321=EDGE_CURVE('',#1687,#1670,#95,.T.);
#1322=EDGE_CURVE('',#1682,#1672,#96,.T.);
#1323=EDGE_CURVE('',#1683,#1662,#97,.T.);
#1324=EDGE_CURVE('',#1669,#1612,#136,.T.);
#1325=EDGE_CURVE('',#1706,#1610,#137,.T.);
#1326=EDGE_CURVE('',#1615,#1661,#138,.F.);
#1327=EDGE_CURVE('',#1519,#1616,#98,.T.);
#1328=EDGE_CURVE('',#1522,#1642,#99,.T.);
#1329=EDGE_CURVE('',#1658,#1641,#100,.T.);
#1330=EDGE_CURVE('',#1666,#1694,#101,.T.);
#1331=EDGE_CURVE('',#1606,#1724,#2012,.T.);
#1332=EDGE_CURVE('',#1722,#1609,#2013,.T.);
#1333=EDGE_CURVE('',#1723,#1608,#2014,.F.);
#1334=EDGE_CURVE('',#1607,#1725,#2015,.T.);
#1335=EDGE_CURVE('',#1602,#1721,#2016,.T.);
#1336=EDGE_CURVE('',#1720,#1605,#2017,.F.);
#1337=EDGE_CURVE('',#1718,#1604,#2018,.F.);
#1338=EDGE_CURVE('',#1603,#1719,#2019,.F.);
#1339=EDGE_CURVE('',#1726,#1727,#2020,.T.);
#1340=EDGE_CURVE('',#1728,#1726,#102,.T.);
#1341=EDGE_CURVE('',#1729,#1728,#2021,.T.);
#1342=EDGE_CURVE('',#1730,#1729,#103,.T.);
#1343=EDGE_CURVE('',#1730,#1731,#2022,.T.);
#1344=EDGE_CURVE('',#1732,#1731,#104,.T.);
#1345=EDGE_CURVE('',#1732,#1733,#2023,.T.);
#1346=EDGE_CURVE('',#1727,#1733,#105,.T.);
#1347=EDGE_CURVE('',#1626,#1630,#2024,.T.);
#1348=EDGE_CURVE('',#1629,#1624,#111,.T.);
#1349=EDGE_CURVE('',#1697,#1726,#2025,.T.);
#1350=EDGE_CURVE('',#1696,#1727,#2026,.T.);
#1351=EDGE_CURVE('',#1698,#1733,#2027,.T.);
#1352=EDGE_CURVE('',#1699,#1732,#2028,.T.);
#1353=EDGE_CURVE('',#1700,#1731,#2029,.T.);
#1354=EDGE_CURVE('',#1701,#1730,#2030,.T.);
#1355=EDGE_CURVE('',#1702,#1729,#2031,.T.);
#1356=EDGE_CURVE('',#1703,#1728,#2032,.T.);
#1357=EDGE_CURVE('',#1611,#1531,#2033,.T.);
#1358=EDGE_CURVE('',#1734,#1591,#2034,.T.);
#1359=EDGE_CURVE('',#1735,#1734,#2035,.T.);
#1360=EDGE_CURVE('',#1735,#1590,#2036,.T.);
#1361=EDGE_CURVE('',#1736,#1601,#2037,.T.);
#1362=EDGE_CURVE('',#1734,#1736,#2038,.T.);
#1363=EDGE_CURVE('',#1737,#1600,#2039,.T.);
#1364=EDGE_CURVE('',#1736,#1737,#2040,.T.);
#1365=EDGE_CURVE('',#1738,#1599,#2041,.T.);
#1366=EDGE_CURVE('',#1737,#1738,#2042,.T.);
#1367=EDGE_CURVE('',#1739,#1598,#2043,.T.);
#1368=EDGE_CURVE('',#1738,#1739,#2044,.T.);
#1369=EDGE_CURVE('',#1740,#1597,#2045,.T.);
#1370=EDGE_CURVE('',#1739,#1740,#2046,.T.);
#1371=EDGE_CURVE('',#1741,#1596,#2047,.T.);
#1372=EDGE_CURVE('',#1740,#1741,#2048,.T.);
#1373=EDGE_CURVE('',#1742,#1595,#2049,.T.);
#1374=EDGE_CURVE('',#1741,#1742,#2050,.T.);
#1375=EDGE_CURVE('',#1743,#1594,#2051,.T.);
#1376=EDGE_CURVE('',#1742,#1743,#2052,.T.);
#1377=EDGE_CURVE('',#1744,#1593,#2053,.T.);
#1378=EDGE_CURVE('',#1743,#1744,#2054,.T.);
#1379=EDGE_CURVE('',#1745,#1592,#2055,.T.);
#1380=EDGE_CURVE('',#1744,#1745,#2056,.T.);
#1381=EDGE_CURVE('',#1745,#1735,#2057,.T.);
#1382=EDGE_CURVE('',#1746,#1583,#2058,.T.);
#1383=EDGE_CURVE('',#1747,#1746,#2059,.T.);
#1384=EDGE_CURVE('',#1747,#1582,#2060,.T.);
#1385=EDGE_CURVE('',#1748,#1589,#2061,.T.);
#1386=EDGE_CURVE('',#1746,#1748,#2062,.T.);
#1387=EDGE_CURVE('',#1749,#1588,#2063,.T.);
#1388=EDGE_CURVE('',#1748,#1749,#2064,.T.);
#1389=EDGE_CURVE('',#1750,#1587,#2065,.T.);
#1390=EDGE_CURVE('',#1749,#1750,#2066,.T.);
#1391=EDGE_CURVE('',#1751,#1586,#2067,.T.);
#1392=EDGE_CURVE('',#1750,#1751,#2068,.T.);
#1393=EDGE_CURVE('',#1752,#1585,#2069,.T.);
#1394=EDGE_CURVE('',#1751,#1752,#2070,.T.);
#1395=EDGE_CURVE('',#1753,#1584,#2071,.T.);
#1396=EDGE_CURVE('',#1752,#1753,#2072,.T.);
#1397=EDGE_CURVE('',#1754,#1755,#2073,.T.);
#1398=EDGE_CURVE('',#1756,#1755,#2074,.T.);
#1399=EDGE_CURVE('',#1757,#1756,#2075,.T.);
#1400=EDGE_CURVE('',#1757,#1754,#2076,.T.);
#1401=EDGE_CURVE('',#1755,#1758,#2077,.T.);
#1402=EDGE_CURVE('',#1759,#1758,#2078,.T.);
#1403=EDGE_CURVE('',#1756,#1759,#2079,.T.);
#1404=EDGE_CURVE('',#1758,#1760,#2080,.T.);
#1405=EDGE_CURVE('',#1761,#1760,#2081,.T.);
#1406=EDGE_CURVE('',#1759,#1761,#2082,.T.);
#1407=EDGE_CURVE('',#1760,#1754,#2083,.T.);
#1408=EDGE_CURVE('',#1761,#1757,#2084,.T.);
#1409=EDGE_CURVE('',#1753,#1747,#2085,.T.);
#1410=EDGE_CURVE('',#1762,#1577,#2086,.T.);
#1411=EDGE_CURVE('',#1763,#1762,#2087,.T.);
#1412=EDGE_CURVE('',#1763,#1576,#2088,.T.);
#1413=EDGE_CURVE('',#1764,#1581,#2089,.T.);
#1414=EDGE_CURVE('',#1762,#1764,#2090,.T.);
#1415=EDGE_CURVE('',#1765,#1580,#2091,.T.);
#1416=EDGE_CURVE('',#1764,#1765,#2092,.T.);
#1417=EDGE_CURVE('',#1766,#1579,#2093,.T.);
#1418=EDGE_CURVE('',#1765,#1766,#2094,.T.);
#1419=EDGE_CURVE('',#1767,#1578,#2095,.T.);
#1420=EDGE_CURVE('',#1766,#1767,#2096,.T.);
#1421=EDGE_CURVE('',#1768,#1769,#2097,.T.);
#1422=EDGE_CURVE('',#1770,#1769,#2098,.T.);
#1423=EDGE_CURVE('',#1771,#1770,#2099,.T.);
#1424=EDGE_CURVE('',#1771,#1768,#2100,.T.);
#1425=EDGE_CURVE('',#1769,#1772,#2101,.T.);
#1426=EDGE_CURVE('',#1773,#1772,#2102,.T.);
#1427=EDGE_CURVE('',#1770,#1773,#2103,.T.);
#1428=EDGE_CURVE('',#1772,#1774,#2104,.T.);
#1429=EDGE_CURVE('',#1775,#1774,#2105,.T.);
#1430=EDGE_CURVE('',#1773,#1775,#2106,.T.);
#1431=EDGE_CURVE('',#1774,#1776,#2107,.T.);
#1432=EDGE_CURVE('',#1777,#1776,#2108,.T.);
#1433=EDGE_CURVE('',#1775,#1777,#2109,.T.);
#1434=EDGE_CURVE('',#1776,#1778,#2110,.T.);
#1435=EDGE_CURVE('',#1779,#1778,#2111,.T.);
#1436=EDGE_CURVE('',#1777,#1779,#2112,.T.);
#1437=EDGE_CURVE('',#1778,#1768,#2113,.T.);
#1438=EDGE_CURVE('',#1779,#1771,#2114,.T.);
#1439=EDGE_CURVE('',#1767,#1763,#2115,.T.);
#1440=EDGE_CURVE('',#1780,#1571,#2116,.T.);
#1441=EDGE_CURVE('',#1781,#1780,#2117,.T.);
#1442=EDGE_CURVE('',#1781,#1570,#2118,.T.);
#1443=EDGE_CURVE('',#1782,#1575,#2119,.T.);
#1444=EDGE_CURVE('',#1780,#1782,#2120,.T.);
#1445=EDGE_CURVE('',#1783,#1574,#2121,.T.);
#1446=EDGE_CURVE('',#1782,#1783,#2122,.T.);
#1447=EDGE_CURVE('',#1784,#1573,#2123,.T.);
#1448=EDGE_CURVE('',#1783,#1784,#2124,.T.);
#1449=EDGE_CURVE('',#1785,#1572,#2125,.T.);
#1450=EDGE_CURVE('',#1784,#1785,#2126,.T.);
#1451=EDGE_CURVE('',#1786,#1787,#2127,.T.);
#1452=EDGE_CURVE('',#1788,#1787,#2128,.T.);
#1453=EDGE_CURVE('',#1789,#1788,#2129,.T.);
#1454=EDGE_CURVE('',#1789,#1786,#2130,.T.);
#1455=EDGE_CURVE('',#1787,#1790,#2131,.T.);
#1456=EDGE_CURVE('',#1791,#1790,#2132,.T.);
#1457=EDGE_CURVE('',#1788,#1791,#2133,.T.);
#1458=EDGE_CURVE('',#1790,#1792,#2134,.T.);
#1459=EDGE_CURVE('',#1793,#1792,#2135,.T.);
#1460=EDGE_CURVE('',#1791,#1793,#2136,.T.);
#1461=EDGE_CURVE('',#1792,#1786,#2137,.T.);
#1462=EDGE_CURVE('',#1793,#1789,#2138,.T.);
#1463=EDGE_CURVE('',#1785,#1781,#2139,.T.);
#1464=EDGE_CURVE('',#1794,#1559,#2140,.T.);
#1465=EDGE_CURVE('',#1795,#1794,#2141,.T.);
#1466=EDGE_CURVE('',#1795,#1558,#2142,.T.);
#1467=EDGE_CURVE('',#1796,#1569,#2143,.T.);
#1468=EDGE_CURVE('',#1794,#1796,#2144,.T.);
#1469=EDGE_CURVE('',#1797,#1568,#2145,.T.);
#1470=EDGE_CURVE('',#1796,#1797,#2146,.T.);
#1471=EDGE_CURVE('',#1798,#1567,#2147,.T.);
#1472=EDGE_CURVE('',#1797,#1798,#2148,.T.);
#1473=EDGE_CURVE('',#1799,#1566,#2149,.T.);
#1474=EDGE_CURVE('',#1798,#1799,#2150,.T.);
#1475=EDGE_CURVE('',#1800,#1565,#2151,.T.);
#1476=EDGE_CURVE('',#1799,#1800,#2152,.T.);
#1477=EDGE_CURVE('',#1801,#1564,#2153,.T.);
#1478=EDGE_CURVE('',#1800,#1801,#2154,.T.);
#1479=EDGE_CURVE('',#1802,#1563,#2155,.T.);
#1480=EDGE_CURVE('',#1801,#1802,#2156,.T.);
#1481=EDGE_CURVE('',#1803,#1562,#2157,.T.);
#1482=EDGE_CURVE('',#1802,#1803,#2158,.T.);
#1483=EDGE_CURVE('',#1804,#1561,#2159,.T.);
#1484=EDGE_CURVE('',#1803,#1804,#2160,.T.);
#1485=EDGE_CURVE('',#1805,#1560,#2161,.T.);
#1486=EDGE_CURVE('',#1804,#1805,#2162,.T.);
#1487=EDGE_CURVE('',#1805,#1795,#2163,.T.);
#1488=EDGE_CURVE('',#1806,#1549,#2164,.T.);
#1489=EDGE_CURVE('',#1807,#1806,#2165,.T.);
#1490=EDGE_CURVE('',#1807,#1548,#2166,.T.);
#1491=EDGE_CURVE('',#1808,#1557,#2167,.T.);
#1492=EDGE_CURVE('',#1806,#1808,#2168,.T.);
#1493=EDGE_CURVE('',#1809,#1556,#2169,.T.);
#1494=EDGE_CURVE('',#1808,#1809,#2170,.T.);
#1495=EDGE_CURVE('',#1810,#1555,#2171,.T.);
#1496=EDGE_CURVE('',#1809,#1810,#2172,.T.);
#1497=EDGE_CURVE('',#1811,#1554,#2173,.T.);
#1498=EDGE_CURVE('',#1810,#1811,#2174,.T.);
#1499=EDGE_CURVE('',#1812,#1553,#2175,.T.);
#1500=EDGE_CURVE('',#1811,#1812,#2176,.T.);
#1501=EDGE_CURVE('',#1813,#1552,#2177,.T.);
#1502=EDGE_CURVE('',#1812,#1813,#2178,.T.);
#1503=EDGE_CURVE('',#1814,#1551,#2179,.T.);
#1504=EDGE_CURVE('',#1813,#1814,#2180,.T.);
#1505=EDGE_CURVE('',#1815,#1550,#2181,.T.);
#1506=EDGE_CURVE('',#1814,#1815,#2182,.T.);
#1507=EDGE_CURVE('',#1815,#1807,#2183,.T.);
#1508=EDGE_CURVE('',#1816,#1545,#2184,.T.);
#1509=EDGE_CURVE('',#1817,#1816,#2185,.T.);
#1510=EDGE_CURVE('',#1817,#1544,#2186,.T.);
#1511=EDGE_CURVE('',#1818,#1547,#2187,.T.);
#1512=EDGE_CURVE('',#1816,#1818,#2188,.T.);
#1513=EDGE_CURVE('',#1819,#1546,#2189,.T.);
#1514=EDGE_CURVE('',#1818,#1819,#2190,.T.);
#1515=EDGE_CURVE('',#1819,#1817,#2191,.T.);
#1516=VERTEX_POINT('',#4324);
#1517=VERTEX_POINT('',#4325);
#1518=VERTEX_POINT('',#4327);
#1519=VERTEX_POINT('',#4329);
#1520=VERTEX_POINT('',#4331);
#1521=VERTEX_POINT('',#4336);
#1522=VERTEX_POINT('',#4338);
#1523=VERTEX_POINT('',#4340);
#1524=VERTEX_POINT('',#4344);
#1525=VERTEX_POINT('',#4346);
#1526=VERTEX_POINT('',#4348);
#1527=VERTEX_POINT('',#4350);
#1528=VERTEX_POINT('',#4352);
#1529=VERTEX_POINT('',#4354);
#1530=VERTEX_POINT('',#4356);
#1531=VERTEX_POINT('',#4358);
#1532=VERTEX_POINT('',#4360);
#1533=VERTEX_POINT('',#4362);
#1534=VERTEX_POINT('',#4364);
#1535=VERTEX_POINT('',#4367);
#1536=VERTEX_POINT('',#4368);
#1537=VERTEX_POINT('',#4370);
#1538=VERTEX_POINT('',#4372);
#1539=VERTEX_POINT('',#4374);
#1540=VERTEX_POINT('',#4376);
#1541=VERTEX_POINT('',#4379);
#1542=VERTEX_POINT('',#4381);
#1543=VERTEX_POINT('',#4387);
#1544=VERTEX_POINT('',#4391);
#1545=VERTEX_POINT('',#4392);
#1546=VERTEX_POINT('',#4394);
#1547=VERTEX_POINT('',#4396);
#1548=VERTEX_POINT('',#4399);
#1549=VERTEX_POINT('',#4400);
#1550=VERTEX_POINT('',#4402);
#1551=VERTEX_POINT('',#4404);
#1552=VERTEX_POINT('',#4406);
#1553=VERTEX_POINT('',#4408);
#1554=VERTEX_POINT('',#4410);
#1555=VERTEX_POINT('',#4412);
#1556=VERTEX_POINT('',#4414);
#1557=VERTEX_POINT('',#4416);
#1558=VERTEX_POINT('',#4419);
#1559=VERTEX_POINT('',#4420);
#1560=VERTEX_POINT('',#4422);
#1561=VERTEX_POINT('',#4424);
#1562=VERTEX_POINT('',#4426);
#1563=VERTEX_POINT('',#4428);
#1564=VERTEX_POINT('',#4430);
#1565=VERTEX_POINT('',#4432);
#1566=VERTEX_POINT('',#4434);
#1567=VERTEX_POINT('',#4436);
#1568=VERTEX_POINT('',#4438);
#1569=VERTEX_POINT('',#4440);
#1570=VERTEX_POINT('',#4443);
#1571=VERTEX_POINT('',#4444);
#1572=VERTEX_POINT('',#4446);
#1573=VERTEX_POINT('',#4448);
#1574=VERTEX_POINT('',#4450);
#1575=VERTEX_POINT('',#4452);
#1576=VERTEX_POINT('',#4455);
#1577=VERTEX_POINT('',#4456);
#1578=VERTEX_POINT('',#4458);
#1579=VERTEX_POINT('',#4460);
#1580=VERTEX_POINT('',#4462);
#1581=VERTEX_POINT('',#4464);
#1582=VERTEX_POINT('',#4467);
#1583=VERTEX_POINT('',#4468);
#1584=VERTEX_POINT('',#4470);
#1585=VERTEX_POINT('',#4472);
#1586=VERTEX_POINT('',#4474);
#1587=VERTEX_POINT('',#4476);
#1588=VERTEX_POINT('',#4478);
#1589=VERTEX_POINT('',#4480);
#1590=VERTEX_POINT('',#4483);
#1591=VERTEX_POINT('',#4484);
#1592=VERTEX_POINT('',#4486);
#1593=VERTEX_POINT('',#4488);
#1594=VERTEX_POINT('',#4490);
#1595=VERTEX_POINT('',#4492);
#1596=VERTEX_POINT('',#4494);
#1597=VERTEX_POINT('',#4496);
#1598=VERTEX_POINT('',#4498);
#1599=VERTEX_POINT('',#4500);
#1600=VERTEX_POINT('',#4502);
#1601=VERTEX_POINT('',#4504);
#1602=VERTEX_POINT('',#4507);
#1603=VERTEX_POINT('',#4508);
#1604=VERTEX_POINT('',#4510);
#1605=VERTEX_POINT('',#4512);
#1606=VERTEX_POINT('',#4515);
#1607=VERTEX_POINT('',#4516);
#1608=VERTEX_POINT('',#4518);
#1609=VERTEX_POINT('',#4520);
#1610=VERTEX_POINT('',#4523);
#1611=VERTEX_POINT('',#4524);
#1612=VERTEX_POINT('',#4526);
#1613=VERTEX_POINT('',#4528);
#1614=VERTEX_POINT('',#4530);
#1615=VERTEX_POINT('',#4532);
#1616=VERTEX_POINT('',#4534);
#1617=VERTEX_POINT('',#4536);
#1618=VERTEX_POINT('',#4538);
#1619=VERTEX_POINT('',#4552);
#1620=VERTEX_POINT('',#4554);
#1621=VERTEX_POINT('',#4561);
#1622=VERTEX_POINT('',#4563);
#1623=VERTEX_POINT('',#4571);
#1624=VERTEX_POINT('',#4572);
#1625=VERTEX_POINT('',#4574);
#1626=VERTEX_POINT('',#4576);
#1627=VERTEX_POINT('',#4583);
#1628=VERTEX_POINT('',#4585);
#1629=VERTEX_POINT('',#4593);
#1630=VERTEX_POINT('',#4595);
#1631=VERTEX_POINT('',#4599);
#1632=VERTEX_POINT('',#4600);
#1633=VERTEX_POINT('',#4605);
#1634=VERTEX_POINT('',#4607);
#1635=VERTEX_POINT('',#4609);
#1636=VERTEX_POINT('',#4618);
#1637=VERTEX_POINT('',#4619);
#1638=VERTEX_POINT('',#4621);
#1639=VERTEX_POINT('',#4633);
#1640=VERTEX_POINT('',#4634);
#1641=VERTEX_POINT('',#4636);
#1642=VERTEX_POINT('',#4638);
#1643=VERTEX_POINT('',#4641);
#1644=VERTEX_POINT('',#4644);
#1645=VERTEX_POINT('',#4645);
#1646=VERTEX_POINT('',#4647);
#1647=VERTEX_POINT('',#4649);
#1648=VERTEX_POINT('',#4651);
#1649=VERTEX_POINT('',#4653);
#1650=VERTEX_POINT('',#4655);
#1651=VERTEX_POINT('',#4657);
#1652=VERTEX_POINT('',#4659);
#1653=VERTEX_POINT('',#4662);
#1654=VERTEX_POINT('',#4664);
#1655=VERTEX_POINT('',#4666);
#1656=VERTEX_POINT('',#4668);
#1657=VERTEX_POINT('',#4670);
#1658=VERTEX_POINT('',#4674);
#1659=VERTEX_POINT('',#4676);
#1660=VERTEX_POINT('',#4681);
#1661=VERTEX_POINT('',#4683);
#1662=VERTEX_POINT('',#4686);
#1663=VERTEX_POINT('',#4688);
#1664=VERTEX_POINT('',#4695);
#1665=VERTEX_POINT('',#4696);
#1666=VERTEX_POINT('',#4698);
#1667=VERTEX_POINT('',#4701);
#1668=VERTEX_POINT('',#4703);
#1669=VERTEX_POINT('',#4706);
#1670=VERTEX_POINT('',#4710);
#1671=VERTEX_POINT('',#4711);
#1672=VERTEX_POINT('',#4716);
#1673=VERTEX_POINT('',#4717);
#1674=VERTEX_POINT('',#4725);
#1675=VERTEX_POINT('',#4726);
#1676=VERTEX_POINT('',#4731);
#1677=VERTEX_POINT('',#4732);
#1678=VERTEX_POINT('',#4740);
#1679=VERTEX_POINT('',#4742);
#1680=VERTEX_POINT('',#4745);
#1681=VERTEX_POINT('',#4747);
#1682=VERTEX_POINT('',#4750);
#1683=VERTEX_POINT('',#4751);
#1684=VERTEX_POINT('',#4754);
#1685=VERTEX_POINT('',#4756);
#1686=VERTEX_POINT('',#4759);
#1687=VERTEX_POINT('',#4761);
#1688=VERTEX_POINT('',#4775);
#1689=VERTEX_POINT('',#4777);
#1690=VERTEX_POINT('',#4781);
#1691=VERTEX_POINT('',#4783);
#1692=VERTEX_POINT('',#4787);
#1693=VERTEX_POINT('',#4799);
#1694=VERTEX_POINT('',#4801);
#1695=VERTEX_POINT('',#4824);
#1696=VERTEX_POINT('',#4866);
#1697=VERTEX_POINT('',#4867);
#1698=VERTEX_POINT('',#4873);
#1699=VERTEX_POINT('',#4878);
#1700=VERTEX_POINT('',#4884);
#1701=VERTEX_POINT('',#4889);
#1702=VERTEX_POINT('',#4895);
#1703=VERTEX_POINT('',#4900);
#1704=VERTEX_POINT('',#4907);
#1705=VERTEX_POINT('',#4909);
#1706=VERTEX_POINT('',#5060);
#1707=VERTEX_POINT('',#5078);
#1708=VERTEX_POINT('',#5232);
#1709=VERTEX_POINT('',#5234);
#1710=VERTEX_POINT('',#5238);
#1711=VERTEX_POINT('',#5239);
#1712=VERTEX_POINT('',#5241);
#1713=VERTEX_POINT('',#5243);
#1714=VERTEX_POINT('',#5246);
#1715=VERTEX_POINT('',#5247);
#1716=VERTEX_POINT('',#5249);
#1717=VERTEX_POINT('',#5251);
#1718=VERTEX_POINT('',#5255);
#1719=VERTEX_POINT('',#5257);
#1720=VERTEX_POINT('',#5261);
#1721=VERTEX_POINT('',#5265);
#1722=VERTEX_POINT('',#5269);
#1723=VERTEX_POINT('',#5271);
#1724=VERTEX_POINT('',#5275);
#1725=VERTEX_POINT('',#5279);
#1726=VERTEX_POINT('',#5344);
#1727=VERTEX_POINT('',#5345);
#1728=VERTEX_POINT('',#5347);
#1729=VERTEX_POINT('',#5349);
#1730=VERTEX_POINT('',#5351);
#1731=VERTEX_POINT('',#5353);
#1732=VERTEX_POINT('',#5355);
#1733=VERTEX_POINT('',#5357);
#1734=VERTEX_POINT('',#5396);
#1735=VERTEX_POINT('',#5398);
#1736=VERTEX_POINT('',#5402);
#1737=VERTEX_POINT('',#5406);
#1738=VERTEX_POINT('',#5410);
#1739=VERTEX_POINT('',#5414);
#1740=VERTEX_POINT('',#5418);
#1741=VERTEX_POINT('',#5422);
#1742=VERTEX_POINT('',#5426);
#1743=VERTEX_POINT('',#5430);
#1744=VERTEX_POINT('',#5434);
#1745=VERTEX_POINT('',#5438);
#1746=VERTEX_POINT('',#5445);
#1747=VERTEX_POINT('',#5447);
#1748=VERTEX_POINT('',#5451);
#1749=VERTEX_POINT('',#5455);
#1750=VERTEX_POINT('',#5459);
#1751=VERTEX_POINT('',#5463);
#1752=VERTEX_POINT('',#5467);
#1753=VERTEX_POINT('',#5471);
#1754=VERTEX_POINT('',#5475);
#1755=VERTEX_POINT('',#5476);
#1756=VERTEX_POINT('',#5478);
#1757=VERTEX_POINT('',#5480);
#1758=VERTEX_POINT('',#5484);
#1759=VERTEX_POINT('',#5486);
#1760=VERTEX_POINT('',#5490);
#1761=VERTEX_POINT('',#5492);
#1762=VERTEX_POINT('',#5503);
#1763=VERTEX_POINT('',#5505);
#1764=VERTEX_POINT('',#5509);
#1765=VERTEX_POINT('',#5513);
#1766=VERTEX_POINT('',#5517);
#1767=VERTEX_POINT('',#5521);
#1768=VERTEX_POINT('',#5525);
#1769=VERTEX_POINT('',#5526);
#1770=VERTEX_POINT('',#5528);
#1771=VERTEX_POINT('',#5530);
#1772=VERTEX_POINT('',#5534);
#1773=VERTEX_POINT('',#5536);
#1774=VERTEX_POINT('',#5540);
#1775=VERTEX_POINT('',#5542);
#1776=VERTEX_POINT('',#5546);
#1777=VERTEX_POINT('',#5548);
#1778=VERTEX_POINT('',#5552);
#1779=VERTEX_POINT('',#5554);
#1780=VERTEX_POINT('',#5565);
#1781=VERTEX_POINT('',#5567);
#1782=VERTEX_POINT('',#5571);
#1783=VERTEX_POINT('',#5575);
#1784=VERTEX_POINT('',#5579);
#1785=VERTEX_POINT('',#5583);
#1786=VERTEX_POINT('',#5587);
#1787=VERTEX_POINT('',#5588);
#1788=VERTEX_POINT('',#5590);
#1789=VERTEX_POINT('',#5592);
#1790=VERTEX_POINT('',#5596);
#1791=VERTEX_POINT('',#5598);
#1792=VERTEX_POINT('',#5602);
#1793=VERTEX_POINT('',#5604);
#1794=VERTEX_POINT('',#5615);
#1795=VERTEX_POINT('',#5617);
#1796=VERTEX_POINT('',#5621);
#1797=VERTEX_POINT('',#5625);
#1798=VERTEX_POINT('',#5629);
#1799=VERTEX_POINT('',#5633);
#1800=VERTEX_POINT('',#5637);
#1801=VERTEX_POINT('',#5641);
#1802=VERTEX_POINT('',#5645);
#1803=VERTEX_POINT('',#5649);
#1804=VERTEX_POINT('',#5653);
#1805=VERTEX_POINT('',#5657);
#1806=VERTEX_POINT('',#5664);
#1807=VERTEX_POINT('',#5666);
#1808=VERTEX_POINT('',#5670);
#1809=VERTEX_POINT('',#5674);
#1810=VERTEX_POINT('',#5678);
#1811=VERTEX_POINT('',#5682);
#1812=VERTEX_POINT('',#5686);
#1813=VERTEX_POINT('',#5690);
#1814=VERTEX_POINT('',#5694);
#1815=VERTEX_POINT('',#5698);
#1816=VERTEX_POINT('',#5705);
#1817=VERTEX_POINT('',#5707);
#1818=VERTEX_POINT('',#5711);
#1819=VERTEX_POINT('',#5715);
#1820=LINE('',#4323,#2192);
#1821=LINE('',#4326,#2193);
#1822=LINE('',#4328,#2194);
#1823=LINE('',#4330,#2195);
#1824=LINE('',#4337,#2196);
#1825=LINE('',#4339,#2197);
#1826=LINE('',#4341,#2198);
#1827=LINE('',#4347,#2199);
#1828=LINE('',#4349,#2200);
#1829=LINE('',#4351,#2201);
#1830=LINE('',#4355,#2202);
#1831=LINE('',#4357,#2203);
#1832=LINE('',#4361,#2204);
#1833=LINE('',#4363,#2205);
#1834=LINE('',#4365,#2206);
#1835=LINE('',#4366,#2207);
#1836=LINE('',#4369,#2208);
#1837=LINE('',#4371,#2209);
#1838=LINE('',#4373,#2210);
#1839=LINE('',#4375,#2211);
#1840=LINE('',#4377,#2212);
#1841=LINE('',#4390,#2213);
#1842=LINE('',#4393,#2214);
#1843=LINE('',#4395,#2215);
#1844=LINE('',#4397,#2216);
#1845=LINE('',#4398,#2217);
#1846=LINE('',#4401,#2218);
#1847=LINE('',#4403,#2219);
#1848=LINE('',#4405,#2220);
#1849=LINE('',#4407,#2221);
#1850=LINE('',#4409,#2222);
#1851=LINE('',#4411,#2223);
#1852=LINE('',#4413,#2224);
#1853=LINE('',#4415,#2225);
#1854=LINE('',#4417,#2226);
#1855=LINE('',#4418,#2227);
#1856=LINE('',#4421,#2228);
#1857=LINE('',#4423,#2229);
#1858=LINE('',#4425,#2230);
#1859=LINE('',#4427,#2231);
#1860=LINE('',#4429,#2232);
#1861=LINE('',#4431,#2233);
#1862=LINE('',#4433,#2234);
#1863=LINE('',#4435,#2235);
#1864=LINE('',#4437,#2236);
#1865=LINE('',#4439,#2237);
#1866=LINE('',#4441,#2238);
#1867=LINE('',#4442,#2239);
#1868=LINE('',#4445,#2240);
#1869=LINE('',#4447,#2241);
#1870=LINE('',#4449,#2242);
#1871=LINE('',#4451,#2243);
#1872=LINE('',#4453,#2244);
#1873=LINE('',#4454,#2245);
#1874=LINE('',#4457,#2246);
#1875=LINE('',#4459,#2247);
#1876=LINE('',#4461,#2248);
#1877=LINE('',#4463,#2249);
#1878=LINE('',#4465,#2250);
#1879=LINE('',#4466,#2251);
#1880=LINE('',#4469,#2252);
#1881=LINE('',#4471,#2253);
#1882=LINE('',#4473,#2254);
#1883=LINE('',#4475,#2255);
#1884=LINE('',#4477,#2256);
#1885=LINE('',#4479,#2257);
#1886=LINE('',#4481,#2258);
#1887=LINE('',#4482,#2259);
#1888=LINE('',#4485,#2260);
#1889=LINE('',#4487,#2261);
#1890=LINE('',#4489,#2262);
#1891=LINE('',#4491,#2263);
#1892=LINE('',#4493,#2264);
#1893=LINE('',#4495,#2265);
#1894=LINE('',#4497,#2266);
#1895=LINE('',#4499,#2267);
#1896=LINE('',#4501,#2268);
#1897=LINE('',#4503,#2269);
#1898=LINE('',#4505,#2270);
#1899=LINE('',#4506,#2271);
#1900=LINE('',#4509,#2272);
#1901=LINE('',#4511,#2273);
#1902=LINE('',#4513,#2274);
#1903=LINE('',#4514,#2275);
#1904=LINE('',#4517,#2276);
#1905=LINE('',#4519,#2277);
#1906=LINE('',#4521,#2278);
#1907=LINE('',#4522,#2279);
#1908=LINE('',#4527,#2280);
#1909=LINE('',#4529,#2281);
#1910=LINE('',#4531,#2282);
#1911=LINE('',#4535,#2283);
#1912=LINE('',#4555,#2284);
#1913=LINE('',#4562,#2285);
#1914=LINE('',#4573,#2286);
#1915=LINE('',#4577,#2287);
#1916=LINE('',#4579,#2288);
#1917=LINE('',#4580,#2289);
#1918=LINE('',#4582,#2290);
#1919=LINE('',#4584,#2291);
#1920=LINE('',#4586,#2292);
#1921=LINE('',#4594,#2293);
#1922=LINE('',#4598,#2294);
#1923=LINE('',#4601,#2295);
#1924=LINE('',#4602,#2296);
#1925=LINE('',#4608,#2297);
#1926=LINE('',#4617,#2298);
#1927=LINE('',#4620,#2299);
#1928=LINE('',#4622,#2300);
#1929=LINE('',#4623,#2301);
#1930=LINE('',#4635,#2302);
#1931=LINE('',#4639,#2303);
#1932=LINE('',#4643,#2304);
#1933=LINE('',#4646,#2305);
#1934=LINE('',#4648,#2306);
#1935=LINE('',#4652,#2307);
#1936=LINE('',#4654,#2308);
#1937=LINE('',#4656,#2309);
#1938=LINE('',#4658,#2310);
#1939=LINE('',#4660,#2311);
#1940=LINE('',#4661,#2312);
#1941=LINE('',#4663,#2313);
#1942=LINE('',#4665,#2314);
#1943=LINE('',#4667,#2315);
#1944=LINE('',#4669,#2316);
#1945=LINE('',#4673,#2317);
#1946=LINE('',#4675,#2318);
#1947=LINE('',#4682,#2319);
#1948=LINE('',#4684,#2320);
#1949=LINE('',#4685,#2321);
#1950=LINE('',#4687,#2322);
#1951=LINE('',#4689,#2323);
#1952=LINE('',#4697,#2324);
#1953=LINE('',#4699,#2325);
#1954=LINE('',#4700,#2326);
#1955=LINE('',#4702,#2327);
#1956=LINE('',#4704,#2328);
#1957=LINE('',#4705,#2329);
#1958=LINE('',#4707,#2330);
#1959=LINE('',#4709,#2331);
#1960=LINE('',#4715,#2332);
#1961=LINE('',#4718,#2333);
#1962=LINE('',#4719,#2334);
#1963=LINE('',#4724,#2335);
#1964=LINE('',#4727,#2336);
#1965=LINE('',#4728,#2337);
#1966=LINE('',#4730,#2338);
#1967=LINE('',#4733,#2339);
#1968=LINE('',#4734,#2340);
#1969=LINE('',#4736,#2341);
#1970=LINE('',#4737,#2342);
#1971=LINE('',#4752,#2343);
#1972=LINE('',#4753,#2344);
#1973=LINE('',#4755,#2345);
#1974=LINE('',#4757,#2346);
#1975=LINE('',#4758,#2347);
#1976=LINE('',#4762,#2348);
#1977=LINE('',#4765,#2349);
#1978=LINE('',#4767,#2350);
#1979=LINE('',#4774,#2351);
#1980=LINE('',#4776,#2352);
#1981=LINE('',#4778,#2353);
#1982=LINE('',#4780,#2354);
#1983=LINE('',#4782,#2355);
#1984=LINE('',#4784,#2356);
#1985=LINE('',#4802,#2357);
#1986=LINE('',#4825,#2358);
#1987=LINE('',#4910,#2359);
#1988=LINE('',#5237,#2360);
#1989=LINE('',#5240,#2361);
#1990=LINE('',#5242,#2362);
#1991=LINE('',#5244,#2363);
#1992=LINE('',#5245,#2364);
#1993=LINE('',#5248,#2365);
#1994=LINE('',#5250,#2366);
#1995=LINE('',#5252,#2367);
#1996=LINE('',#5254,#2368);
#1997=LINE('',#5256,#2369);
#1998=LINE('',#5258,#2370);
#1999=LINE('',#5260,#2371);
#2000=LINE('',#5262,#2372);
#2001=LINE('',#5264,#2373);
#2002=LINE('',#5266,#2374);
#2003=LINE('',#5268,#2375);
#2004=LINE('',#5270,#2376);
#2005=LINE('',#5272,#2377);
#2006=LINE('',#5274,#2378);
#2007=LINE('',#5276,#2379);
#2008=LINE('',#5278,#2380);
#2009=LINE('',#5280,#2381);
#2010=LINE('',#5282,#2382);
#2011=LINE('',#5284,#2383);
#2012=LINE('',#5327,#2384);
#2013=LINE('',#5328,#2385);
#2014=LINE('',#5330,#2386);
#2015=LINE('',#5332,#2387);
#2016=LINE('',#5335,#2388);
#2017=LINE('',#5336,#2389);
#2018=LINE('',#5338,#2390);
#2019=LINE('',#5340,#2391);
#2020=LINE('',#5343,#2392);
#2021=LINE('',#5348,#2393);
#2022=LINE('',#5352,#2394);
#2023=LINE('',#5356,#2395);
#2024=LINE('',#5359,#2396);
#2025=LINE('',#5363,#2397);
#2026=LINE('',#5364,#2398);
#2027=LINE('',#5366,#2399);
#2028=LINE('',#5368,#2400);
#2029=LINE('',#5370,#2401);
#2030=LINE('',#5372,#2402);
#2031=LINE('',#5374,#2403);
#2032=LINE('',#5376,#2404);
#2033=LINE('',#5379,#2405);
#2034=LINE('',#5395,#2406);
#2035=LINE('',#5397,#2407);
#2036=LINE('',#5399,#2408);
#2037=LINE('',#5401,#2409);
#2038=LINE('',#5403,#2410);
#2039=LINE('',#5405,#2411);
#2040=LINE('',#5407,#2412);
#2041=LINE('',#5409,#2413);
#2042=LINE('',#5411,#2414);
#2043=LINE('',#5413,#2415);
#2044=LINE('',#5415,#2416);
#2045=LINE('',#5417,#2417);
#2046=LINE('',#5419,#2418);
#2047=LINE('',#5421,#2419);
#2048=LINE('',#5423,#2420);
#2049=LINE('',#5425,#2421);
#2050=LINE('',#5427,#2422);
#2051=LINE('',#5429,#2423);
#2052=LINE('',#5431,#2424);
#2053=LINE('',#5433,#2425);
#2054=LINE('',#5435,#2426);
#2055=LINE('',#5437,#2427);
#2056=LINE('',#5439,#2428);
#2057=LINE('',#5441,#2429);
#2058=LINE('',#5444,#2430);
#2059=LINE('',#5446,#2431);
#2060=LINE('',#5448,#2432);
#2061=LINE('',#5450,#2433);
#2062=LINE('',#5452,#2434);
#2063=LINE('',#5454,#2435);
#2064=LINE('',#5456,#2436);
#2065=LINE('',#5458,#2437);
#2066=LINE('',#5460,#2438);
#2067=LINE('',#5462,#2439);
#2068=LINE('',#5464,#2440);
#2069=LINE('',#5466,#2441);
#2070=LINE('',#5468,#2442);
#2071=LINE('',#5470,#2443);
#2072=LINE('',#5472,#2444);
#2073=LINE('',#5474,#2445);
#2074=LINE('',#5477,#2446);
#2075=LINE('',#5479,#2447);
#2076=LINE('',#5481,#2448);
#2077=LINE('',#5483,#2449);
#2078=LINE('',#5485,#2450);
#2079=LINE('',#5487,#2451);
#2080=LINE('',#5489,#2452);
#2081=LINE('',#5491,#2453);
#2082=LINE('',#5493,#2454);
#2083=LINE('',#5495,#2455);
#2084=LINE('',#5496,#2456);
#2085=LINE('',#5498,#2457);
#2086=LINE('',#5502,#2458);
#2087=LINE('',#5504,#2459);
#2088=LINE('',#5506,#2460);
#2089=LINE('',#5508,#2461);
#2090=LINE('',#5510,#2462);
#2091=LINE('',#5512,#2463);
#2092=LINE('',#5514,#2464);
#2093=LINE('',#5516,#2465);
#2094=LINE('',#5518,#2466);
#2095=LINE('',#5520,#2467);
#2096=LINE('',#5522,#2468);
#2097=LINE('',#5524,#2469);
#2098=LINE('',#5527,#2470);
#2099=LINE('',#5529,#2471);
#2100=LINE('',#5531,#2472);
#2101=LINE('',#5533,#2473);
#2102=LINE('',#5535,#2474);
#2103=LINE('',#5537,#2475);
#2104=LINE('',#5539,#2476);
#2105=LINE('',#5541,#2477);
#2106=LINE('',#5543,#2478);
#2107=LINE('',#5545,#2479);
#2108=LINE('',#5547,#2480);
#2109=LINE('',#5549,#2481);
#2110=LINE('',#5551,#2482);
#2111=LINE('',#5553,#2483);
#2112=LINE('',#5555,#2484);
#2113=LINE('',#5557,#2485);
#2114=LINE('',#5558,#2486);
#2115=LINE('',#5560,#2487);
#2116=LINE('',#5564,#2488);
#2117=LINE('',#5566,#2489);
#2118=LINE('',#5568,#2490);
#2119=LINE('',#5570,#2491);
#2120=LINE('',#5572,#2492);
#2121=LINE('',#5574,#2493);
#2122=LINE('',#5576,#2494);
#2123=LINE('',#5578,#2495);
#2124=LINE('',#5580,#2496);
#2125=LINE('',#5582,#2497);
#2126=LINE('',#5584,#2498);
#2127=LINE('',#5586,#2499);
#2128=LINE('',#5589,#2500);
#2129=LINE('',#5591,#2501);
#2130=LINE('',#5593,#2502);
#2131=LINE('',#5595,#2503);
#2132=LINE('',#5597,#2504);
#2133=LINE('',#5599,#2505);
#2134=LINE('',#5601,#2506);
#2135=LINE('',#5603,#2507);
#2136=LINE('',#5605,#2508);
#2137=LINE('',#5607,#2509);
#2138=LINE('',#5608,#2510);
#2139=LINE('',#5610,#2511);
#2140=LINE('',#5614,#2512);
#2141=LINE('',#5616,#2513);
#2142=LINE('',#5618,#2514);
#2143=LINE('',#5620,#2515);
#2144=LINE('',#5622,#2516);
#2145=LINE('',#5624,#2517);
#2146=LINE('',#5626,#2518);
#2147=LINE('',#5628,#2519);
#2148=LINE('',#5630,#2520);
#2149=LINE('',#5632,#2521);
#2150=LINE('',#5634,#2522);
#2151=LINE('',#5636,#2523);
#2152=LINE('',#5638,#2524);
#2153=LINE('',#5640,#2525);
#2154=LINE('',#5642,#2526);
#2155=LINE('',#5644,#2527);
#2156=LINE('',#5646,#2528);
#2157=LINE('',#5648,#2529);
#2158=LINE('',#5650,#2530);
#2159=LINE('',#5652,#2531);
#2160=LINE('',#5654,#2532);
#2161=LINE('',#5656,#2533);
#2162=LINE('',#5658,#2534);
#2163=LINE('',#5660,#2535);
#2164=LINE('',#5663,#2536);
#2165=LINE('',#5665,#2537);
#2166=LINE('',#5667,#2538);
#2167=LINE('',#5669,#2539);
#2168=LINE('',#5671,#2540);
#2169=LINE('',#5673,#2541);
#2170=LINE('',#5675,#2542);
#2171=LINE('',#5677,#2543);
#2172=LINE('',#5679,#2544);
#2173=LINE('',#5681,#2545);
#2174=LINE('',#5683,#2546);
#2175=LINE('',#5685,#2547);
#2176=LINE('',#5687,#2548);
#2177=LINE('',#5689,#2549);
#2178=LINE('',#5691,#2550);
#2179=LINE('',#5693,#2551);
#2180=LINE('',#5695,#2552);
#2181=LINE('',#5697,#2553);
#2182=LINE('',#5699,#2554);
#2183=LINE('',#5701,#2555);
#2184=LINE('',#5704,#2556);
#2185=LINE('',#5706,#2557);
#2186=LINE('',#5708,#2558);
#2187=LINE('',#5710,#2559);
#2188=LINE('',#5712,#2560);
#2189=LINE('',#5714,#2561);
#2190=LINE('',#5716,#2562);
#2191=LINE('',#5718,#2563);
#2192=VECTOR('',#3503,1.);
#2193=VECTOR('',#3504,1.);
#2194=VECTOR('',#3505,1.);
#2195=VECTOR('',#3506,1.);
#2196=VECTOR('',#3507,1.);
#2197=VECTOR('',#3508,1.);
#2198=VECTOR('',#3509,1.);
#2199=VECTOR('',#3516,1.);
#2200=VECTOR('',#3517,1.);
#2201=VECTOR('',#3518,1.);
#2202=VECTOR('',#3521,1.);
#2203=VECTOR('',#3522,1.);
#2204=VECTOR('',#3525,1.);
#2205=VECTOR('',#3526,1.);
#2206=VECTOR('',#3527,1.);
#2207=VECTOR('',#3528,1.);
#2208=VECTOR('',#3529,1.);
#2209=VECTOR('',#3530,1.);
#2210=VECTOR('',#3531,1.);
#2211=VECTOR('',#3532,1.);
#2212=VECTOR('',#3533,1.);
#2213=VECTOR('',#3544,1.);
#2214=VECTOR('',#3545,1.);
#2215=VECTOR('',#3546,1.);
#2216=VECTOR('',#3547,1.);
#2217=VECTOR('',#3548,1.);
#2218=VECTOR('',#3549,1.);
#2219=VECTOR('',#3550,1.);
#2220=VECTOR('',#3551,1.);
#2221=VECTOR('',#3552,1.);
#2222=VECTOR('',#3553,1.);
#2223=VECTOR('',#3554,1.);
#2224=VECTOR('',#3555,1.);
#2225=VECTOR('',#3556,1.);
#2226=VECTOR('',#3557,1.);
#2227=VECTOR('',#3558,1.);
#2228=VECTOR('',#3559,1.);
#2229=VECTOR('',#3560,1.);
#2230=VECTOR('',#3561,1.);
#2231=VECTOR('',#3562,1.);
#2232=VECTOR('',#3563,1.);
#2233=VECTOR('',#3564,1.);
#2234=VECTOR('',#3565,1.);
#2235=VECTOR('',#3566,1.);
#2236=VECTOR('',#3567,1.);
#2237=VECTOR('',#3568,1.);
#2238=VECTOR('',#3569,1.);
#2239=VECTOR('',#3570,1.);
#2240=VECTOR('',#3571,1.);
#2241=VECTOR('',#3572,1.);
#2242=VECTOR('',#3573,1.);
#2243=VECTOR('',#3574,1.);
#2244=VECTOR('',#3575,1.);
#2245=VECTOR('',#3576,1.);
#2246=VECTOR('',#3577,1.);
#2247=VECTOR('',#3578,1.);
#2248=VECTOR('',#3579,1.);
#2249=VECTOR('',#3580,1.);
#2250=VECTOR('',#3581,1.);
#2251=VECTOR('',#3582,1.);
#2252=VECTOR('',#3583,1.);
#2253=VECTOR('',#3584,1.);
#2254=VECTOR('',#3585,1.);
#2255=VECTOR('',#3586,1.);
#2256=VECTOR('',#3587,1.);
#2257=VECTOR('',#3588,1.);
#2258=VECTOR('',#3589,1.);
#2259=VECTOR('',#3590,1.);
#2260=VECTOR('',#3591,1.);
#2261=VECTOR('',#3592,1.);
#2262=VECTOR('',#3593,1.);
#2263=VECTOR('',#3594,1.);
#2264=VECTOR('',#3595,1.);
#2265=VECTOR('',#3596,1.);
#2266=VECTOR('',#3597,1.);
#2267=VECTOR('',#3598,1.);
#2268=VECTOR('',#3599,1.);
#2269=VECTOR('',#3600,1.);
#2270=VECTOR('',#3601,1.);
#2271=VECTOR('',#3602,1.);
#2272=VECTOR('',#3603,1.);
#2273=VECTOR('',#3604,1.);
#2274=VECTOR('',#3605,1.);
#2275=VECTOR('',#3606,1.);
#2276=VECTOR('',#3607,1.);
#2277=VECTOR('',#3608,1.);
#2278=VECTOR('',#3609,1.);
#2279=VECTOR('',#3610,1.);
#2280=VECTOR('',#3613,1.);
#2281=VECTOR('',#3614,1.);
#2282=VECTOR('',#3615,1.);
#2283=VECTOR('',#3618,1.);
#2284=VECTOR('',#3631,1.);
#2285=VECTOR('',#3634,1.);
#2286=VECTOR('',#3639,1.);
#2287=VECTOR('',#3642,1.);
#2288=VECTOR('',#3645,1.);
#2289=VECTOR('',#3646,1.);
#2290=VECTOR('',#3649,1.);
#2291=VECTOR('',#3650,1.);
#2292=VECTOR('',#3651,1.);
#2293=VECTOR('',#3654,1.);
#2294=VECTOR('',#3659,1.);
#2295=VECTOR('',#3660,1.);
#2296=VECTOR('',#3661,1.);
#2297=VECTOR('',#3668,1.);
#2298=VECTOR('',#3671,1.);
#2299=VECTOR('',#3672,1.);
#2300=VECTOR('',#3673,1.);
#2301=VECTOR('',#3674,1.);
#2302=VECTOR('',#3677,1.);
#2303=VECTOR('',#3680,1.);
#2304=VECTOR('',#3685,1.);
#2305=VECTOR('',#3686,1.);
#2306=VECTOR('',#3687,1.);
#2307=VECTOR('',#3690,1.);
#2308=VECTOR('',#3691,1.);
#2309=VECTOR('',#3692,1.);
#2310=VECTOR('',#3693,1.);
#2311=VECTOR('',#3694,1.);
#2312=VECTOR('',#3695,1.);
#2313=VECTOR('',#3696,1.);
#2314=VECTOR('',#3697,1.);
#2315=VECTOR('',#3698,1.);
#2316=VECTOR('',#3699,1.);
#2317=VECTOR('',#3704,1.);
#2318=VECTOR('',#3705,1.);
#2319=VECTOR('',#3706,1.);
#2320=VECTOR('',#3707,1.);
#2321=VECTOR('',#3708,1.);
#2322=VECTOR('',#3709,1.);
#2323=VECTOR('',#3710,1.);
#2324=VECTOR('',#3713,1.);
#2325=VECTOR('',#3714,1.);
#2326=VECTOR('',#3715,1.);
#2327=VECTOR('',#3716,1.);
#2328=VECTOR('',#3717,1.);
#2329=VECTOR('',#3718,1.);
#2330=VECTOR('',#3719,1.);
#2331=VECTOR('',#3722,1.);
#2332=VECTOR('',#3729,1.);
#2333=VECTOR('',#3730,1.);
#2334=VECTOR('',#3731,1.);
#2335=VECTOR('',#3740,1.);
#2336=VECTOR('',#3741,1.);
#2337=VECTOR('',#3742,1.);
#2338=VECTOR('',#3745,1.);
#2339=VECTOR('',#3746,1.);
#2340=VECTOR('',#3747,1.);
#2341=VECTOR('',#3750,1.);
#2342=VECTOR('',#3751,1.);
#2343=VECTOR('',#3768,1.);
#2344=VECTOR('',#3769,1.);
#2345=VECTOR('',#3770,1.);
#2346=VECTOR('',#3771,1.);
#2347=VECTOR('',#3772,1.);
#2348=VECTOR('',#3775,1.);
#2349=VECTOR('',#3780,1.);
#2350=VECTOR('',#3783,1.);
#2351=VECTOR('',#3796,1.);
#2352=VECTOR('',#3797,1.);
#2353=VECTOR('',#3798,1.);
#2354=VECTOR('',#3801,1.);
#2355=VECTOR('',#3802,1.);
#2356=VECTOR('',#3803,1.);
#2357=VECTOR('',#3814,1.);
#2358=VECTOR('',#3817,1.);
#2359=VECTOR('',#3822,1.);
#2360=VECTOR('',#3837,1.);
#2361=VECTOR('',#3838,1.);
#2362=VECTOR('',#3839,1.);
#2363=VECTOR('',#3840,1.);
#2364=VECTOR('',#3841,1.);
#2365=VECTOR('',#3842,1.);
#2366=VECTOR('',#3843,1.);
#2367=VECTOR('',#3844,1.);
#2368=VECTOR('',#3847,1.);
#2369=VECTOR('',#3848,1.);
#2370=VECTOR('',#3849,1.);
#2371=VECTOR('',#3852,1.);
#2372=VECTOR('',#3853,1.);
#2373=VECTOR('',#3856,1.);
#2374=VECTOR('',#3857,1.);
#2375=VECTOR('',#3860,1.);
#2376=VECTOR('',#3861,1.);
#2377=VECTOR('',#3862,1.);
#2378=VECTOR('',#3865,1.);
#2379=VECTOR('',#3866,1.);
#2380=VECTOR('',#3869,1.);
#2381=VECTOR('',#3870,1.);
#2382=VECTOR('',#3873,1.);
#2383=VECTOR('',#3876,1.);
#2384=VECTOR('',#3931,1.);
#2385=VECTOR('',#3932,1.);
#2386=VECTOR('',#3935,1.);
#2387=VECTOR('',#3938,1.);
#2388=VECTOR('',#3943,1.);
#2389=VECTOR('',#3944,1.);
#2390=VECTOR('',#3947,1.);
#2391=VECTOR('',#3950,1.);
#2392=VECTOR('',#3955,1.);
#2393=VECTOR('',#3958,1.);
#2394=VECTOR('',#3961,1.);
#2395=VECTOR('',#3964,1.);
#2396=VECTOR('',#3967,1.);
#2397=VECTOR('',#3974,1.);
#2398=VECTOR('',#3975,1.);
#2399=VECTOR('',#3978,1.);
#2400=VECTOR('',#3981,1.);
#2401=VECTOR('',#3984,1.);
#2402=VECTOR('',#3987,1.);
#2403=VECTOR('',#3990,1.);
#2404=VECTOR('',#3993,1.);
#2405=VECTOR('',#3998,1.);
#2406=VECTOR('',#4001,1.);
#2407=VECTOR('',#4002,1.);
#2408=VECTOR('',#4003,1.);
#2409=VECTOR('',#4006,1.);
#2410=VECTOR('',#4007,1.);
#2411=VECTOR('',#4010,1.);
#2412=VECTOR('',#4011,1.);
#2413=VECTOR('',#4014,1.);
#2414=VECTOR('',#4015,1.);
#2415=VECTOR('',#4018,1.);
#2416=VECTOR('',#4019,1.);
#2417=VECTOR('',#4022,1.);
#2418=VECTOR('',#4023,1.);
#2419=VECTOR('',#4026,1.);
#2420=VECTOR('',#4027,1.);
#2421=VECTOR('',#4030,1.);
#2422=VECTOR('',#4031,1.);
#2423=VECTOR('',#4034,1.);
#2424=VECTOR('',#4035,1.);
#2425=VECTOR('',#4038,1.);
#2426=VECTOR('',#4039,1.);
#2427=VECTOR('',#4042,1.);
#2428=VECTOR('',#4043,1.);
#2429=VECTOR('',#4046,1.);
#2430=VECTOR('',#4051,1.);
#2431=VECTOR('',#4052,1.);
#2432=VECTOR('',#4053,1.);
#2433=VECTOR('',#4056,1.);
#2434=VECTOR('',#4057,1.);
#2435=VECTOR('',#4060,1.);
#2436=VECTOR('',#4061,1.);
#2437=VECTOR('',#4064,1.);
#2438=VECTOR('',#4065,1.);
#2439=VECTOR('',#4068,1.);
#2440=VECTOR('',#4069,1.);
#2441=VECTOR('',#4072,1.);
#2442=VECTOR('',#4073,1.);
#2443=VECTOR('',#4076,1.);
#2444=VECTOR('',#4077,1.);
#2445=VECTOR('',#4080,1.);
#2446=VECTOR('',#4081,1.);
#2447=VECTOR('',#4082,1.);
#2448=VECTOR('',#4083,1.);
#2449=VECTOR('',#4086,1.);
#2450=VECTOR('',#4087,1.);
#2451=VECTOR('',#4088,1.);
#2452=VECTOR('',#4091,1.);
#2453=VECTOR('',#4092,1.);
#2454=VECTOR('',#4093,1.);
#2455=VECTOR('',#4096,1.);
#2456=VECTOR('',#4097,1.);
#2457=VECTOR('',#4100,1.);
#2458=VECTOR('',#4107,1.);
#2459=VECTOR('',#4108,1.);
#2460=VECTOR('',#4109,1.);
#2461=VECTOR('',#4112,1.);
#2462=VECTOR('',#4113,1.);
#2463=VECTOR('',#4116,1.);
#2464=VECTOR('',#4117,1.);
#2465=VECTOR('',#4120,1.);
#2466=VECTOR('',#4121,1.);
#2467=VECTOR('',#4124,1.);
#2468=VECTOR('',#4125,1.);
#2469=VECTOR('',#4128,1.);
#2470=VECTOR('',#4129,1.);
#2471=VECTOR('',#4130,1.);
#2472=VECTOR('',#4131,1.);
#2473=VECTOR('',#4134,1.);
#2474=VECTOR('',#4135,1.);
#2475=VECTOR('',#4136,1.);
#2476=VECTOR('',#4139,1.);
#2477=VECTOR('',#4140,1.);
#2478=VECTOR('',#4141,1.);
#2479=VECTOR('',#4144,1.);
#2480=VECTOR('',#4145,1.);
#2481=VECTOR('',#4146,1.);
#2482=VECTOR('',#4149,1.);
#2483=VECTOR('',#4150,1.);
#2484=VECTOR('',#4151,1.);
#2485=VECTOR('',#4154,1.);
#2486=VECTOR('',#4155,1.);
#2487=VECTOR('',#4158,1.);
#2488=VECTOR('',#4165,1.);
#2489=VECTOR('',#4166,1.);
#2490=VECTOR('',#4167,1.);
#2491=VECTOR('',#4170,1.);
#2492=VECTOR('',#4171,1.);
#2493=VECTOR('',#4174,1.);
#2494=VECTOR('',#4175,1.);
#2495=VECTOR('',#4178,1.);
#2496=VECTOR('',#4179,1.);
#2497=VECTOR('',#4182,1.);
#2498=VECTOR('',#4183,1.);
#2499=VECTOR('',#4186,1.);
#2500=VECTOR('',#4187,1.);
#2501=VECTOR('',#4188,1.);
#2502=VECTOR('',#4189,1.);
#2503=VECTOR('',#4192,1.);
#2504=VECTOR('',#4193,1.);
#2505=VECTOR('',#4194,1.);
#2506=VECTOR('',#4197,1.);
#2507=VECTOR('',#4198,1.);
#2508=VECTOR('',#4199,1.);
#2509=VECTOR('',#4202,1.);
#2510=VECTOR('',#4203,1.);
#2511=VECTOR('',#4206,1.);
#2512=VECTOR('',#4213,1.);
#2513=VECTOR('',#4214,1.);
#2514=VECTOR('',#4215,1.);
#2515=VECTOR('',#4218,1.);
#2516=VECTOR('',#4219,1.);
#2517=VECTOR('',#4222,1.);
#2518=VECTOR('',#4223,1.);
#2519=VECTOR('',#4226,1.);
#2520=VECTOR('',#4227,1.);
#2521=VECTOR('',#4230,1.);
#2522=VECTOR('',#4231,1.);
#2523=VECTOR('',#4234,1.);
#2524=VECTOR('',#4235,1.);
#2525=VECTOR('',#4238,1.);
#2526=VECTOR('',#4239,1.);
#2527=VECTOR('',#4242,1.);
#2528=VECTOR('',#4243,1.);
#2529=VECTOR('',#4246,1.);
#2530=VECTOR('',#4247,1.);
#2531=VECTOR('',#4250,1.);
#2532=VECTOR('',#4251,1.);
#2533=VECTOR('',#4254,1.);
#2534=VECTOR('',#4255,1.);
#2535=VECTOR('',#4258,1.);
#2536=VECTOR('',#4263,1.);
#2537=VECTOR('',#4264,1.);
#2538=VECTOR('',#4265,1.);
#2539=VECTOR('',#4268,1.);
#2540=VECTOR('',#4269,1.);
#2541=VECTOR('',#4272,1.);
#2542=VECTOR('',#4273,1.);
#2543=VECTOR('',#4276,1.);
#2544=VECTOR('',#4277,1.);
#2545=VECTOR('',#4280,1.);
#2546=VECTOR('',#4281,1.);
#2547=VECTOR('',#4284,1.);
#2548=VECTOR('',#4285,1.);
#2549=VECTOR('',#4288,1.);
#2550=VECTOR('',#4289,1.);
#2551=VECTOR('',#4292,1.);
#2552=VECTOR('',#4293,1.);
#2553=VECTOR('',#4296,1.);
#2554=VECTOR('',#4297,1.);
#2555=VECTOR('',#4300,1.);
#2556=VECTOR('',#4305,1.);
#2557=VECTOR('',#4306,1.);
#2558=VECTOR('',#4307,1.);
#2559=VECTOR('',#4310,1.);
#2560=VECTOR('',#4311,1.);
#2561=VECTOR('',#4314,1.);
#2562=VECTOR('',#4315,1.);
#2563=VECTOR('',#4318,1.);
#2564=EDGE_LOOP('',(#139,#140,#141,#142,#143,#144,#145,#146));
#2565=EDGE_LOOP('',(#147,#148,#149,#150,#151,#152,#153,#154,#155,#156,#157,
#158,#159));
#2566=EDGE_LOOP('',(#160,#161,#162,#163,#164,#165));
#2567=EDGE_LOOP('',(#166));
#2568=EDGE_LOOP('',(#167));
#2569=EDGE_LOOP('',(#168,#169,#170));
#2570=EDGE_LOOP('',(#171,#172,#173,#174));
#2571=EDGE_LOOP('',(#175,#176,#177,#178,#179,#180,#181,#182,#183,#184));
#2572=EDGE_LOOP('',(#185,#186,#187,#188,#189,#190,#191,#192,#193,#194,#195,
#196));
#2573=EDGE_LOOP('',(#197,#198,#199,#200,#201,#202));
#2574=EDGE_LOOP('',(#203,#204,#205,#206,#207,#208));
#2575=EDGE_LOOP('',(#209,#210,#211,#212,#213,#214,#215,#216));
#2576=EDGE_LOOP('',(#217,#218,#219,#220,#221,#222,#223,#224,#225,#226,#227,
#228));
#2577=EDGE_LOOP('',(#229,#230,#231,#232));
#2578=EDGE_LOOP('',(#233,#234,#235,#236));
#2579=EDGE_LOOP('',(#237,#238,#239,#240,#241,#242,#243,#244,#245));
#2580=EDGE_LOOP('',(#246,#247,#248,#249));
#2581=EDGE_LOOP('',(#250,#251,#252,#253));
#2582=EDGE_LOOP('',(#254,#255,#256,#257));
#2583=EDGE_LOOP('',(#258,#259,#260,#261));
#2584=EDGE_LOOP('',(#262,#263,#264,#265));
#2585=EDGE_LOOP('',(#266,#267,#268,#269));
#2586=EDGE_LOOP('',(#270,#271,#272,#273));
#2587=EDGE_LOOP('',(#274,#275,#276,#277));
#2588=EDGE_LOOP('',(#278,#279,#280,#281,#282));
#2589=EDGE_LOOP('',(#283,#284,#285,#286,#287));
#2590=EDGE_LOOP('',(#288,#289,#290,#291));
#2591=EDGE_LOOP('',(#292));
#2592=EDGE_LOOP('',(#293,#294,#295,#296,#297,#298,#299,#300,#301,#302,#303,
#304,#305,#306,#307,#308));
#2593=EDGE_LOOP('',(#309,#310,#311,#312,#313,#314,#315,#316,#317,#318,#319));
#2594=EDGE_LOOP('',(#320,#321,#322,#323,#324,#325,#326,#327,#328,#329,#330));
#2595=EDGE_LOOP('',(#331,#332,#333,#334));
#2596=EDGE_LOOP('',(#335,#336,#337,#338));
#2597=EDGE_LOOP('',(#339,#340,#341,#342));
#2598=EDGE_LOOP('',(#343,#344,#345,#346));
#2599=EDGE_LOOP('',(#347,#348,#349,#350));
#2600=EDGE_LOOP('',(#351,#352,#353,#354));
#2601=EDGE_LOOP('',(#355));
#2602=EDGE_LOOP('',(#356));
#2603=EDGE_LOOP('',(#357));
#2604=EDGE_LOOP('',(#358));
#2605=EDGE_LOOP('',(#359,#360,#361,#362,#363,#364,#365,#366,#367,#368));
#2606=EDGE_LOOP('',(#369));
#2607=EDGE_LOOP('',(#370));
#2608=EDGE_LOOP('',(#371,#372,#373,#374,#375,#376,#377,#378,#379,#380));
#2609=EDGE_LOOP('',(#381));
#2610=EDGE_LOOP('',(#382));
#2611=EDGE_LOOP('',(#383,#384,#385,#386));
#2612=EDGE_LOOP('',(#387,#388,#389,#390));
#2613=EDGE_LOOP('',(#391,#392,#393,#394));
#2614=EDGE_LOOP('',(#395,#396,#397,#398));
#2615=EDGE_LOOP('',(#399,#400,#401,#402));
#2616=EDGE_LOOP('',(#403,#404,#405,#406,#407));
#2617=EDGE_LOOP('',(#408,#409,#410,#411,#412,#413));
#2618=EDGE_LOOP('',(#414));
#2619=EDGE_LOOP('',(#415));
#2620=EDGE_LOOP('',(#416));
#2621=EDGE_LOOP('',(#417));
#2622=EDGE_LOOP('',(#418,#419,#420,#421));
#2623=EDGE_LOOP('',(#422));
#2624=EDGE_LOOP('',(#423,#424,#425,#426,#427));
#2625=EDGE_LOOP('',(#428,#429,#430,#431,#432,#433,#434,#435));
#2626=EDGE_LOOP('',(#436,#437,#438,#439,#440));
#2627=EDGE_LOOP('',(#441,#442,#443,#444,#445));
#2628=EDGE_LOOP('',(#446,#447,#448,#449,#450,#451,#452,#453));
#2629=EDGE_LOOP('',(#454,#455,#456,#457,#458,#459,#460,#461,#462,#463));
#2630=EDGE_LOOP('',(#464,#465,#466,#467));
#2631=EDGE_LOOP('',(#468,#469,#470,#471));
#2632=EDGE_LOOP('',(#472,#473,#474,#475,#476,#477,#478));
#2633=EDGE_LOOP('',(#479,#480,#481,#482));
#2634=EDGE_LOOP('',(#483,#484,#485,#486));
#2635=EDGE_LOOP('',(#487,#488,#489,#490));
#2636=EDGE_LOOP('',(#491,#492,#493,#494));
#2637=EDGE_LOOP('',(#495,#496,#497,#498));
#2638=EDGE_LOOP('',(#499,#500,#501,#502));
#2639=EDGE_LOOP('',(#503,#504,#505,#506));
#2640=EDGE_LOOP('',(#507,#508,#509,#510));
#2641=EDGE_LOOP('',(#511,#512,#513,#514));
#2642=EDGE_LOOP('',(#515,#516,#517,#518));
#2643=EDGE_LOOP('',(#519,#520,#521,#522));
#2644=EDGE_LOOP('',(#523,#524,#525,#526));
#2645=EDGE_LOOP('',(#527,#528,#529,#530));
#2646=EDGE_LOOP('',(#531,#532,#533,#534));
#2647=EDGE_LOOP('',(#535,#536,#537,#538));
#2648=EDGE_LOOP('',(#539,#540,#541,#542,#543));
#2649=EDGE_LOOP('',(#544,#545,#546,#547));
#2650=EDGE_LOOP('',(#548,#549,#550,#551));
#2651=EDGE_LOOP('',(#552,#553,#554,#555,#556,#557));
#2652=EDGE_LOOP('',(#558,#559,#560,#561));
#2653=EDGE_LOOP('',(#562,#563,#564,#565));
#2654=EDGE_LOOP('',(#566,#567,#568,#569));
#2655=EDGE_LOOP('',(#570,#571,#572,#573));
#2656=EDGE_LOOP('',(#574,#575,#576,#577));
#2657=EDGE_LOOP('',(#578,#579,#580,#581));
#2658=EDGE_LOOP('',(#582,#583,#584,#585));
#2659=EDGE_LOOP('',(#586,#587,#588,#589));
#2660=EDGE_LOOP('',(#590,#591,#592,#593));
#2661=EDGE_LOOP('',(#594,#595,#596,#597));
#2662=EDGE_LOOP('',(#598,#599,#600,#601));
#2663=EDGE_LOOP('',(#602,#603,#604,#605));
#2664=EDGE_LOOP('',(#606,#607,#608,#609));
#2665=EDGE_LOOP('',(#610,#611,#612,#613,#614,#615,#616,#617));
#2666=EDGE_LOOP('',(#618,#619,#620,#621,#622,#623,#624,#625));
#2667=EDGE_LOOP('',(#626,#627,#628,#629));
#2668=EDGE_LOOP('',(#630,#631,#632,#633));
#2669=EDGE_LOOP('',(#634,#635,#636,#637));
#2670=EDGE_LOOP('',(#638,#639,#640,#641));
#2671=EDGE_LOOP('',(#642,#643,#644,#645));
#2672=EDGE_LOOP('',(#646,#647,#648,#649));
#2673=EDGE_LOOP('',(#650,#651,#652,#653));
#2674=EDGE_LOOP('',(#654,#655,#656,#657));
#2675=EDGE_LOOP('',(#658,#659,#660,#661));
#2676=EDGE_LOOP('',(#662,#663,#664,#665,#666,#667,#668));
#2677=EDGE_LOOP('',(#669,#670,#671,#672,#673,#674,#675,#676,#677,#678,#679,
#680,#681,#682));
#2678=EDGE_LOOP('',(#683,#684,#685,#686));
#2679=EDGE_LOOP('',(#687,#688,#689,#690));
#2680=EDGE_LOOP('',(#691,#692,#693,#694));
#2681=EDGE_LOOP('',(#695,#696,#697,#698));
#2682=EDGE_LOOP('',(#699,#700,#701,#702));
#2683=EDGE_LOOP('',(#703,#704,#705,#706));
#2684=EDGE_LOOP('',(#707,#708,#709,#710));
#2685=EDGE_LOOP('',(#711,#712,#713,#714));
#2686=EDGE_LOOP('',(#715,#716,#717,#718));
#2687=EDGE_LOOP('',(#719,#720,#721,#722));
#2688=EDGE_LOOP('',(#723,#724,#725,#726));
#2689=EDGE_LOOP('',(#727,#728,#729,#730));
#2690=EDGE_LOOP('',(#731,#732,#733,#734,#735,#736,#737,#738,#739,#740,#741,
#742));
#2691=EDGE_LOOP('',(#743,#744,#745,#746));
#2692=EDGE_LOOP('',(#747,#748,#749,#750));
#2693=EDGE_LOOP('',(#751,#752,#753,#754));
#2694=EDGE_LOOP('',(#755,#756,#757,#758));
#2695=EDGE_LOOP('',(#759,#760,#761,#762));
#2696=EDGE_LOOP('',(#763,#764,#765,#766));
#2697=EDGE_LOOP('',(#767,#768,#769,#770));
#2698=EDGE_LOOP('',(#771,#772,#773,#774));
#2699=EDGE_LOOP('',(#775,#776,#777,#778));
#2700=EDGE_LOOP('',(#779,#780,#781,#782));
#2701=EDGE_LOOP('',(#783,#784,#785,#786));
#2702=EDGE_LOOP('',(#787,#788,#789,#790));
#2703=EDGE_LOOP('',(#791,#792,#793,#794));
#2704=EDGE_LOOP('',(#795,#796,#797,#798,#799,#800,#801,#802));
#2705=EDGE_LOOP('',(#803,#804,#805,#806));
#2706=EDGE_LOOP('',(#807,#808,#809,#810));
#2707=EDGE_LOOP('',(#811,#812,#813,#814));
#2708=EDGE_LOOP('',(#815,#816,#817,#818));
#2709=EDGE_LOOP('',(#819,#820,#821,#822));
#2710=EDGE_LOOP('',(#823,#824,#825,#826));
#2711=EDGE_LOOP('',(#827,#828,#829,#830));
#2712=EDGE_LOOP('',(#831,#832,#833,#834));
#2713=EDGE_LOOP('',(#835,#836,#837,#838));
#2714=EDGE_LOOP('',(#839,#840,#841,#842));
#2715=EDGE_LOOP('',(#843,#844,#845,#846));
#2716=EDGE_LOOP('',(#847,#848,#849,#850));
#2717=EDGE_LOOP('',(#851,#852,#853,#854));
#2718=EDGE_LOOP('',(#855,#856,#857,#858,#859,#860));
#2719=EDGE_LOOP('',(#861,#862,#863,#864,#865,#866));
#2720=EDGE_LOOP('',(#867,#868,#869,#870,#871,#872));
#2721=EDGE_LOOP('',(#873,#874,#875,#876));
#2722=EDGE_LOOP('',(#877,#878,#879,#880));
#2723=EDGE_LOOP('',(#881,#882,#883,#884));
#2724=EDGE_LOOP('',(#885,#886,#887,#888));
#2725=EDGE_LOOP('',(#889,#890,#891,#892));
#2726=EDGE_LOOP('',(#893,#894,#895,#896));
#2727=EDGE_LOOP('',(#897,#898,#899,#900));
#2728=EDGE_LOOP('',(#901,#902,#903,#904));
#2729=EDGE_LOOP('',(#905,#906,#907,#908));
#2730=EDGE_LOOP('',(#909,#910,#911,#912));
#2731=EDGE_LOOP('',(#913,#914,#915,#916));
#2732=EDGE_LOOP('',(#917,#918,#919,#920,#921,#922));
#2733=EDGE_LOOP('',(#923,#924,#925,#926));
#2734=EDGE_LOOP('',(#927,#928,#929,#930));
#2735=EDGE_LOOP('',(#931,#932,#933,#934));
#2736=EDGE_LOOP('',(#935,#936,#937,#938));
#2737=EDGE_LOOP('',(#939,#940,#941,#942));
#2738=EDGE_LOOP('',(#943,#944,#945,#946));
#2739=EDGE_LOOP('',(#947,#948,#949,#950));
#2740=EDGE_LOOP('',(#951,#952,#953,#954));
#2741=EDGE_LOOP('',(#955,#956,#957,#958));
#2742=EDGE_LOOP('',(#959,#960,#961,#962));
#2743=EDGE_LOOP('',(#963,#964,#965,#966));
#2744=EDGE_LOOP('',(#967,#968,#969,#970));
#2745=EDGE_LOOP('',(#971,#972,#973,#974));
#2746=EDGE_LOOP('',(#975,#976,#977,#978,#979,#980,#981,#982,#983,#984,#985,
#986));
#2747=EDGE_LOOP('',(#987,#988,#989,#990));
#2748=EDGE_LOOP('',(#991,#992,#993,#994));
#2749=EDGE_LOOP('',(#995,#996,#997,#998));
#2750=EDGE_LOOP('',(#999,#1000,#1001,#1002));
#2751=EDGE_LOOP('',(#1003,#1004,#1005,#1006));
#2752=EDGE_LOOP('',(#1007,#1008,#1009,#1010));
#2753=EDGE_LOOP('',(#1011,#1012,#1013,#1014));
#2754=EDGE_LOOP('',(#1015,#1016,#1017,#1018));
#2755=EDGE_LOOP('',(#1019,#1020,#1021,#1022));
#2756=EDGE_LOOP('',(#1023,#1024,#1025,#1026));
#2757=EDGE_LOOP('',(#1027,#1028,#1029,#1030,#1031,#1032,#1033,#1034,#1035,
#1036));
#2758=EDGE_LOOP('',(#1037,#1038,#1039,#1040));
#2759=EDGE_LOOP('',(#1041,#1042,#1043,#1044));
#2760=EDGE_LOOP('',(#1045,#1046,#1047,#1048));
#2761=EDGE_LOOP('',(#1049,#1050,#1051,#1052));
#2762=EDGE_LOOP('',(#1053,#1054,#1055,#1056));
#2763=FACE_BOUND('',#2564,.T.);
#2764=FACE_BOUND('',#2565,.T.);
#2765=FACE_BOUND('',#2566,.T.);
#2766=FACE_BOUND('',#2567,.T.);
#2767=FACE_BOUND('',#2568,.T.);
#2768=FACE_BOUND('',#2569,.T.);
#2769=FACE_BOUND('',#2570,.T.);
#2770=FACE_BOUND('',#2571,.T.);
#2771=FACE_BOUND('',#2572,.T.);
#2772=FACE_BOUND('',#2573,.T.);
#2773=FACE_BOUND('',#2574,.T.);
#2774=FACE_BOUND('',#2575,.T.);
#2775=FACE_BOUND('',#2576,.T.);
#2776=FACE_BOUND('',#2577,.T.);
#2777=FACE_BOUND('',#2578,.T.);
#2778=FACE_BOUND('',#2579,.T.);
#2779=FACE_BOUND('',#2580,.T.);
#2780=FACE_BOUND('',#2581,.T.);
#2781=FACE_BOUND('',#2582,.T.);
#2782=FACE_BOUND('',#2583,.T.);
#2783=FACE_BOUND('',#2584,.T.);
#2784=FACE_BOUND('',#2585,.T.);
#2785=FACE_BOUND('',#2586,.T.);
#2786=FACE_BOUND('',#2587,.T.);
#2787=FACE_BOUND('',#2588,.T.);
#2788=FACE_BOUND('',#2589,.T.);
#2789=FACE_BOUND('',#2590,.T.);
#2790=FACE_BOUND('',#2591,.T.);
#2791=FACE_BOUND('',#2592,.T.);
#2792=FACE_BOUND('',#2593,.T.);
#2793=FACE_BOUND('',#2594,.T.);
#2794=FACE_BOUND('',#2595,.T.);
#2795=FACE_BOUND('',#2596,.T.);
#2796=FACE_BOUND('',#2597,.T.);
#2797=FACE_BOUND('',#2598,.T.);
#2798=FACE_BOUND('',#2599,.T.);
#2799=FACE_BOUND('',#2600,.T.);
#2800=FACE_BOUND('',#2601,.T.);
#2801=FACE_BOUND('',#2602,.T.);
#2802=FACE_BOUND('',#2603,.T.);
#2803=FACE_BOUND('',#2604,.T.);
#2804=FACE_BOUND('',#2605,.T.);
#2805=FACE_BOUND('',#2606,.T.);
#2806=FACE_BOUND('',#2607,.T.);
#2807=FACE_BOUND('',#2608,.T.);
#2808=FACE_BOUND('',#2609,.T.);
#2809=FACE_BOUND('',#2610,.T.);
#2810=FACE_BOUND('',#2611,.T.);
#2811=FACE_BOUND('',#2612,.T.);
#2812=FACE_BOUND('',#2613,.T.);
#2813=FACE_BOUND('',#2614,.T.);
#2814=FACE_BOUND('',#2615,.T.);
#2815=FACE_BOUND('',#2616,.T.);
#2816=FACE_BOUND('',#2617,.T.);
#2817=FACE_BOUND('',#2618,.T.);
#2818=FACE_BOUND('',#2619,.T.);
#2819=FACE_BOUND('',#2620,.T.);
#2820=FACE_BOUND('',#2621,.T.);
#2821=FACE_BOUND('',#2622,.T.);
#2822=FACE_BOUND('',#2623,.T.);
#2823=FACE_BOUND('',#2624,.T.);
#2824=FACE_BOUND('',#2625,.T.);
#2825=FACE_BOUND('',#2626,.T.);
#2826=FACE_BOUND('',#2627,.T.);
#2827=FACE_BOUND('',#2628,.T.);
#2828=FACE_BOUND('',#2629,.T.);
#2829=FACE_BOUND('',#2630,.T.);
#2830=FACE_BOUND('',#2631,.T.);
#2831=FACE_BOUND('',#2632,.T.);
#2832=FACE_BOUND('',#2633,.T.);
#2833=FACE_BOUND('',#2634,.T.);
#2834=FACE_BOUND('',#2635,.T.);
#2835=FACE_BOUND('',#2636,.T.);
#2836=FACE_BOUND('',#2637,.T.);
#2837=FACE_BOUND('',#2638,.T.);
#2838=FACE_BOUND('',#2639,.T.);
#2839=FACE_BOUND('',#2640,.T.);
#2840=FACE_BOUND('',#2641,.T.);
#2841=FACE_BOUND('',#2642,.T.);
#2842=FACE_BOUND('',#2643,.T.);
#2843=FACE_BOUND('',#2644,.T.);
#2844=FACE_BOUND('',#2645,.T.);
#2845=FACE_BOUND('',#2646,.T.);
#2846=FACE_BOUND('',#2647,.T.);
#2847=FACE_BOUND('',#2648,.T.);
#2848=FACE_BOUND('',#2649,.T.);
#2849=FACE_BOUND('',#2650,.T.);
#2850=FACE_BOUND('',#2651,.T.);
#2851=FACE_BOUND('',#2652,.T.);
#2852=FACE_BOUND('',#2653,.T.);
#2853=FACE_BOUND('',#2654,.T.);
#2854=FACE_BOUND('',#2655,.T.);
#2855=FACE_BOUND('',#2656,.T.);
#2856=FACE_BOUND('',#2657,.T.);
#2857=FACE_BOUND('',#2658,.T.);
#2858=FACE_BOUND('',#2659,.T.);
#2859=FACE_BOUND('',#2660,.T.);
#2860=FACE_BOUND('',#2661,.T.);
#2861=FACE_BOUND('',#2662,.T.);
#2862=FACE_BOUND('',#2663,.T.);
#2863=FACE_BOUND('',#2664,.T.);
#2864=FACE_BOUND('',#2665,.T.);
#2865=FACE_BOUND('',#2666,.T.);
#2866=FACE_BOUND('',#2667,.T.);
#2867=FACE_BOUND('',#2668,.T.);
#2868=FACE_BOUND('',#2669,.T.);
#2869=FACE_BOUND('',#2670,.T.);
#2870=FACE_BOUND('',#2671,.T.);
#2871=FACE_BOUND('',#2672,.T.);
#2872=FACE_BOUND('',#2673,.T.);
#2873=FACE_BOUND('',#2674,.T.);
#2874=FACE_BOUND('',#2675,.T.);
#2875=FACE_BOUND('',#2676,.T.);
#2876=FACE_BOUND('',#2677,.T.);
#2877=FACE_BOUND('',#2678,.T.);
#2878=FACE_BOUND('',#2679,.T.);
#2879=FACE_BOUND('',#2680,.T.);
#2880=FACE_BOUND('',#2681,.T.);
#2881=FACE_BOUND('',#2682,.T.);
#2882=FACE_BOUND('',#2683,.T.);
#2883=FACE_BOUND('',#2684,.T.);
#2884=FACE_BOUND('',#2685,.T.);
#2885=FACE_BOUND('',#2686,.T.);
#2886=FACE_BOUND('',#2687,.T.);
#2887=FACE_BOUND('',#2688,.T.);
#2888=FACE_BOUND('',#2689,.T.);
#2889=FACE_BOUND('',#2690,.T.);
#2890=FACE_BOUND('',#2691,.T.);
#2891=FACE_BOUND('',#2692,.T.);
#2892=FACE_BOUND('',#2693,.T.);
#2893=FACE_BOUND('',#2694,.T.);
#2894=FACE_BOUND('',#2695,.T.);
#2895=FACE_BOUND('',#2696,.T.);
#2896=FACE_BOUND('',#2697,.T.);
#2897=FACE_BOUND('',#2698,.T.);
#2898=FACE_BOUND('',#2699,.T.);
#2899=FACE_BOUND('',#2700,.T.);
#2900=FACE_BOUND('',#2701,.T.);
#2901=FACE_BOUND('',#2702,.T.);
#2902=FACE_BOUND('',#2703,.T.);
#2903=FACE_BOUND('',#2704,.T.);
#2904=FACE_BOUND('',#2705,.T.);
#2905=FACE_BOUND('',#2706,.T.);
#2906=FACE_BOUND('',#2707,.T.);
#2907=FACE_BOUND('',#2708,.T.);
#2908=FACE_BOUND('',#2709,.T.);
#2909=FACE_BOUND('',#2710,.T.);
#2910=FACE_BOUND('',#2711,.T.);
#2911=FACE_BOUND('',#2712,.T.);
#2912=FACE_BOUND('',#2713,.T.);
#2913=FACE_BOUND('',#2714,.T.);
#2914=FACE_BOUND('',#2715,.T.);
#2915=FACE_BOUND('',#2716,.T.);
#2916=FACE_BOUND('',#2717,.T.);
#2917=FACE_BOUND('',#2718,.T.);
#2918=FACE_BOUND('',#2719,.T.);
#2919=FACE_BOUND('',#2720,.T.);
#2920=FACE_BOUND('',#2721,.T.);
#2921=FACE_BOUND('',#2722,.T.);
#2922=FACE_BOUND('',#2723,.T.);
#2923=FACE_BOUND('',#2724,.T.);
#2924=FACE_BOUND('',#2725,.T.);
#2925=FACE_BOUND('',#2726,.T.);
#2926=FACE_BOUND('',#2727,.T.);
#2927=FACE_BOUND('',#2728,.T.);
#2928=FACE_BOUND('',#2729,.T.);
#2929=FACE_BOUND('',#2730,.T.);
#2930=FACE_BOUND('',#2731,.T.);
#2931=FACE_BOUND('',#2732,.T.);
#2932=FACE_BOUND('',#2733,.T.);
#2933=FACE_BOUND('',#2734,.T.);
#2934=FACE_BOUND('',#2735,.T.);
#2935=FACE_BOUND('',#2736,.T.);
#2936=FACE_BOUND('',#2737,.T.);
#2937=FACE_BOUND('',#2738,.T.);
#2938=FACE_BOUND('',#2739,.T.);
#2939=FACE_BOUND('',#2740,.T.);
#2940=FACE_BOUND('',#2741,.T.);
#2941=FACE_BOUND('',#2742,.T.);
#2942=FACE_BOUND('',#2743,.T.);
#2943=FACE_BOUND('',#2744,.T.);
#2944=FACE_BOUND('',#2745,.T.);
#2945=FACE_BOUND('',#2746,.T.);
#2946=FACE_BOUND('',#2747,.T.);
#2947=FACE_BOUND('',#2748,.T.);
#2948=FACE_BOUND('',#2749,.T.);
#2949=FACE_BOUND('',#2750,.T.);
#2950=FACE_BOUND('',#2751,.T.);
#2951=FACE_BOUND('',#2752,.T.);
#2952=FACE_BOUND('',#2753,.T.);
#2953=FACE_BOUND('',#2754,.T.);
#2954=FACE_BOUND('',#2755,.T.);
#2955=FACE_BOUND('',#2756,.T.);
#2956=FACE_BOUND('',#2757,.T.);
#2957=FACE_BOUND('',#2758,.T.);
#2958=FACE_BOUND('',#2759,.T.);
#2959=FACE_BOUND('',#2760,.T.);
#2960=FACE_BOUND('',#2761,.T.);
#2961=FACE_BOUND('',#2762,.T.);
#2962=PLANE('',#3275);
#2963=PLANE('',#3276);
#2964=PLANE('',#3285);
#2965=PLANE('',#3298);
#2966=PLANE('',#3299);
#2967=PLANE('',#3302);
#2968=PLANE('',#3306);
#2969=PLANE('',#3307);
#2970=PLANE('',#3310);
#2971=PLANE('',#3313);
#2972=PLANE('',#3314);
#2973=PLANE('',#3318);
#2974=PLANE('',#3322);
#2975=PLANE('',#3323);
#2976=PLANE('',#3324);
#2977=PLANE('',#3331);
#2978=PLANE('',#3334);
#2979=PLANE('',#3335);
#2980=PLANE('',#3336);
#2981=PLANE('',#3337);
#2982=PLANE('',#3342);
#2983=PLANE('',#3343);
#2984=PLANE('',#3347);
#2985=PLANE('',#3358);
#2986=PLANE('',#3359);
#2987=PLANE('',#3360);
#2988=PLANE('',#3361);
#2989=PLANE('',#3362);
#2990=PLANE('',#3363);
#2991=PLANE('',#3364);
#2992=PLANE('',#3365);
#2993=PLANE('',#3366);
#2994=PLANE('',#3367);
#2995=PLANE('',#3393);
#2996=PLANE('',#3394);
#2997=PLANE('',#3395);
#2998=PLANE('',#3396);
#2999=PLANE('',#3397);
#3000=PLANE('',#3398);
#3001=PLANE('',#3399);
#3002=PLANE('',#3400);
#3003=PLANE('',#3401);
#3004=PLANE('',#3406);
#3005=PLANE('',#3408);
#3006=PLANE('',#3410);
#3007=PLANE('',#3412);
#3008=PLANE('',#3414);
#3009=PLANE('',#3416);
#3010=PLANE('',#3417);
#3011=PLANE('',#3418);
#3012=PLANE('',#3419);
#3013=PLANE('',#3420);
#3014=PLANE('',#3421);
#3015=PLANE('',#3422);
#3016=PLANE('',#3423);
#3017=PLANE('',#3424);
#3018=PLANE('',#3425);
#3019=PLANE('',#3426);
#3020=PLANE('',#3427);
#3021=PLANE('',#3428);
#3022=PLANE('',#3429);
#3023=PLANE('',#3430);
#3024=PLANE('',#3431);
#3025=PLANE('',#3432);
#3026=PLANE('',#3433);
#3027=PLANE('',#3434);
#3028=PLANE('',#3435);
#3029=PLANE('',#3436);
#3030=PLANE('',#3437);
#3031=PLANE('',#3438);
#3032=PLANE('',#3439);
#3033=PLANE('',#3440);
#3034=PLANE('',#3441);
#3035=PLANE('',#3442);
#3036=PLANE('',#3443);
#3037=PLANE('',#3444);
#3038=PLANE('',#3445);
#3039=PLANE('',#3446);
#3040=PLANE('',#3447);
#3041=PLANE('',#3448);
#3042=PLANE('',#3449);
#3043=PLANE('',#3450);
#3044=PLANE('',#3451);
#3045=PLANE('',#3452);
#3046=PLANE('',#3453);
#3047=PLANE('',#3454);
#3048=PLANE('',#3455);
#3049=PLANE('',#3456);
#3050=PLANE('',#3457);
#3051=PLANE('',#3458);
#3052=PLANE('',#3459);
#3053=PLANE('',#3460);
#3054=PLANE('',#3461);
#3055=PLANE('',#3462);
#3056=PLANE('',#3463);
#3057=PLANE('',#3464);
#3058=PLANE('',#3465);
#3059=PLANE('',#3466);
#3060=PLANE('',#3467);
#3061=PLANE('',#3468);
#3062=PLANE('',#3469);
#3063=PLANE('',#3470);
#3064=PLANE('',#3471);
#3065=PLANE('',#3472);
#3066=PLANE('',#3473);
#3067=PLANE('',#3474);
#3068=PLANE('',#3475);
#3069=PLANE('',#3476);
#3070=PLANE('',#3477);
#3071=PLANE('',#3478);
#3072=PLANE('',#3479);
#3073=PLANE('',#3480);
#3074=PLANE('',#3481);
#3075=PLANE('',#3482);
#3076=PLANE('',#3483);
#3077=PLANE('',#3484);
#3078=PLANE('',#3485);
#3079=PLANE('',#3486);
#3080=PLANE('',#3487);
#3081=PLANE('',#3488);
#3082=PLANE('',#3489);
#3083=PLANE('',#3490);
#3084=PLANE('',#3491);
#3085=PLANE('',#3492);
#3086=PLANE('',#3493);
#3087=PLANE('',#3494);
#3088=PLANE('',#3495);
#3089=PLANE('',#3496);
#3090=PLANE('',#3497);
#3091=PLANE('',#3498);
#3092=ADVANCED_FACE('',(#2763),#2962,.F.);
#3093=ADVANCED_FACE('',(#2764,#2765,#2766,#2767),#2963,.F.);
#3094=ADVANCED_FACE('',(#2768),#25,.T.);
#3095=ADVANCED_FACE('',(#2769,#2770,#2771,#2772,#2773,#2774,#2775,#2776,
#2777,#2778),#2964,.T.);
#3096=ADVANCED_FACE('',(#2779),#18,.T.);
#3097=ADVANCED_FACE('',(#2780),#26,.F.);
#3098=ADVANCED_FACE('',(#2781),#27,.F.);
#3099=ADVANCED_FACE('',(#2782),#28,.F.);
#3100=ADVANCED_FACE('',(#2783),#2965,.F.);
#3101=ADVANCED_FACE('',(#2784),#2966,.T.);
#3102=ADVANCED_FACE('',(#2785),#29,.F.);
#3103=ADVANCED_FACE('',(#2786),#2967,.F.);
#3104=ADVANCED_FACE('',(#2787),#30,.T.);
#3105=ADVANCED_FACE('',(#2788),#2968,.F.);
#3106=ADVANCED_FACE('',(#2789,#2790),#2969,.T.);
#3107=ADVANCED_FACE('',(#2791),#2970,.T.);
#3108=ADVANCED_FACE('',(#2792),#2971,.F.);
#3109=ADVANCED_FACE('',(#2793),#2972,.T.);
#3110=ADVANCED_FACE('',(#2794),#31,.T.);
#3111=ADVANCED_FACE('',(#2795),#2973,.T.);
#3112=ADVANCED_FACE('',(#2796),#32,.T.);
#3113=ADVANCED_FACE('',(#2797),#2974,.T.);
#3114=ADVANCED_FACE('',(#2798),#2975,.F.);
#3115=ADVANCED_FACE('',(#2799),#2976,.F.);
#3116=ADVANCED_FACE('',(#2800,#2801),#33,.F.);
#3117=ADVANCED_FACE('',(#2802,#2803),#34,.F.);
#3118=ADVANCED_FACE('',(#2804,#2805,#2806),#2977,.T.);
#3119=ADVANCED_FACE('',(#2807,#2808,#2809),#2978,.F.);
#3120=ADVANCED_FACE('',(#2810),#2979,.T.);
#3121=ADVANCED_FACE('',(#2811),#2980,.T.);
#3122=ADVANCED_FACE('',(#2812),#2981,.F.);
#3123=ADVANCED_FACE('',(#2813),#35,.T.);
#3124=ADVANCED_FACE('',(#2814),#36,.T.);
#3125=ADVANCED_FACE('',(#2815),#2982,.F.);
#3126=ADVANCED_FACE('',(#2816),#2983,.T.);
#3127=ADVANCED_FACE('',(#2817,#2818),#37,.F.);
#3128=ADVANCED_FACE('',(#2819,#2820),#38,.F.);
#3129=ADVANCED_FACE('',(#2821,#2822),#2984,.T.);
#3130=ADVANCED_FACE('',(#2823),#12,.T.);
#3131=ADVANCED_FACE('',(#2824,#2825),#13,.T.);
#3132=ADVANCED_FACE('',(#2826),#14,.T.);
#3133=ADVANCED_FACE('',(#2827),#15,.T.);
#3134=ADVANCED_FACE('',(#2828),#16,.T.);
#3135=ADVANCED_FACE('',(#2829,#2830,#2831),#2985,.F.);
#3136=ADVANCED_FACE('',(#2832),#2986,.T.);
#3137=ADVANCED_FACE('',(#2833),#2987,.T.);
#3138=ADVANCED_FACE('',(#2834),#2988,.T.);
#3139=ADVANCED_FACE('',(#2835),#2989,.T.);
#3140=ADVANCED_FACE('',(#2836),#2990,.F.);
#3141=ADVANCED_FACE('',(#2837),#2991,.F.);
#3142=ADVANCED_FACE('',(#2838),#2992,.T.);
#3143=ADVANCED_FACE('',(#2839),#2993,.T.);
#3144=ADVANCED_FACE('',(#2840),#2994,.F.);
#3145=ADVANCED_FACE('',(#2841),#39,.T.);
#3146=ADVANCED_FACE('',(#2842),#19,.T.);
#3147=ADVANCED_FACE('',(#2843),#40,.T.);
#3148=ADVANCED_FACE('',(#2844),#20,.T.);
#3149=ADVANCED_FACE('',(#2845),#41,.T.);
#3150=ADVANCED_FACE('',(#2846),#42,.T.);
#3151=ADVANCED_FACE('',(#2847),#21,.T.);
#3152=ADVANCED_FACE('',(#2848),#43,.T.);
#3153=ADVANCED_FACE('',(#2849),#44,.T.);
#3154=ADVANCED_FACE('',(#2850),#22,.T.);
#3155=ADVANCED_FACE('',(#2851),#45,.T.);
#3156=ADVANCED_FACE('',(#2852),#23,.T.);
#3157=ADVANCED_FACE('',(#2853),#46,.T.);
#3158=ADVANCED_FACE('',(#2854),#47,.T.);
#3159=ADVANCED_FACE('',(#2855),#24,.T.);
#3160=ADVANCED_FACE('',(#2856),#2995,.T.);
#3161=ADVANCED_FACE('',(#2857),#2996,.F.);
#3162=ADVANCED_FACE('',(#2858),#2997,.T.);
#3163=ADVANCED_FACE('',(#2859),#2998,.F.);
#3164=ADVANCED_FACE('',(#2860),#2999,.F.);
#3165=ADVANCED_FACE('',(#2861),#3000,.F.);
#3166=ADVANCED_FACE('',(#2862),#3001,.F.);
#3167=ADVANCED_FACE('',(#2863),#3002,.F.);
#3168=ADVANCED_FACE('',(#2864,#2865),#3003,.T.);
#3169=ADVANCED_FACE('',(#2866),#3004,.T.);
#3170=ADVANCED_FACE('',(#2867),#3005,.F.);
#3171=ADVANCED_FACE('',(#2868),#48,.F.);
#3172=ADVANCED_FACE('',(#2869),#3006,.T.);
#3173=ADVANCED_FACE('',(#2870),#49,.F.);
#3174=ADVANCED_FACE('',(#2871),#3007,.T.);
#3175=ADVANCED_FACE('',(#2872),#50,.F.);
#3176=ADVANCED_FACE('',(#2873),#3008,.F.);
#3177=ADVANCED_FACE('',(#2874),#51,.F.);
#3178=ADVANCED_FACE('',(#2875),#3009,.F.);
#3179=ADVANCED_FACE('',(#2876),#17,.T.);
#3180=ADVANCED_FACE('',(#2877),#3010,.F.);
#3181=ADVANCED_FACE('',(#2878),#3011,.F.);
#3182=ADVANCED_FACE('',(#2879),#3012,.F.);
#3183=ADVANCED_FACE('',(#2880),#3013,.F.);
#3184=ADVANCED_FACE('',(#2881),#3014,.F.);
#3185=ADVANCED_FACE('',(#2882),#3015,.F.);
#3186=ADVANCED_FACE('',(#2883),#3016,.F.);
#3187=ADVANCED_FACE('',(#2884),#3017,.F.);
#3188=ADVANCED_FACE('',(#2885),#3018,.F.);
#3189=ADVANCED_FACE('',(#2886),#3019,.F.);
#3190=ADVANCED_FACE('',(#2887),#3020,.F.);
#3191=ADVANCED_FACE('',(#2888),#3021,.F.);
#3192=ADVANCED_FACE('',(#2889),#3022,.T.);
#3193=ADVANCED_FACE('',(#2890),#3023,.F.);
#3194=ADVANCED_FACE('',(#2891),#3024,.F.);
#3195=ADVANCED_FACE('',(#2892),#3025,.F.);
#3196=ADVANCED_FACE('',(#2893),#3026,.F.);
#3197=ADVANCED_FACE('',(#2894),#3027,.F.);
#3198=ADVANCED_FACE('',(#2895),#3028,.F.);
#3199=ADVANCED_FACE('',(#2896),#3029,.F.);
#3200=ADVANCED_FACE('',(#2897),#3030,.F.);
#3201=ADVANCED_FACE('',(#2898),#3031,.F.);
#3202=ADVANCED_FACE('',(#2899),#3032,.F.);
#3203=ADVANCED_FACE('',(#2900),#3033,.F.);
#3204=ADVANCED_FACE('',(#2901),#3034,.F.);
#3205=ADVANCED_FACE('',(#2902,#2903),#3035,.T.);
#3206=ADVANCED_FACE('',(#2904),#3036,.T.);
#3207=ADVANCED_FACE('',(#2905),#3037,.F.);
#3208=ADVANCED_FACE('',(#2906),#3038,.F.);
#3209=ADVANCED_FACE('',(#2907),#3039,.F.);
#3210=ADVANCED_FACE('',(#2908),#3040,.F.);
#3211=ADVANCED_FACE('',(#2909),#3041,.F.);
#3212=ADVANCED_FACE('',(#2910),#3042,.F.);
#3213=ADVANCED_FACE('',(#2911),#3043,.F.);
#3214=ADVANCED_FACE('',(#2912),#3044,.F.);
#3215=ADVANCED_FACE('',(#2913),#3045,.F.);
#3216=ADVANCED_FACE('',(#2914),#3046,.F.);
#3217=ADVANCED_FACE('',(#2915),#3047,.F.);
#3218=ADVANCED_FACE('',(#2916),#3048,.F.);
#3219=ADVANCED_FACE('',(#2917,#2918),#3049,.T.);
#3220=ADVANCED_FACE('',(#2919),#3050,.T.);
#3221=ADVANCED_FACE('',(#2920),#3051,.F.);
#3222=ADVANCED_FACE('',(#2921),#3052,.F.);
#3223=ADVANCED_FACE('',(#2922),#3053,.F.);
#3224=ADVANCED_FACE('',(#2923),#3054,.F.);
#3225=ADVANCED_FACE('',(#2924),#3055,.F.);
#3226=ADVANCED_FACE('',(#2925),#3056,.F.);
#3227=ADVANCED_FACE('',(#2926),#3057,.F.);
#3228=ADVANCED_FACE('',(#2927),#3058,.F.);
#3229=ADVANCED_FACE('',(#2928),#3059,.F.);
#3230=ADVANCED_FACE('',(#2929),#3060,.F.);
#3231=ADVANCED_FACE('',(#2930,#2931),#3061,.T.);
#3232=ADVANCED_FACE('',(#2932),#3062,.T.);
#3233=ADVANCED_FACE('',(#2933),#3063,.F.);
#3234=ADVANCED_FACE('',(#2934),#3064,.F.);
#3235=ADVANCED_FACE('',(#2935),#3065,.F.);
#3236=ADVANCED_FACE('',(#2936),#3066,.F.);
#3237=ADVANCED_FACE('',(#2937),#3067,.F.);
#3238=ADVANCED_FACE('',(#2938),#3068,.F.);
#3239=ADVANCED_FACE('',(#2939),#3069,.F.);
#3240=ADVANCED_FACE('',(#2940),#3070,.F.);
#3241=ADVANCED_FACE('',(#2941),#3071,.F.);
#3242=ADVANCED_FACE('',(#2942),#3072,.F.);
#3243=ADVANCED_FACE('',(#2943),#3073,.F.);
#3244=ADVANCED_FACE('',(#2944),#3074,.F.);
#3245=ADVANCED_FACE('',(#2945),#3075,.T.);
#3246=ADVANCED_FACE('',(#2946),#3076,.F.);
#3247=ADVANCED_FACE('',(#2947),#3077,.F.);
#3248=ADVANCED_FACE('',(#2948),#3078,.F.);
#3249=ADVANCED_FACE('',(#2949),#3079,.F.);
#3250=ADVANCED_FACE('',(#2950),#3080,.F.);
#3251=ADVANCED_FACE('',(#2951),#3081,.F.);
#3252=ADVANCED_FACE('',(#2952),#3082,.F.);
#3253=ADVANCED_FACE('',(#2953),#3083,.F.);
#3254=ADVANCED_FACE('',(#2954),#3084,.F.);
#3255=ADVANCED_FACE('',(#2955),#3085,.F.);
#3256=ADVANCED_FACE('',(#2956),#3086,.T.);
#3257=ADVANCED_FACE('',(#2957),#3087,.F.);
#3258=ADVANCED_FACE('',(#2958),#3088,.F.);
#3259=ADVANCED_FACE('',(#2959),#3089,.F.);
#3260=ADVANCED_FACE('',(#2960),#3090,.F.);
#3261=ADVANCED_FACE('',(#2961),#3091,.T.);
#3262=CLOSED_SHELL('',(#3092,#3093,#3094,#3095,#3096,#3097,#3098,#3099,
#3100,#3101,#3102,#3103,#3104,#3105,#3106,#3107,#3108,#3109,#3110,#3111,
#3112,#3113,#3114,#3115,#3116,#3117,#3118,#3119,#3120,#3121,#3122,#3123,
#3124,#3125,#3126,#3127,#3128,#3129,#3130,#3131,#3132,#3133,#3134,#3135,
#3136,#3137,#3138,#3139,#3140,#3141,#3142,#3143,#3144,#3145,#3146,#3147,
#3148,#3149,#3150,#3151,#3152,#3153,#3154,#3155,#3156,#3157,#3158,#3159,
#3160,#3161,#3162,#3163,#3164,#3165,#3166,#3167,#3168,#3169,#3170,#3171,
#3172,#3173,#3174,#3175,#3176,#3177,#3178,#3179,#3180,#3181,#3182,#3183,
#3184,#3185,#3186,#3187,#3188,#3189,#3190,#3191,#3192,#3193,#3194,#3195,
#3196,#3197,#3198,#3199,#3200,#3201,#3202,#3203,#3204,#3205,#3206,#3207,
#3208,#3209,#3210,#3211,#3212,#3213,#3214,#3215,#3216,#3217,#3218,#3219,
#3220,#3221,#3222,#3223,#3224,#3225,#3226,#3227,#3228,#3229,#3230,#3231,
#3232,#3233,#3234,#3235,#3236,#3237,#3238,#3239,#3240,#3241,#3242,#3243,
#3244,#3245,#3246,#3247,#3248,#3249,#3250,#3251,#3252,#3253,#3254,#3255,
#3256,#3257,#3258,#3259,#3260,#3261));
#3263=STYLED_ITEM('',(#3264),#3271);
#3264=PRESENTATION_STYLE_ASSIGNMENT((#3265));
#3265=SURFACE_STYLE_USAGE(.BOTH.,#3266);
#3266=SURFACE_SIDE_STYLE('',(#3267));
#3267=SURFACE_STYLE_FILL_AREA(#3268);
#3268=FILL_AREA_STYLE('',(#3269));
#3269=FILL_AREA_STYLE_COLOUR('',#3270);
#3270=COLOUR_RGB('',0.325490196078431,0.529411764705882,0.752941176470588);
#3271=MANIFOLD_SOLID_BREP('top',#3262);
#3272=SHAPE_DEFINITION_REPRESENTATION(#5726,#3273);
#3273=SHAPE_REPRESENTATION('top',(#3274),#5721);
#3274=AXIS2_PLACEMENT_3D('',#4321,#3499,#3500);
#3275=AXIS2_PLACEMENT_3D('',#4322,#3501,#3502);
#3276=AXIS2_PLACEMENT_3D('',#4342,#3510,#3511);
#3277=AXIS2_PLACEMENT_3D('',#4343,#3512,#3513);
#3278=AXIS2_PLACEMENT_3D('',#4345,#3514,#3515);
#3279=AXIS2_PLACEMENT_3D('',#4353,#3519,#3520);
#3280=AXIS2_PLACEMENT_3D('',#4359,#3523,#3524);
#3281=AXIS2_PLACEMENT_3D('',#4378,#3534,#3535);
#3282=AXIS2_PLACEMENT_3D('',#4380,#3536,#3537);
#3283=AXIS2_PLACEMENT_3D('',#4382,#3538,#3539);
#3284=AXIS2_PLACEMENT_3D('',#4388,#3540,#3541);
#3285=AXIS2_PLACEMENT_3D('',#4389,#3542,#3543);
#3286=AXIS2_PLACEMENT_3D('',#4525,#3611,#3612);
#3287=AXIS2_PLACEMENT_3D('',#4533,#3616,#3617);
#3288=AXIS2_PLACEMENT_3D('',#4537,#3619,#3620);
#3289=AXIS2_PLACEMENT_3D('',#4539,#3621,#3622);
#3290=AXIS2_PLACEMENT_3D('',#4540,#3623,#3624);
#3291=AXIS2_PLACEMENT_3D('',#4546,#3625,#3626);
#3292=AXIS2_PLACEMENT_3D('',#4547,#3627,#3628);
#3293=AXIS2_PLACEMENT_3D('',#4553,#3629,#3630);
#3294=AXIS2_PLACEMENT_3D('',#4556,#3632,#3633);
#3295=AXIS2_PLACEMENT_3D('',#4564,#3635,#3636);
#3296=AXIS2_PLACEMENT_3D('',#4565,#3637,#3638);
#3297=AXIS2_PLACEMENT_3D('',#4575,#3640,#3641);
#3298=AXIS2_PLACEMENT_3D('',#4578,#3643,#3644);
#3299=AXIS2_PLACEMENT_3D('',#4581,#3647,#3648);
#3300=AXIS2_PLACEMENT_3D('',#4587,#3652,#3653);
#3301=AXIS2_PLACEMENT_3D('',#4596,#3655,#3656);
#3302=AXIS2_PLACEMENT_3D('',#4597,#3657,#3658);
#3303=AXIS2_PLACEMENT_3D('',#4603,#3662,#3663);
#3304=AXIS2_PLACEMENT_3D('',#4604,#3664,#3665);
#3305=AXIS2_PLACEMENT_3D('',#4606,#3666,#3667);
#3306=AXIS2_PLACEMENT_3D('',#4616,#3669,#3670);
#3307=AXIS2_PLACEMENT_3D('',#4624,#3675,#3676);
#3308=AXIS2_PLACEMENT_3D('',#4637,#3678,#3679);
#3309=AXIS2_PLACEMENT_3D('',#4640,#3681,#3682);
#3310=AXIS2_PLACEMENT_3D('',#4642,#3683,#3684);
#3311=AXIS2_PLACEMENT_3D('',#4650,#3688,#3689);
#3312=AXIS2_PLACEMENT_3D('',#4671,#3700,#3701);
#3313=AXIS2_PLACEMENT_3D('',#4672,#3702,#3703);
#3314=AXIS2_PLACEMENT_3D('',#4690,#3711,#3712);
#3315=AXIS2_PLACEMENT_3D('',#4708,#3720,#3721);
#3316=AXIS2_PLACEMENT_3D('',#4712,#3723,#3724);
#3317=AXIS2_PLACEMENT_3D('',#4713,#3725,#3726);
#3318=AXIS2_PLACEMENT_3D('',#4714,#3727,#3728);
#3319=AXIS2_PLACEMENT_3D('',#4720,#3732,#3733);
#3320=AXIS2_PLACEMENT_3D('',#4721,#3734,#3735);
#3321=AXIS2_PLACEMENT_3D('',#4722,#3736,#3737);
#3322=AXIS2_PLACEMENT_3D('',#4723,#3738,#3739);
#3323=AXIS2_PLACEMENT_3D('',#4729,#3743,#3744);
#3324=AXIS2_PLACEMENT_3D('',#4735,#3748,#3749);
#3325=AXIS2_PLACEMENT_3D('',#4738,#3752,#3753);
#3326=AXIS2_PLACEMENT_3D('',#4739,#3754,#3755);
#3327=AXIS2_PLACEMENT_3D('',#4741,#3756,#3757);
#3328=AXIS2_PLACEMENT_3D('',#4743,#3758,#3759);
#3329=AXIS2_PLACEMENT_3D('',#4744,#3760,#3761);
#3330=AXIS2_PLACEMENT_3D('',#4746,#3762,#3763);
#3331=AXIS2_PLACEMENT_3D('',#4748,#3764,#3765);
#3332=AXIS2_PLACEMENT_3D('',#4749,#3766,#3767);
#3333=AXIS2_PLACEMENT_3D('',#4760,#3773,#3774);
#3334=AXIS2_PLACEMENT_3D('',#4763,#3776,#3777);
#3335=AXIS2_PLACEMENT_3D('',#4764,#3778,#3779);
#3336=AXIS2_PLACEMENT_3D('',#4766,#3781,#3782);
#3337=AXIS2_PLACEMENT_3D('',#4768,#3784,#3785);
#3338=AXIS2_PLACEMENT_3D('',#4769,#3786,#3787);
#3339=AXIS2_PLACEMENT_3D('',#4770,#3788,#3789);
#3340=AXIS2_PLACEMENT_3D('',#4771,#3790,#3791);
#3341=AXIS2_PLACEMENT_3D('',#4772,#3792,#3793);
#3342=AXIS2_PLACEMENT_3D('',#4773,#3794,#3795);
#3343=AXIS2_PLACEMENT_3D('',#4779,#3799,#3800);
#3344=AXIS2_PLACEMENT_3D('',#4785,#3804,#3805);
#3345=AXIS2_PLACEMENT_3D('',#4786,#3806,#3807);
#3346=AXIS2_PLACEMENT_3D('',#4788,#3808,#3809);
#3347=AXIS2_PLACEMENT_3D('',#4789,#3810,#3811);
#3348=AXIS2_PLACEMENT_3D('',#4800,#3812,#3813);
#3349=AXIS2_PLACEMENT_3D('',#4823,#3815,#3816);
#3350=AXIS2_PLACEMENT_3D('',#4906,#3818,#3819);
#3351=AXIS2_PLACEMENT_3D('',#4908,#3820,#3821);
#3352=AXIS2_PLACEMENT_3D('',#4931,#3823,#3824);
#3353=AXIS2_PLACEMENT_3D('',#5077,#3825,#3826);
#3354=AXIS2_PLACEMENT_3D('',#5079,#3827,#3828);
#3355=AXIS2_PLACEMENT_3D('',#5231,#3829,#3830);
#3356=AXIS2_PLACEMENT_3D('',#5233,#3831,#3832);
#3357=AXIS2_PLACEMENT_3D('',#5235,#3833,#3834);
#3358=AXIS2_PLACEMENT_3D('',#5236,#3835,#3836);
#3359=AXIS2_PLACEMENT_3D('',#5253,#3845,#3846);
#3360=AXIS2_PLACEMENT_3D('',#5259,#3850,#3851);
#3361=AXIS2_PLACEMENT_3D('',#5263,#3854,#3855);
#3362=AXIS2_PLACEMENT_3D('',#5267,#3858,#3859);
#3363=AXIS2_PLACEMENT_3D('',#5273,#3863,#3864);
#3364=AXIS2_PLACEMENT_3D('',#5277,#3867,#3868);
#3365=AXIS2_PLACEMENT_3D('',#5281,#3871,#3872);
#3366=AXIS2_PLACEMENT_3D('',#5283,#3874,#3875);
#3367=AXIS2_PLACEMENT_3D('',#5285,#3877,#3878);
#3368=AXIS2_PLACEMENT_3D('',#5286,#3879,#3880);
#3369=AXIS2_PLACEMENT_3D('',#5287,#3881,#3882);
#3370=AXIS2_PLACEMENT_3D('',#5288,#3883,#3884);
#3371=AXIS2_PLACEMENT_3D('',#5289,#3885,#3886);
#3372=AXIS2_PLACEMENT_3D('',#5290,#3887,#3888);
#3373=AXIS2_PLACEMENT_3D('',#5291,#3889,#3890);
#3374=AXIS2_PLACEMENT_3D('',#5292,#3891,#3892);
#3375=AXIS2_PLACEMENT_3D('',#5293,#3893,#3894);
#3376=AXIS2_PLACEMENT_3D('',#5294,#3895,#3896);
#3377=AXIS2_PLACEMENT_3D('',#5295,#3897,#3898);
#3378=AXIS2_PLACEMENT_3D('',#5296,#3899,#3900);
#3379=AXIS2_PLACEMENT_3D('',#5297,#3901,#3902);
#3380=AXIS2_PLACEMENT_3D('',#5303,#3903,#3904);
#3381=AXIS2_PLACEMENT_3D('',#5309,#3905,#3906);
#3382=AXIS2_PLACEMENT_3D('',#5315,#3907,#3908);
#3383=AXIS2_PLACEMENT_3D('',#5316,#3909,#3910);
#3384=AXIS2_PLACEMENT_3D('',#5317,#3911,#3912);
#3385=AXIS2_PLACEMENT_3D('',#5318,#3913,#3914);
#3386=AXIS2_PLACEMENT_3D('',#5319,#3915,#3916);
#3387=AXIS2_PLACEMENT_3D('',#5320,#3917,#3918);
#3388=AXIS2_PLACEMENT_3D('',#5321,#3919,#3920);
#3389=AXIS2_PLACEMENT_3D('',#5322,#3921,#3922);
#3390=AXIS2_PLACEMENT_3D('',#5323,#3923,#3924);
#3391=AXIS2_PLACEMENT_3D('',#5324,#3925,#3926);
#3392=AXIS2_PLACEMENT_3D('',#5325,#3927,#3928);
#3393=AXIS2_PLACEMENT_3D('',#5326,#3929,#3930);
#3394=AXIS2_PLACEMENT_3D('',#5329,#3933,#3934);
#3395=AXIS2_PLACEMENT_3D('',#5331,#3936,#3937);
#3396=AXIS2_PLACEMENT_3D('',#5333,#3939,#3940);
#3397=AXIS2_PLACEMENT_3D('',#5334,#3941,#3942);
#3398=AXIS2_PLACEMENT_3D('',#5337,#3945,#3946);
#3399=AXIS2_PLACEMENT_3D('',#5339,#3948,#3949);
#3400=AXIS2_PLACEMENT_3D('',#5341,#3951,#3952);
#3401=AXIS2_PLACEMENT_3D('',#5342,#3953,#3954);
#3402=AXIS2_PLACEMENT_3D('',#5346,#3956,#3957);
#3403=AXIS2_PLACEMENT_3D('',#5350,#3959,#3960);
#3404=AXIS2_PLACEMENT_3D('',#5354,#3962,#3963);
#3405=AXIS2_PLACEMENT_3D('',#5358,#3965,#3966);
#3406=AXIS2_PLACEMENT_3D('',#5360,#3968,#3969);
#3407=AXIS2_PLACEMENT_3D('',#5361,#3970,#3971);
#3408=AXIS2_PLACEMENT_3D('',#5362,#3972,#3973);
#3409=AXIS2_PLACEMENT_3D('',#5365,#3976,#3977);
#3410=AXIS2_PLACEMENT_3D('',#5367,#3979,#3980);
#3411=AXIS2_PLACEMENT_3D('',#5369,#3982,#3983);
#3412=AXIS2_PLACEMENT_3D('',#5371,#3985,#3986);
#3413=AXIS2_PLACEMENT_3D('',#5373,#3988,#3989);
#3414=AXIS2_PLACEMENT_3D('',#5375,#3991,#3992);
#3415=AXIS2_PLACEMENT_3D('',#5377,#3994,#3995);
#3416=AXIS2_PLACEMENT_3D('',#5378,#3996,#3997);
#3417=AXIS2_PLACEMENT_3D('',#5394,#3999,#4000);
#3418=AXIS2_PLACEMENT_3D('',#5400,#4004,#4005);
#3419=AXIS2_PLACEMENT_3D('',#5404,#4008,#4009);
#3420=AXIS2_PLACEMENT_3D('',#5408,#4012,#4013);
#3421=AXIS2_PLACEMENT_3D('',#5412,#4016,#4017);
#3422=AXIS2_PLACEMENT_3D('',#5416,#4020,#4021);
#3423=AXIS2_PLACEMENT_3D('',#5420,#4024,#4025);
#3424=AXIS2_PLACEMENT_3D('',#5424,#4028,#4029);
#3425=AXIS2_PLACEMENT_3D('',#5428,#4032,#4033);
#3426=AXIS2_PLACEMENT_3D('',#5432,#4036,#4037);
#3427=AXIS2_PLACEMENT_3D('',#5436,#4040,#4041);
#3428=AXIS2_PLACEMENT_3D('',#5440,#4044,#4045);
#3429=AXIS2_PLACEMENT_3D('',#5442,#4047,#4048);
#3430=AXIS2_PLACEMENT_3D('',#5443,#4049,#4050);
#3431=AXIS2_PLACEMENT_3D('',#5449,#4054,#4055);
#3432=AXIS2_PLACEMENT_3D('',#5453,#4058,#4059);
#3433=AXIS2_PLACEMENT_3D('',#5457,#4062,#4063);
#3434=AXIS2_PLACEMENT_3D('',#5461,#4066,#4067);
#3435=AXIS2_PLACEMENT_3D('',#5465,#4070,#4071);
#3436=AXIS2_PLACEMENT_3D('',#5469,#4074,#4075);
#3437=AXIS2_PLACEMENT_3D('',#5473,#4078,#4079);
#3438=AXIS2_PLACEMENT_3D('',#5482,#4084,#4085);
#3439=AXIS2_PLACEMENT_3D('',#5488,#4089,#4090);
#3440=AXIS2_PLACEMENT_3D('',#5494,#4094,#4095);
#3441=AXIS2_PLACEMENT_3D('',#5497,#4098,#4099);
#3442=AXIS2_PLACEMENT_3D('',#5499,#4101,#4102);
#3443=AXIS2_PLACEMENT_3D('',#5500,#4103,#4104);
#3444=AXIS2_PLACEMENT_3D('',#5501,#4105,#4106);
#3445=AXIS2_PLACEMENT_3D('',#5507,#4110,#4111);
#3446=AXIS2_PLACEMENT_3D('',#5511,#4114,#4115);
#3447=AXIS2_PLACEMENT_3D('',#5515,#4118,#4119);
#3448=AXIS2_PLACEMENT_3D('',#5519,#4122,#4123);
#3449=AXIS2_PLACEMENT_3D('',#5523,#4126,#4127);
#3450=AXIS2_PLACEMENT_3D('',#5532,#4132,#4133);
#3451=AXIS2_PLACEMENT_3D('',#5538,#4137,#4138);
#3452=AXIS2_PLACEMENT_3D('',#5544,#4142,#4143);
#3453=AXIS2_PLACEMENT_3D('',#5550,#4147,#4148);
#3454=AXIS2_PLACEMENT_3D('',#5556,#4152,#4153);
#3455=AXIS2_PLACEMENT_3D('',#5559,#4156,#4157);
#3456=AXIS2_PLACEMENT_3D('',#5561,#4159,#4160);
#3457=AXIS2_PLACEMENT_3D('',#5562,#4161,#4162);
#3458=AXIS2_PLACEMENT_3D('',#5563,#4163,#4164);
#3459=AXIS2_PLACEMENT_3D('',#5569,#4168,#4169);
#3460=AXIS2_PLACEMENT_3D('',#5573,#4172,#4173);
#3461=AXIS2_PLACEMENT_3D('',#5577,#4176,#4177);
#3462=AXIS2_PLACEMENT_3D('',#5581,#4180,#4181);
#3463=AXIS2_PLACEMENT_3D('',#5585,#4184,#4185);
#3464=AXIS2_PLACEMENT_3D('',#5594,#4190,#4191);
#3465=AXIS2_PLACEMENT_3D('',#5600,#4195,#4196);
#3466=AXIS2_PLACEMENT_3D('',#5606,#4200,#4201);
#3467=AXIS2_PLACEMENT_3D('',#5609,#4204,#4205);
#3468=AXIS2_PLACEMENT_3D('',#5611,#4207,#4208);
#3469=AXIS2_PLACEMENT_3D('',#5612,#4209,#4210);
#3470=AXIS2_PLACEMENT_3D('',#5613,#4211,#4212);
#3471=AXIS2_PLACEMENT_3D('',#5619,#4216,#4217);
#3472=AXIS2_PLACEMENT_3D('',#5623,#4220,#4221);
#3473=AXIS2_PLACEMENT_3D('',#5627,#4224,#4225);
#3474=AXIS2_PLACEMENT_3D('',#5631,#4228,#4229);
#3475=AXIS2_PLACEMENT_3D('',#5635,#4232,#4233);
#3476=AXIS2_PLACEMENT_3D('',#5639,#4236,#4237);
#3477=AXIS2_PLACEMENT_3D('',#5643,#4240,#4241);
#3478=AXIS2_PLACEMENT_3D('',#5647,#4244,#4245);
#3479=AXIS2_PLACEMENT_3D('',#5651,#4248,#4249);
#3480=AXIS2_PLACEMENT_3D('',#5655,#4252,#4253);
#3481=AXIS2_PLACEMENT_3D('',#5659,#4256,#4257);
#3482=AXIS2_PLACEMENT_3D('',#5661,#4259,#4260);
#3483=AXIS2_PLACEMENT_3D('',#5662,#4261,#4262);
#3484=AXIS2_PLACEMENT_3D('',#5668,#4266,#4267);
#3485=AXIS2_PLACEMENT_3D('',#5672,#4270,#4271);
#3486=AXIS2_PLACEMENT_3D('',#5676,#4274,#4275);
#3487=AXIS2_PLACEMENT_3D('',#5680,#4278,#4279);
#3488=AXIS2_PLACEMENT_3D('',#5684,#4282,#4283);
#3489=AXIS2_PLACEMENT_3D('',#5688,#4286,#4287);
#3490=AXIS2_PLACEMENT_3D('',#5692,#4290,#4291);
#3491=AXIS2_PLACEMENT_3D('',#5696,#4294,#4295);
#3492=AXIS2_PLACEMENT_3D('',#5700,#4298,#4299);
#3493=AXIS2_PLACEMENT_3D('',#5702,#4301,#4302);
#3494=AXIS2_PLACEMENT_3D('',#5703,#4303,#4304);
#3495=AXIS2_PLACEMENT_3D('',#5709,#4308,#4309);
#3496=AXIS2_PLACEMENT_3D('',#5713,#4312,#4313);
#3497=AXIS2_PLACEMENT_3D('',#5717,#4316,#4317);
#3498=AXIS2_PLACEMENT_3D('',#5719,#4319,#4320);
#3499=DIRECTION('',(0.,0.,1.));
#3500=DIRECTION('',(1.,0.,0.));
#3501=DIRECTION('',(1.,-3.39310215349987E-16,0.));
#3502=DIRECTION('',(3.39310215349987E-16,1.,0.));
#3503=DIRECTION('',(0.,0.,-1.));
#3504=DIRECTION('',(5.19738783087776E-8,0.560377341756424,0.828237426615099));
#3505=DIRECTION('',(-3.39310215349987E-16,-1.,0.));
#3506=DIRECTION('',(5.2368006952708E-8,-0.550980493462724,0.834518121926403));
#3507=DIRECTION('',(-3.39310215349987E-16,-1.,0.));
#3508=DIRECTION('',(0.,0.,-1.));
#3509=DIRECTION('',(-3.39310215349987E-16,-1.,0.));
#3510=DIRECTION('',(0.,0.,1.));
#3511=DIRECTION('',(1.,0.,0.));
#3512=DIRECTION('',(0.,0.,1.));
#3513=DIRECTION('',(-1.35758779481024E-15,1.,0.));
#3514=DIRECTION('',(0.,0.,1.));
#3515=DIRECTION('',(1.,0.,0.));
#3516=DIRECTION('',(-1.,0.,0.));
#3517=DIRECTION('',(-2.16840434497101E-17,-1.,0.));
#3518=DIRECTION('',(-1.,0.,0.));
#3519=DIRECTION('',(0.,0.,1.));
#3520=DIRECTION('',(1.,0.,0.));
#3521=DIRECTION('',(-3.39310215349987E-16,-1.,0.));
#3522=DIRECTION('',(1.,8.67361737988403E-16,0.));
#3523=DIRECTION('',(0.,0.,1.));
#3524=DIRECTION('',(-1.35758779481024E-15,1.,0.));
#3525=DIRECTION('',(-1.,3.39310215349987E-16,0.));
#3526=DIRECTION('',(-3.39310215349987E-16,-1.,0.));
#3527=DIRECTION('',(-1.,3.39310215349987E-16,0.));
#3528=DIRECTION('',(0.,-1.,0.));
#3529=DIRECTION('',(-1.,-1.21415466385078E-16,0.));
#3530=DIRECTION('',(-1.,-1.21415466385078E-16,0.));
#3531=DIRECTION('',(0.,-1.,0.));
#3532=DIRECTION('',(-1.,0.,0.));
#3533=DIRECTION('',(-1.,0.,0.));
#3534=DIRECTION('',(0.,0.,1.));
#3535=DIRECTION('',(1.,0.,0.));
#3536=DIRECTION('',(0.,0.,1.));
#3537=DIRECTION('',(1.,0.,0.));
#3538=DIRECTION('',(-2.30444372236234E-5,0.586137957454316,0.810211265226691));
#3539=DIRECTION('',(0.,-0.810211265441821,0.586137957609949));
#3540=DIRECTION('',(0.,0.,1.));
#3541=DIRECTION('',(1.,0.,0.));
#3542=DIRECTION('',(0.,0.,1.));
#3543=DIRECTION('',(1.,0.,0.));
#3544=DIRECTION('',(0.891498950929237,-0.453022759353292,0.));
#3545=DIRECTION('',(-0.456933945517521,-0.889500629248677,0.));
#3546=DIRECTION('',(-0.889431281814892,0.45706891704547,0.));
#3547=DIRECTION('',(0.473250060112372,0.880928135890571,0.));
#3548=DIRECTION('',(0.994269197675524,-0.10690539066703,0.));
#3549=DIRECTION('',(-0.120862123518578,-0.992669303997348,0.));
#3550=DIRECTION('',(-0.994655808707167,0.103246414974522,0.));
#3551=DIRECTION('',(-0.107313207936418,-0.994225263912759,0.));
#3552=DIRECTION('',(0.994675384407994,-0.103057652082753,0.));
#3553=DIRECTION('',(-0.142485254202105,-0.989796924795668,0.));
#3554=DIRECTION('',(-0.993006260085075,0.118061710269897,0.));
#3555=DIRECTION('',(-0.104109528756339,-0.994565837952487,0.));
#3556=DIRECTION('',(-0.993978808873308,0.109572476064021,0.));
#3557=DIRECTION('',(0.0987845519722644,0.995108844444485,0.));
#3558=DIRECTION('',(0.17236995685162,-0.985032282707004,0.));
#3559=DIRECTION('',(0.981770692849901,0.190069215448019,0.));
#3560=DIRECTION('',(0.21215117889694,-0.977236858337137,0.));
#3561=DIRECTION('',(-0.980564706870913,-0.196195962341636,0.));
#3562=DIRECTION('',(-0.173089889562782,0.984906031117255,0.));
#3563=DIRECTION('',(0.978956091552487,0.204070994539349,0.));
#3564=DIRECTION('',(-0.190255081934582,0.981734691145253,0.));
#3565=DIRECTION('',(-0.981703379128475,-0.190416583856903,0.));
#3566=DIRECTION('',(-0.19007926426855,0.981768747361173,0.));
#3567=DIRECTION('',(0.981734918698277,0.190253907735132,0.));
#3568=DIRECTION('',(0.216852123235891,-0.976204464570864,0.));
#3569=DIRECTION('',(-0.974236860287739,-0.225527249033654,0.));
#3570=DIRECTION('',(-0.96682959363588,0.255422271679429,0.));
#3571=DIRECTION('',(0.307718372822646,0.95147748424615,0.));
#3572=DIRECTION('',(0.957444698279783,-0.288616786996071,0.));
#3573=DIRECTION('',(-0.274326070869193,-0.961636733304979,0.));
#3574=DIRECTION('',(-0.948072360226479,0.318054711920125,0.));
#3575=DIRECTION('',(0.272741275534993,0.962087416308697,0.));
#3576=DIRECTION('',(0.151428470603345,-0.988468218149037,0.));
#3577=DIRECTION('',(-0.982457797444589,-0.186485056345883,0.));
#3578=DIRECTION('',(-0.872631680921367,0.488378899474936,0.));
#3579=DIRECTION('',(-0.138165490228556,0.99040915651558,0.));
#3580=DIRECTION('',(0.575935991914734,0.817494790941931,0.));
#3581=DIRECTION('',(0.984893211491768,0.173162819211953,0.));
#3582=DIRECTION('',(0.746725596905656,0.665132229655045,0.));
#3583=DIRECTION('',(0.665897465919777,-0.746043272794293,0.));
#3584=DIRECTION('',(0.764677227974582,0.644413482957262,0.));
#3585=DIRECTION('',(-0.633919221367244,0.773399263499227,0.));
#3586=DIRECTION('',(0.756380198315089,0.654132246259751,0.));
#3587=DIRECTION('',(0.634337461266121,-0.773056262657805,0.));
#3588=DIRECTION('',(-0.771415974882434,-0.636331198116346,0.));
#3589=DIRECTION('',(-0.656883799893148,0.753991825842919,0.));
#3590=DIRECTION('',(0.705078435671034,-0.709129324983594,0.));
#3591=DIRECTION('',(-0.691309125112185,-0.722559128055708,0.));
#3592=DIRECTION('',(-0.698433574369254,0.715674885820222,0.));
#3593=DIRECTION('',(-0.702710380610971,-0.711476015745847,0.));
#3594=DIRECTION('',(0.694117945111113,-0.719861290996207,0.));
#3595=DIRECTION('',(-0.716444729730053,-0.697643855589678,0.));
#3596=DIRECTION('',(-0.673042096250958,0.739604175673797,0.));
#3597=DIRECTION('',(0.707601420165272,0.706611795953118,0.));
#3598=DIRECTION('',(0.683671585854797,-0.729789807201215,0.));
#3599=DIRECTION('',(0.745388454937902,0.666630370779255,0.));
#3600=DIRECTION('',(-0.689955210843443,0.723852061563674,0.));
#3601=DIRECTION('',(0.717343801941617,0.696719362308775,0.));
#3602=DIRECTION('',(1.,1.897222063493E-17,0.));
#3603=DIRECTION('',(0.,-1.,0.));
#3604=DIRECTION('',(-1.,0.,0.));
#3605=DIRECTION('',(0.,1.,0.));
#3606=DIRECTION('',(-1.,0.,0.));
#3607=DIRECTION('',(0.,1.,0.));
#3608=DIRECTION('',(1.,0.,0.));
#3609=DIRECTION('',(0.,-1.,0.));
#3610=DIRECTION('',(1.,8.67361737988403E-16,0.));
#3611=DIRECTION('',(0.,0.,1.));
#3612=DIRECTION('',(1.,0.,0.));
#3613=DIRECTION('',(-1.,0.,0.));
#3614=DIRECTION('',(2.16840434497101E-17,1.,0.));
#3615=DIRECTION('',(-1.,0.,0.));
#3616=DIRECTION('',(0.,0.,1.));
#3617=DIRECTION('',(1.,0.,0.));
#3618=DIRECTION('',(-3.39310215349987E-16,-1.,0.));
#3619=DIRECTION('',(0.,0.,1.));
#3620=DIRECTION('',(1.,0.,0.));
#3621=DIRECTION('',(0.,0.,1.));
#3622=DIRECTION('',(-1.35758779481024E-15,1.,0.));
#3623=DIRECTION('',(0.,0.,1.));
#3624=DIRECTION('',(1.,0.,0.));
#3625=DIRECTION('',(-0.00156141138871581,0.999997561991694,0.00156141126648285));
#3626=DIRECTION('',(-0.999998780993523,-0.00156141329208379,0.));
#3627=DIRECTION('',(-1.,3.39310215349987E-16,0.));
#3628=DIRECTION('',(-3.39310215349987E-16,-1.,0.));
#3629=DIRECTION('',(-1.,3.39310215349987E-16,0.));
#3630=DIRECTION('',(-3.39310215349987E-16,-1.,0.));
#3631=DIRECTION('',(-1.,3.39310215349987E-16,0.));
#3632=DIRECTION('',(-1.,3.39310215349987E-16,0.));
#3633=DIRECTION('',(-3.39310215349987E-16,-1.,0.));
#3634=DIRECTION('',(-1.,3.39310215349987E-16,0.));
#3635=DIRECTION('',(-1.,3.39310215349987E-16,0.));
#3636=DIRECTION('',(-3.39310215349987E-16,-1.,0.));
#3637=DIRECTION('',(-1.,3.39310215349987E-16,0.));
#3638=DIRECTION('',(-3.39310215349987E-16,-1.,0.));
#3639=DIRECTION('',(-1.,3.39310215349987E-16,0.));
#3640=DIRECTION('',(-1.,3.39310215349987E-16,0.));
#3641=DIRECTION('',(-3.39310215349987E-16,-1.,0.));
#3642=DIRECTION('',(-1.,3.39310215349987E-16,0.));
#3643=DIRECTION('',(3.39310215349987E-16,1.,1.56563490611625E-16));
#3644=DIRECTION('',(-1.,3.39310215349987E-16,0.));
#3645=DIRECTION('',(0.,0.,-1.));
#3646=DIRECTION('',(5.31235917153762E-32,1.56563490611625E-16,-1.));
#3647=DIRECTION('',(3.39310215349987E-16,1.,0.));
#3648=DIRECTION('',(-1.,3.39310215349987E-16,0.));
#3649=DIRECTION('',(0.,0.,-1.));
#3650=DIRECTION('',(-1.,3.39310215349987E-16,0.));
#3651=DIRECTION('',(0.,0.,-1.));
#3652=DIRECTION('',(-1.,3.39310215349987E-16,0.));
#3653=DIRECTION('',(-3.39310215349987E-16,-1.,0.));
#3654=DIRECTION('',(-1.,3.39310215349987E-16,0.));
#3655=DIRECTION('',(-1.,3.39310215349987E-16,0.));
#3656=DIRECTION('',(-3.39310215349987E-16,-1.,0.));
#3657=DIRECTION('',(1.,-3.39310215349987E-16,0.));
#3658=DIRECTION('',(3.39310215349987E-16,1.,0.));
#3659=DIRECTION('',(-3.39310215349987E-16,-1.,0.));
#3660=DIRECTION('',(0.,0.,-1.));
#3661=DIRECTION('',(0.,0.,-1.));
#3662=DIRECTION('',(3.39310215349987E-16,1.,0.));
#3663=DIRECTION('',(-1.,3.39310215349987E-16,0.));
#3664=DIRECTION('',(8.67361737988403E-16,-1.,0.));
#3665=DIRECTION('',(1.,8.67361737988403E-16,0.));
#3666=DIRECTION('',(0.,1.,0.));
#3667=DIRECTION('',(0.,0.,1.));
#3668=DIRECTION('',(-3.39310215349987E-16,-1.,0.));
#3669=DIRECTION('',(1.,0.,0.));
#3670=DIRECTION('',(0.,0.,-1.));
#3671=DIRECTION('',(0.,-1.,0.));
#3672=DIRECTION('',(0.,2.67085896305282E-8,-1.));
#3673=DIRECTION('',(0.,0.,-1.));
#3674=DIRECTION('',(0.,0.,-1.));
#3675=DIRECTION('',(0.,0.,1.));
#3676=DIRECTION('',(1.,0.,0.));
#3677=DIRECTION('',(-1.,0.,0.));
#3678=DIRECTION('',(0.,0.,1.));
#3679=DIRECTION('',(1.,0.,0.));
#3680=DIRECTION('',(-3.39310215349987E-16,-1.,0.));
#3681=DIRECTION('',(0.,0.,1.));
#3682=DIRECTION('',(1.,0.,0.));
#3683=DIRECTION('',(1.,-2.16840434497101E-17,0.));
#3684=DIRECTION('',(2.16840434497101E-17,1.,0.));
#3685=DIRECTION('',(0.,0.,-1.));
#3686=DIRECTION('',(-2.16840434497101E-17,-1.,0.));
#3687=DIRECTION('',(0.,0.,-1.));
#3688=DIRECTION('',(1.,-2.16840434497101E-17,0.));
#3689=DIRECTION('',(2.16840434497101E-17,1.,0.));
#3690=DIRECTION('',(-2.16840434497101E-17,-1.,0.));
#3691=DIRECTION('',(1.53329341668338E-17,0.707106781186548,-0.707106781186547));
#3692=DIRECTION('',(0.,0.,-1.));
#3693=DIRECTION('',(-2.16840434497101E-17,-1.,0.));
#3694=DIRECTION('',(0.,0.,-1.));
#3695=DIRECTION('',(0.,0.,-1.));
#3696=DIRECTION('',(-6.50521303491302E-17,1.,0.));
#3697=DIRECTION('',(0.,0.,-1.));
#3698=DIRECTION('',(-1.53329341668338E-17,-0.707106781186547,-0.707106781186548));
#3699=DIRECTION('',(-6.50521303491302E-17,1.,0.));
#3700=DIRECTION('',(1.,-2.16840434497101E-17,0.));
#3701=DIRECTION('',(2.16840434497101E-17,1.,0.));
#3702=DIRECTION('',(0.,-1.,0.));
#3703=DIRECTION('',(0.,0.,-1.));
#3704=DIRECTION('',(0.,0.,-1.));
#3705=DIRECTION('',(-1.,0.,0.));
#3706=DIRECTION('',(0.840464031404488,-1.44725126029528E-8,0.541867337929973));
#3707=DIRECTION('',(-1.,0.,0.));
#3708=DIRECTION('',(-1.,0.,0.));
#3709=DIRECTION('',(0.,0.,-1.));
#3710=DIRECTION('',(-1.,0.,0.));
#3711=DIRECTION('',(0.,-1.,0.));
#3712=DIRECTION('',(0.,0.,-1.));
#3713=DIRECTION('',(-1.,0.,0.));
#3714=DIRECTION('',(0.,0.,-1.));
#3715=DIRECTION('',(-1.,1.61052040038256E-16,0.));
#3716=DIRECTION('',(0.,0.,-1.));
#3717=DIRECTION('',(-1.,0.,0.));
#3718=DIRECTION('',(-1.,0.,0.));
#3719=DIRECTION('',(0.871183003910638,-1.31128046694792E-8,0.490958423593319));
#3720=DIRECTION('',(0.,0.,-1.));
#3721=DIRECTION('',(-1.,0.,0.));
#3722=DIRECTION('',(0.,0.,-1.));
#3723=DIRECTION('',(0.,0.,1.));
#3724=DIRECTION('',(1.,0.,0.));
#3725=DIRECTION('',(0.,0.,1.));
#3726=DIRECTION('',(1.,0.,0.));
#3727=DIRECTION('',(1.,-5.11020930349864E-16,0.));
#3728=DIRECTION('',(5.11020930349864E-16,1.,0.));
#3729=DIRECTION('',(0.,0.,-1.));
#3730=DIRECTION('',(-5.11020930349864E-16,-1.,0.));
#3731=DIRECTION('',(-5.11020930349864E-16,-1.,0.));
#3732=DIRECTION('',(0.,0.,-1.));
#3733=DIRECTION('',(-1.,0.,0.));
#3734=DIRECTION('',(0.,0.,1.));
#3735=DIRECTION('',(1.,0.,0.));
#3736=DIRECTION('',(0.,0.,1.));
#3737=DIRECTION('',(1.,0.,0.));
#3738=DIRECTION('',(1.21415466385078E-16,-1.,0.));
#3739=DIRECTION('',(1.,1.21415466385078E-16,0.));
#3740=DIRECTION('',(0.,0.,-1.));
#3741=DIRECTION('',(-1.,-1.21415466385078E-16,0.));
#3742=DIRECTION('',(-1.,-1.21415466385078E-16,0.));
#3743=DIRECTION('',(1.,0.,0.));
#3744=DIRECTION('',(0.,0.,-1.));
#3745=DIRECTION('',(0.,0.,-1.));
#3746=DIRECTION('',(0.,1.,0.));
#3747=DIRECTION('',(0.,-1.,0.));
#3748=DIRECTION('',(0.,-1.,0.));
#3749=DIRECTION('',(0.,0.,-1.));
#3750=DIRECTION('',(1.,0.,0.));
#3751=DIRECTION('',(-1.,0.,0.));
#3752=DIRECTION('',(0.,0.,-1.));
#3753=DIRECTION('',(-1.,0.,0.));
#3754=DIRECTION('',(0.,0.,1.));
#3755=DIRECTION('',(1.,0.,0.));
#3756=DIRECTION('',(0.,0.,1.));
#3757=DIRECTION('',(1.,0.,0.));
#3758=DIRECTION('',(0.,0.,-1.));
#3759=DIRECTION('',(-1.,0.,0.));
#3760=DIRECTION('',(0.,0.,1.));
#3761=DIRECTION('',(1.,0.,0.));
#3762=DIRECTION('',(0.,0.,1.));
#3763=DIRECTION('',(1.,0.,0.));
#3764=DIRECTION('',(0.,0.,1.));
#3765=DIRECTION('',(1.,0.,0.));
#3766=DIRECTION('',(0.,0.,1.));
#3767=DIRECTION('',(1.,0.,0.));
#3768=DIRECTION('',(-1.,0.,0.));
#3769=DIRECTION('',(1.,1.21415466385078E-16,0.));
#3770=DIRECTION('',(0.,-1.,0.));
#3771=DIRECTION('',(-1.,0.,0.));
#3772=DIRECTION('',(-1.,0.,0.));
#3773=DIRECTION('',(0.,0.,1.));
#3774=DIRECTION('',(1.,0.,0.));
#3775=DIRECTION('',(-5.11020930349864E-16,-1.,0.));
#3776=DIRECTION('',(0.,0.,1.));
#3777=DIRECTION('',(1.,0.,0.));
#3778=DIRECTION('',(0.,0.707106781186547,0.707106781186548));
#3779=DIRECTION('',(1.,0.,0.));
#3780=DIRECTION('',(-0.577350269189626,0.577350269189626,-0.577350269189625));
#3781=DIRECTION('',(-0.707106781186547,0.,0.707106781186548));
#3782=DIRECTION('',(0.,1.,0.));
#3783=DIRECTION('',(0.577350269189626,0.577350269189625,0.577350269189626));
#3784=DIRECTION('',(-8.58536996218163E-17,0.707106781186548,-0.707106781186547));
#3785=DIRECTION('',(-1.,-1.21415466385078E-16,0.));
#3786=DIRECTION('',(0.,0.,-1.));
#3787=DIRECTION('',(-1.,0.,0.));
#3788=DIRECTION('',(0.,0.,1.));
#3789=DIRECTION('',(1.,0.,0.));
#3790=DIRECTION('',(0.,0.,-1.));
#3791=DIRECTION('',(-1.,0.,0.));
#3792=DIRECTION('',(0.,0.,1.));
#3793=DIRECTION('',(1.,0.,0.));
#3794=DIRECTION('',(0.,-1.,0.));
#3795=DIRECTION('',(0.,0.,-1.));
#3796=DIRECTION('',(0.349503713566689,-2.50242122700107E-8,0.936934978642111));
#3797=DIRECTION('',(0.349503713566689,-2.50242122700107E-8,0.936934978642111));
#3798=DIRECTION('',(-1.,0.,0.));
#3799=DIRECTION('',(1.21415466385078E-16,-1.,0.));
#3800=DIRECTION('',(1.,1.21415466385078E-16,0.));
#3801=DIRECTION('',(0.147979030658175,-2.64145409397883E-8,0.98899049868311));
#3802=DIRECTION('',(-1.,-1.39863420802447E-16,0.));
#3803=DIRECTION('',(0.147979030658175,-2.64145409397883E-8,0.98899049868311));
#3804=DIRECTION('',(0.,0.,-1.));
#3805=DIRECTION('',(-1.,0.,0.));
#3806=DIRECTION('',(0.,0.,1.));
#3807=DIRECTION('',(1.,0.,0.));
#3808=DIRECTION('',(0.,0.,-1.));
#3809=DIRECTION('',(-1.,0.,0.));
#3810=DIRECTION('',(0.,0.,1.));
#3811=DIRECTION('',(1.,0.,0.));
#3812=DIRECTION('',(0.,0.,1.));
#3813=DIRECTION('',(1.,0.,0.));
#3814=DIRECTION('',(-1.,0.,0.));
#3815=DIRECTION('',(0.,0.,1.));
#3816=DIRECTION('',(1.,0.,0.));
#3817=DIRECTION('',(0.585555219386324,-0.631025329721187,0.508853729768881));
#3818=DIRECTION('',(0.,0.,1.));
#3819=DIRECTION('',(1.,0.,0.));
#3820=DIRECTION('',(0.,0.,1.));
#3821=DIRECTION('',(1.,0.,0.));
#3822=DIRECTION('',(0.580202870616955,0.639644031054073,0.504202481613032));
#3823=DIRECTION('',(0.,0.,1.));
#3824=DIRECTION('',(1.,0.,0.));
#3825=DIRECTION('',(0.,0.,1.));
#3826=DIRECTION('',(1.,0.,0.));
#3827=DIRECTION('',(0.,0.,1.));
#3828=DIRECTION('',(1.,0.,0.));
#3829=DIRECTION('',(0.,0.,1.));
#3830=DIRECTION('',(1.,0.,0.));
#3831=DIRECTION('',(0.,0.,1.));
#3832=DIRECTION('',(1.,0.,0.));
#3833=DIRECTION('',(0.,0.,1.));
#3834=DIRECTION('',(1.,0.,0.));
#3835=DIRECTION('',(0.,0.,1.));
#3836=DIRECTION('',(1.,0.,0.));
#3837=DIRECTION('',(-1.,0.,0.));
#3838=DIRECTION('',(0.,-1.,0.));
#3839=DIRECTION('',(-1.,0.,0.));
#3840=DIRECTION('',(0.,-1.,0.));
#3841=DIRECTION('',(0.,1.,0.));
#3842=DIRECTION('',(-1.,-1.897222063493E-17,0.));
#3843=DIRECTION('',(0.,-1.,0.));
#3844=DIRECTION('',(1.,0.,0.));
#3845=DIRECTION('',(-1.,0.,0.));
#3846=DIRECTION('',(0.,0.,1.));
#3847=DIRECTION('',(0.,0.,-1.));
#3848=DIRECTION('',(0.,1.,0.));
#3849=DIRECTION('',(0.,0.,-1.));
#3850=DIRECTION('',(0.,1.,0.));
#3851=DIRECTION('',(0.,0.,1.));
#3852=DIRECTION('',(0.,0.,-1.));
#3853=DIRECTION('',(1.,0.,0.));
#3854=DIRECTION('',(1.,0.,0.));
#3855=DIRECTION('',(0.,0.,-1.));
#3856=DIRECTION('',(0.,0.,-1.));
#3857=DIRECTION('',(0.,-1.,0.));
#3858=DIRECTION('',(0.,-1.,0.));
#3859=DIRECTION('',(0.,0.,-1.));
#3860=DIRECTION('',(0.,0.,-1.));
#3861=DIRECTION('',(-1.,0.,0.));
#3862=DIRECTION('',(0.,0.,-1.));
#3863=DIRECTION('',(1.,0.,0.));
#3864=DIRECTION('',(0.,0.,-1.));
#3865=DIRECTION('',(0.,0.,-1.));
#3866=DIRECTION('',(0.,1.,0.));
#3867=DIRECTION('',(0.,-1.,0.));
#3868=DIRECTION('',(0.,0.,-1.));
#3869=DIRECTION('',(0.,0.,-1.));
#3870=DIRECTION('',(1.,0.,0.));
#3871=DIRECTION('',(1.,0.,0.));
#3872=DIRECTION('',(0.,0.,-1.));
#3873=DIRECTION('',(0.,-1.,0.));
#3874=DIRECTION('',(1.897222063493E-17,-1.,0.));
#3875=DIRECTION('',(1.,1.897222063493E-17,0.));
#3876=DIRECTION('',(-1.,-1.897222063493E-17,0.));
#3877=DIRECTION('',(-0.707106760227864,1.53329337123647E-17,-0.707106802145231));
#3878=DIRECTION('',(2.16840434497101E-17,1.,0.));
#3879=DIRECTION('',(-0.707106760227864,1.53329337123647E-17,-0.707106802145231));
#3880=DIRECTION('',(0.707106802145231,1.53329328034268E-17,-0.707106760227864));
#3881=DIRECTION('',(-0.707106760227864,1.53329337123647E-17,-0.707106802145231));
#3882=DIRECTION('',(-0.707106802145231,-1.53329328034268E-17,0.707106760227864));
#3883=DIRECTION('',(-1.,0.,0.));
#3884=DIRECTION('',(0.,0.,1.));
#3885=DIRECTION('',(1.,0.,0.));
#3886=DIRECTION('',(0.,0.,-1.));
#3887=DIRECTION('',(0.,0.,1.));
#3888=DIRECTION('',(1.,0.,0.));
#3889=DIRECTION('',(0.,1.,0.));
#3890=DIRECTION('',(0.,0.,1.));
#3891=DIRECTION('',(-5.11020930349864E-16,-1.,0.));
#3892=DIRECTION('',(1.,-5.11020930349864E-16,0.));
#3893=DIRECTION('',(0.,1.,0.));
#3894=DIRECTION('',(0.,0.,1.));
#3895=DIRECTION('',(0.,0.,1.));
#3896=DIRECTION('',(1.,0.,0.));
#3897=DIRECTION('',(-1.,0.,0.));
#3898=DIRECTION('',(0.,0.,1.));
#3899=DIRECTION('',(1.,0.,0.));
#3900=DIRECTION('',(0.,0.,-1.));
#3901=DIRECTION('',(-1.,0.,0.));
#3902=DIRECTION('',(0.,0.,1.));
#3903=DIRECTION('',(0.,0.,1.));
#3904=DIRECTION('',(1.,0.,0.));
#3905=DIRECTION('',(1.,0.,0.));
#3906=DIRECTION('',(0.,0.,-1.));
#3907=DIRECTION('',(3.39310215349987E-16,1.,0.));
#3908=DIRECTION('',(-1.,3.39310215349987E-16,0.));
#3909=DIRECTION('',(3.38812765887257E-16,0.999998780996465,0.0015614114074274));
#3910=DIRECTION('',(0.,-0.0015614114074274,0.999998780996466));
#3911=DIRECTION('',(0.,0.,1.));
#3912=DIRECTION('',(1.,0.,0.));
#3913=DIRECTION('',(3.39310215349987E-16,1.,0.));
#3914=DIRECTION('',(-1.,3.39310215349987E-16,0.));
#3915=DIRECTION('',(0.,1.,0.));
#3916=DIRECTION('',(0.,0.,1.));
#3917=DIRECTION('',(0.,0.,1.));
#3918=DIRECTION('',(1.,0.,0.));
#3919=DIRECTION('',(1.,0.,0.));
#3920=DIRECTION('',(0.,0.,-1.));
#3921=DIRECTION('',(1.,0.,0.));
#3922=DIRECTION('',(0.,0.,-1.));
#3923=DIRECTION('',(-1.,0.,0.));
#3924=DIRECTION('',(0.,0.,1.));
#3925=DIRECTION('',(-1.,0.,0.));
#3926=DIRECTION('',(0.,0.,1.));
#3927=DIRECTION('',(0.,0.,1.));
#3928=DIRECTION('',(1.,0.,0.));
#3929=DIRECTION('',(-0.707106781186548,0.,0.707106781186547));
#3930=DIRECTION('',(0.,1.,0.));
#3931=DIRECTION('',(-0.577350269189625,0.577350269189626,-0.577350269189626));
#3932=DIRECTION('',(0.577350269189625,0.577350269189626,0.577350269189626));
#3933=DIRECTION('',(0.,0.707106781186547,-0.707106781186548));
#3934=DIRECTION('',(-1.,0.,0.));
#3935=DIRECTION('',(0.577350269189625,-0.577350269189626,-0.577350269189626));
#3936=DIRECTION('',(0.,0.707106781186548,0.707106781186548));
#3937=DIRECTION('',(1.,0.,0.));
#3938=DIRECTION('',(0.577350269189625,0.577350269189626,-0.577350269189626));
#3939=DIRECTION('',(-0.707106781186548,0.,-0.707106781186547));
#3940=DIRECTION('',(0.,-1.,0.));
#3941=DIRECTION('',(-0.707106781186547,0.,-0.707106781186548));
#3942=DIRECTION('',(0.,-1.,0.));
#3943=DIRECTION('',(0.577350269189626,-0.577350269189626,-0.577350269189626));
#3944=DIRECTION('',(0.577350269189626,0.577350269189626,-0.577350269189626));
#3945=DIRECTION('',(0.,-0.707106781186548,-0.707106781186548));
#3946=DIRECTION('',(1.,0.,0.));
#3947=DIRECTION('',(-0.577350269189626,0.577350269189626,-0.577350269189626));
#3948=DIRECTION('',(-1.34153858651263E-17,0.707106781186547,-0.707106781186548));
#3949=DIRECTION('',(-1.,-1.897222063493E-17,0.));
#3950=DIRECTION('',(0.577350269189626,0.577350269189626,0.577350269189626));
#3951=DIRECTION('',(0.707106781186547,0.,-0.707106781186548));
#3952=DIRECTION('',(0.,1.,0.));
#3953=DIRECTION('',(-1.,3.39310215349987E-16,0.));
#3954=DIRECTION('',(-3.39310215349987E-16,-1.,0.));
#3955=DIRECTION('',(-3.39310215349987E-16,-1.,0.));
#3956=DIRECTION('',(-1.,3.39310215349987E-16,0.));
#3957=DIRECTION('',(-3.39310215349987E-16,-1.,0.));
#3958=DIRECTION('',(0.,0.,-1.));
#3959=DIRECTION('',(-1.,3.39310215349987E-16,0.));
#3960=DIRECTION('',(-3.39310215349987E-16,-1.,0.));
#3961=DIRECTION('',(-3.39310215349987E-16,-1.,0.));
#3962=DIRECTION('',(-1.,3.39310215349987E-16,0.));
#3963=DIRECTION('',(-3.39310215349987E-16,-1.,0.));
#3964=DIRECTION('',(0.,0.,-1.));
#3965=DIRECTION('',(-1.,3.39310215349987E-16,0.));
#3966=DIRECTION('',(-3.39310215349987E-16,-1.,0.));
#3967=DIRECTION('',(-3.39310215349987E-16,-1.,0.));
#3968=DIRECTION('',(0.,0.,-1.));
#3969=DIRECTION('',(-1.,0.,0.));
#3970=DIRECTION('',(0.,0.,1.));
#3971=DIRECTION('',(-1.35758779481024E-15,1.,0.));
#3972=DIRECTION('',(0.,0.,-1.));
#3973=DIRECTION('',(-1.,0.,0.));
#3974=DIRECTION('',(-1.,3.39310215349987E-16,0.));
#3975=DIRECTION('',(-1.,3.39310215349987E-16,0.));
#3976=DIRECTION('',(-1.,3.39310215349987E-16,0.));
#3977=DIRECTION('',(-3.39310215349987E-16,-1.,0.));
#3978=DIRECTION('',(-1.,3.39310215349987E-16,0.));
#3979=DIRECTION('',(3.39310215349987E-16,1.,0.));
#3980=DIRECTION('',(-1.,3.39310215349987E-16,0.));
#3981=DIRECTION('',(-1.,3.39310215349987E-16,0.));
#3982=DIRECTION('',(-1.,3.39310215349987E-16,0.));
#3983=DIRECTION('',(-3.39310215349987E-16,-1.,0.));
#3984=DIRECTION('',(-1.,3.39310215349987E-16,0.));
#3985=DIRECTION('',(0.,0.,-1.));
#3986=DIRECTION('',(-1.,0.,0.));
#3987=DIRECTION('',(-1.,3.39310215349987E-16,0.));
#3988=DIRECTION('',(-1.,3.39310215349987E-16,0.));
#3989=DIRECTION('',(-3.39310215349987E-16,-1.,0.));
#3990=DIRECTION('',(-1.,3.39310215349987E-16,0.));
#3991=DIRECTION('',(3.39310215349987E-16,1.,0.));
#3992=DIRECTION('',(-1.,3.39310215349987E-16,0.));
#3993=DIRECTION('',(-1.,3.39310215349987E-16,0.));
#3994=DIRECTION('',(-1.,3.39310215349987E-16,0.));
#3995=DIRECTION('',(-3.39310215349987E-16,-1.,0.));
#3996=DIRECTION('',(8.67361737988403E-16,-1.,0.));
#3997=DIRECTION('',(1.,8.67361737988403E-16,0.));
#3998=DIRECTION('',(0.,0.,-1.));
#3999=DIRECTION('',(-0.709129324983594,-0.705078435671034,0.));
#4000=DIRECTION('',(0.705078435671034,-0.709129324983594,0.));
#4001=DIRECTION('',(0.,0.,1.));
#4002=DIRECTION('',(0.705078435671034,-0.709129324983594,0.));
#4003=DIRECTION('',(0.,0.,1.));
#4004=DIRECTION('',(0.696719362308775,-0.717343801941617,0.));
#4005=DIRECTION('',(0.717343801941617,0.696719362308775,0.));
#4006=DIRECTION('',(0.,0.,1.));
#4007=DIRECTION('',(0.717343801941617,0.696719362308775,0.));
#4008=DIRECTION('',(0.723852061563674,0.689955210843443,0.));
#4009=DIRECTION('',(-0.689955210843443,0.723852061563674,0.));
#4010=DIRECTION('',(0.,0.,1.));
#4011=DIRECTION('',(-0.689955210843443,0.723852061563674,0.));
#4012=DIRECTION('',(0.666630370779255,-0.745388454937902,0.));
#4013=DIRECTION('',(0.745388454937902,0.666630370779255,0.));
#4014=DIRECTION('',(0.,0.,1.));
#4015=DIRECTION('',(0.745388454937902,0.666630370779255,0.));
#4016=DIRECTION('',(-0.729789807201215,-0.683671585854797,0.));
#4017=DIRECTION('',(0.683671585854797,-0.729789807201215,0.));
#4018=DIRECTION('',(0.,0.,1.));
#4019=DIRECTION('',(0.683671585854797,-0.729789807201215,0.));
#4020=DIRECTION('',(0.706611795953118,-0.707601420165272,0.));
#4021=DIRECTION('',(0.707601420165272,0.706611795953118,0.));
#4022=DIRECTION('',(0.,0.,1.));
#4023=DIRECTION('',(0.707601420165272,0.706611795953118,0.));
#4024=DIRECTION('',(0.739604175673797,0.673042096250958,0.));
#4025=DIRECTION('',(-0.673042096250958,0.739604175673797,0.));
#4026=DIRECTION('',(0.,0.,1.));
#4027=DIRECTION('',(-0.673042096250958,0.739604175673797,0.));
#4028=DIRECTION('',(-0.697643855589678,0.716444729730053,0.));
#4029=DIRECTION('',(-0.716444729730053,-0.697643855589678,0.));
#4030=DIRECTION('',(0.,0.,1.));
#4031=DIRECTION('',(-0.716444729730053,-0.697643855589678,0.));
#4032=DIRECTION('',(-0.719861290996207,-0.694117945111113,0.));
#4033=DIRECTION('',(0.694117945111113,-0.719861290996207,0.));
#4034=DIRECTION('',(0.,0.,1.));
#4035=DIRECTION('',(0.694117945111113,-0.719861290996207,0.));
#4036=DIRECTION('',(-0.711476015745847,0.702710380610971,0.));
#4037=DIRECTION('',(-0.702710380610971,-0.711476015745847,0.));
#4038=DIRECTION('',(0.,0.,1.));
#4039=DIRECTION('',(-0.702710380610971,-0.711476015745847,0.));
#4040=DIRECTION('',(0.715674885820222,0.698433574369254,0.));
#4041=DIRECTION('',(-0.698433574369254,0.715674885820222,0.));
#4042=DIRECTION('',(0.,0.,1.));
#4043=DIRECTION('',(-0.698433574369254,0.715674885820222,0.));
#4044=DIRECTION('',(-0.722559128055708,0.691309125112185,0.));
#4045=DIRECTION('',(-0.691309125112185,-0.722559128055708,0.));
#4046=DIRECTION('',(-0.691309125112185,-0.722559128055708,0.));
#4047=DIRECTION('',(0.,0.,1.));
#4048=DIRECTION('',(1.,0.,0.));
#4049=DIRECTION('',(0.665132229655045,-0.746725596905656,0.));
#4050=DIRECTION('',(0.746725596905656,0.665132229655045,0.));
#4051=DIRECTION('',(0.,0.,1.));
#4052=DIRECTION('',(0.746725596905656,0.665132229655045,0.));
#4053=DIRECTION('',(0.,0.,1.));
#4054=DIRECTION('',(0.753991825842919,0.656883799893148,0.));
#4055=DIRECTION('',(-0.656883799893148,0.753991825842919,0.));
#4056=DIRECTION('',(0.,0.,1.));
#4057=DIRECTION('',(-0.656883799893148,0.753991825842919,0.));
#4058=DIRECTION('',(-0.636331198116346,0.771415974882434,0.));
#4059=DIRECTION('',(-0.771415974882434,-0.636331198116346,0.));
#4060=DIRECTION('',(0.,0.,1.));
#4061=DIRECTION('',(-0.771415974882434,-0.636331198116346,0.));
#4062=DIRECTION('',(-0.773056262657805,-0.634337461266121,0.));
#4063=DIRECTION('',(0.634337461266121,-0.773056262657805,0.));
#4064=DIRECTION('',(0.,0.,1.));
#4065=DIRECTION('',(0.634337461266121,-0.773056262657805,0.));
#4066=DIRECTION('',(0.654132246259751,-0.756380198315089,0.));
#4067=DIRECTION('',(0.756380198315089,0.654132246259751,0.));
#4068=DIRECTION('',(0.,0.,1.));
#4069=DIRECTION('',(0.756380198315089,0.654132246259751,0.));
#4070=DIRECTION('',(0.773399263499227,0.633919221367244,0.));
#4071=DIRECTION('',(-0.633919221367244,0.773399263499227,0.));
#4072=DIRECTION('',(0.,0.,1.));
#4073=DIRECTION('',(-0.633919221367244,0.773399263499227,0.));
#4074=DIRECTION('',(0.644413482957261,-0.764677227974582,0.));
#4075=DIRECTION('',(0.764677227974583,0.644413482957262,0.));
#4076=DIRECTION('',(0.,0.,1.));
#4077=DIRECTION('',(0.764677227974582,0.644413482957262,0.));
#4078=DIRECTION('',(0.631367342063231,-0.775483900139785,0.));
#4079=DIRECTION('',(0.775483900139785,0.631367342063231,0.));
#4080=DIRECTION('',(0.775483900139785,0.631367342063231,0.));
#4081=DIRECTION('',(0.,0.,1.));
#4082=DIRECTION('',(0.775483900139785,0.631367342063231,0.));
#4083=DIRECTION('',(0.,0.,1.));
#4084=DIRECTION('',(-0.729170915594903,-0.684331627100846,0.));
#4085=DIRECTION('',(0.684331627100846,-0.729170915594903,0.));
#4086=DIRECTION('',(0.684331627100846,-0.729170915594903,0.));
#4087=DIRECTION('',(0.,0.,1.));
#4088=DIRECTION('',(0.684331627100846,-0.729170915594903,0.));
#4089=DIRECTION('',(-0.634382509449486,0.773019295816458,0.));
#4090=DIRECTION('',(-0.773019295816458,-0.634382509449486,0.));
#4091=DIRECTION('',(-0.773019295816458,-0.634382509449486,0.));
#4092=DIRECTION('',(0.,0.,1.));
#4093=DIRECTION('',(-0.773019295816458,-0.634382509449486,0.));
#4094=DIRECTION('',(0.765955581602552,0.642893495854404,0.));
#4095=DIRECTION('',(-0.642893495854404,0.765955581602552,0.));
#4096=DIRECTION('',(-0.642893495854404,0.765955581602552,0.));
#4097=DIRECTION('',(-0.642893495854404,0.765955581602552,0.));
#4098=DIRECTION('',(-0.746043272794293,-0.665897465919777,0.));
#4099=DIRECTION('',(0.665897465919777,-0.746043272794293,0.));
#4100=DIRECTION('',(0.665897465919777,-0.746043272794293,0.));
#4101=DIRECTION('',(0.,0.,1.));
#4102=DIRECTION('',(1.,0.,0.));
#4103=DIRECTION('',(0.,0.,1.));
#4104=DIRECTION('',(1.,0.,0.));
#4105=DIRECTION('',(-0.988468218149037,-0.151428470603345,0.));
#4106=DIRECTION('',(0.151428470603345,-0.988468218149037,0.));
#4107=DIRECTION('',(0.,0.,1.));
#4108=DIRECTION('',(0.151428470603345,-0.988468218149037,0.));
#4109=DIRECTION('',(0.,0.,1.));
#4110=DIRECTION('',(0.173162819211953,-0.984893211491768,0.));
#4111=DIRECTION('',(0.984893211491768,0.173162819211953,0.));
#4112=DIRECTION('',(0.,0.,1.));
#4113=DIRECTION('',(0.984893211491768,0.173162819211953,0.));
#4114=DIRECTION('',(0.817494790941931,-0.575935991914734,0.));
#4115=DIRECTION('',(0.575935991914734,0.817494790941931,0.));
#4116=DIRECTION('',(0.,0.,1.));
#4117=DIRECTION('',(0.575935991914734,0.817494790941931,0.));
#4118=DIRECTION('',(0.99040915651558,0.138165490228556,0.));
#4119=DIRECTION('',(-0.138165490228556,0.99040915651558,0.));
#4120=DIRECTION('',(0.,0.,1.));
#4121=DIRECTION('',(-0.138165490228556,0.99040915651558,0.));
#4122=DIRECTION('',(0.488378899474936,0.872631680921367,0.));
#4123=DIRECTION('',(-0.872631680921367,0.488378899474936,0.));
#4124=DIRECTION('',(0.,0.,1.));
#4125=DIRECTION('',(-0.872631680921367,0.488378899474936,0.));
#4126=DIRECTION('',(-0.14248405041188,0.989797098085373,0.));
#4127=DIRECTION('',(-0.989797098085373,-0.14248405041188,0.));
#4128=DIRECTION('',(-0.989797098085373,-0.14248405041188,0.));
#4129=DIRECTION('',(0.,0.,1.));
#4130=DIRECTION('',(-0.989797098085373,-0.14248405041188,0.));
#4131=DIRECTION('',(0.,0.,1.));
#4132=DIRECTION('',(0.988602599677505,0.150548662932884,0.));
#4133=DIRECTION('',(-0.150548662932884,0.988602599677505,0.));
#4134=DIRECTION('',(-0.150548662932884,0.988602599677505,0.));
#4135=DIRECTION('',(0.,0.,1.));
#4136=DIRECTION('',(-0.150548662932884,0.988602599677505,0.));
#4137=DIRECTION('',(0.21025921000575,-0.977645674366617,0.));
#4138=DIRECTION('',(0.977645674366617,0.21025921000575,0.));
#4139=DIRECTION('',(0.977645674366617,0.21025921000575,0.));
#4140=DIRECTION('',(0.,0.,1.));
#4141=DIRECTION('',(0.977645674366617,0.21025921000575,0.));
#4142=DIRECTION('',(-0.500667408009656,-0.865639732542871,0.));
#4143=DIRECTION('',(0.865639732542871,-0.500667408009656,0.));
#4144=DIRECTION('',(0.865639732542871,-0.500667408009656,0.));
#4145=DIRECTION('',(0.,0.,1.));
#4146=DIRECTION('',(0.865639732542871,-0.500667408009656,0.));
#4147=DIRECTION('',(-0.987021238996462,-0.16058976857163,0.));
#4148=DIRECTION('',(0.16058976857163,-0.987021238996462,0.));
#4149=DIRECTION('',(0.16058976857163,-0.987021238996462,0.));
#4150=DIRECTION('',(0.,0.,1.));
#4151=DIRECTION('',(0.16058976857163,-0.987021238996462,0.));
#4152=DIRECTION('',(-0.689844464478543,0.723957605684416,0.));
#4153=DIRECTION('',(-0.723957605684416,-0.689844464478543,0.));
#4154=DIRECTION('',(-0.723957605684416,-0.689844464478543,0.));
#4155=DIRECTION('',(-0.723957605684416,-0.689844464478543,0.));
#4156=DIRECTION('',(-0.186485056345883,0.982457797444589,0.));
#4157=DIRECTION('',(-0.982457797444589,-0.186485056345883,0.));
#4158=DIRECTION('',(-0.982457797444589,-0.186485056345883,0.));
#4159=DIRECTION('',(0.,0.,1.));
#4160=DIRECTION('',(1.,0.,0.));
#4161=DIRECTION('',(0.,0.,1.));
#4162=DIRECTION('',(1.,0.,0.));
#4163=DIRECTION('',(0.255422271679429,0.96682959363588,0.));
#4164=DIRECTION('',(-0.96682959363588,0.255422271679429,0.));
#4165=DIRECTION('',(0.,0.,1.));
#4166=DIRECTION('',(-0.96682959363588,0.255422271679429,0.));
#4167=DIRECTION('',(0.,0.,1.));
#4168=DIRECTION('',(0.962087416308697,-0.272741275534993,0.));
#4169=DIRECTION('',(0.272741275534993,0.962087416308697,0.));
#4170=DIRECTION('',(0.,0.,1.));
#4171=DIRECTION('',(0.272741275534993,0.962087416308697,0.));
#4172=DIRECTION('',(0.318054711920125,0.948072360226479,0.));
#4173=DIRECTION('',(-0.948072360226479,0.318054711920125,0.));
#4174=DIRECTION('',(0.,0.,1.));
#4175=DIRECTION('',(-0.948072360226479,0.318054711920125,0.));
#4176=DIRECTION('',(-0.961636733304979,0.274326070869193,0.));
#4177=DIRECTION('',(-0.274326070869193,-0.961636733304979,0.));
#4178=DIRECTION('',(0.,0.,1.));
#4179=DIRECTION('',(-0.274326070869193,-0.961636733304979,0.));
#4180=DIRECTION('',(-0.288616786996071,-0.957444698279783,0.));
#4181=DIRECTION('',(0.957444698279783,-0.288616786996071,0.));
#4182=DIRECTION('',(0.,0.,1.));
#4183=DIRECTION('',(0.957444698279783,-0.288616786996071,0.));
#4184=DIRECTION('',(-0.278810209616977,-0.960346222470489,0.));
#4185=DIRECTION('',(0.960346222470489,-0.278810209616977,0.));
#4186=DIRECTION('',(0.960346222470489,-0.278810209616977,0.));
#4187=DIRECTION('',(0.,0.,1.));
#4188=DIRECTION('',(0.960346222470489,-0.278810209616977,0.));
#4189=DIRECTION('',(0.,0.,1.));
#4190=DIRECTION('',(-0.957462704781901,0.288557046269408,0.));
#4191=DIRECTION('',(-0.288557046269408,-0.957462704781901,0.));
#4192=DIRECTION('',(-0.288557046269408,-0.957462704781901,0.));
#4193=DIRECTION('',(0.,0.,1.));
#4194=DIRECTION('',(-0.288557046269408,-0.957462704781901,0.));
#4195=DIRECTION('',(0.253642999167379,0.967297900842019,0.));
#4196=DIRECTION('',(-0.967297900842019,0.253642999167379,0.));
#4197=DIRECTION('',(-0.967297900842019,0.253642999167379,0.));
#4198=DIRECTION('',(0.,0.,1.));
#4199=DIRECTION('',(-0.967297900842019,0.253642999167379,0.));
#4200=DIRECTION('',(0.957214529527588,-0.289379239858836,0.));
#4201=DIRECTION('',(0.289379239858836,0.957214529527589,0.));
#4202=DIRECTION('',(0.289379239858836,0.957214529527588,0.));
#4203=DIRECTION('',(0.289379239858836,0.957214529527588,0.));
#4204=DIRECTION('',(0.95147748424615,-0.307718372822646,0.));
#4205=DIRECTION('',(0.307718372822646,0.95147748424615,0.));
#4206=DIRECTION('',(0.307718372822646,0.95147748424615,0.));
#4207=DIRECTION('',(0.,0.,1.));
#4208=DIRECTION('',(1.,0.,0.));
#4209=DIRECTION('',(0.,0.,1.));
#4210=DIRECTION('',(1.,0.,0.));
#4211=DIRECTION('',(-0.985032282707004,-0.17236995685162,0.));
#4212=DIRECTION('',(0.17236995685162,-0.985032282707004,0.));
#4213=DIRECTION('',(0.,0.,1.));
#4214=DIRECTION('',(0.17236995685162,-0.985032282707004,0.));
#4215=DIRECTION('',(0.,0.,1.));
#4216=DIRECTION('',(-0.225527249033654,0.974236860287739,0.));
#4217=DIRECTION('',(-0.974236860287739,-0.225527249033654,0.));
#4218=DIRECTION('',(0.,0.,1.));
#4219=DIRECTION('',(-0.974236860287739,-0.225527249033654,0.));
#4220=DIRECTION('',(-0.976204464570864,-0.216852123235891,0.));
#4221=DIRECTION('',(0.216852123235891,-0.976204464570864,0.));
#4222=DIRECTION('',(0.,0.,1.));
#4223=DIRECTION('',(0.216852123235891,-0.976204464570864,0.));
#4224=DIRECTION('',(0.190253907735132,-0.981734918698277,0.));
#4225=DIRECTION('',(0.981734918698277,0.190253907735132,0.));
#4226=DIRECTION('',(0.,0.,1.));
#4227=DIRECTION('',(0.981734918698277,0.190253907735132,0.));
#4228=DIRECTION('',(0.981768747361173,0.19007926426855,0.));
#4229=DIRECTION('',(-0.19007926426855,0.981768747361173,0.));
#4230=DIRECTION('',(0.,0.,1.));
#4231=DIRECTION('',(-0.19007926426855,0.981768747361173,0.));
#4232=DIRECTION('',(-0.190416583856903,0.981703379128475,0.));
#4233=DIRECTION('',(-0.981703379128476,-0.190416583856903,0.));
#4234=DIRECTION('',(0.,0.,1.));
#4235=DIRECTION('',(-0.981703379128475,-0.190416583856903,0.));
#4236=DIRECTION('',(0.981734691145253,0.190255081934582,0.));
#4237=DIRECTION('',(-0.190255081934582,0.981734691145253,0.));
#4238=DIRECTION('',(0.,0.,1.));
#4239=DIRECTION('',(-0.190255081934582,0.981734691145253,0.));
#4240=DIRECTION('',(0.204070994539349,-0.978956091552487,0.));
#4241=DIRECTION('',(0.978956091552487,0.204070994539349,0.));
#4242=DIRECTION('',(0.,0.,1.));
#4243=DIRECTION('',(0.978956091552487,0.204070994539349,0.));
#4244=DIRECTION('',(0.984906031117255,0.173089889562782,0.));
#4245=DIRECTION('',(-0.173089889562782,0.984906031117255,0.));
#4246=DIRECTION('',(0.,0.,1.));
#4247=DIRECTION('',(-0.173089889562782,0.984906031117255,0.));
#4248=DIRECTION('',(-0.196195962341636,0.980564706870913,0.));
#4249=DIRECTION('',(-0.980564706870913,-0.196195962341636,0.));
#4250=DIRECTION('',(0.,0.,1.));
#4251=DIRECTION('',(-0.980564706870913,-0.196195962341636,0.));
#4252=DIRECTION('',(-0.977236858337137,-0.21215117889694,0.));
#4253=DIRECTION('',(0.21215117889694,-0.977236858337137,0.));
#4254=DIRECTION('',(0.,0.,1.));
#4255=DIRECTION('',(0.21215117889694,-0.977236858337137,0.));
#4256=DIRECTION('',(0.190069215448019,-0.981770692849901,0.));
#4257=DIRECTION('',(0.981770692849901,0.190069215448019,0.));
#4258=DIRECTION('',(0.981770692849901,0.190069215448019,0.));
#4259=DIRECTION('',(0.,0.,1.));
#4260=DIRECTION('',(1.,0.,0.));
#4261=DIRECTION('',(-0.10690539066703,-0.994269197675524,0.));
#4262=DIRECTION('',(0.994269197675524,-0.10690539066703,0.));
#4263=DIRECTION('',(0.,0.,1.));
#4264=DIRECTION('',(0.994269197675524,-0.10690539066703,0.));
#4265=DIRECTION('',(0.,0.,1.));
#4266=DIRECTION('',(0.995108844444485,-0.0987845519722644,0.));
#4267=DIRECTION('',(0.0987845519722644,0.995108844444485,0.));
#4268=DIRECTION('',(0.,0.,1.));
#4269=DIRECTION('',(0.0987845519722644,0.995108844444485,0.));
#4270=DIRECTION('',(0.109572476064021,0.993978808873308,0.));
#4271=DIRECTION('',(-0.993978808873308,0.109572476064021,0.));
#4272=DIRECTION('',(0.,0.,1.));
#4273=DIRECTION('',(-0.993978808873308,0.109572476064021,0.));
#4274=DIRECTION('',(-0.994565837952487,0.104109528756339,0.));
#4275=DIRECTION('',(-0.104109528756339,-0.994565837952487,0.));
#4276=DIRECTION('',(0.,0.,1.));
#4277=DIRECTION('',(-0.104109528756339,-0.994565837952487,0.));
#4278=DIRECTION('',(0.118061710269897,0.993006260085075,0.));
#4279=DIRECTION('',(-0.993006260085075,0.118061710269897,0.));
#4280=DIRECTION('',(0.,0.,1.));
#4281=DIRECTION('',(-0.993006260085075,0.118061710269897,0.));
#4282=DIRECTION('',(-0.989796924795668,0.142485254202105,0.));
#4283=DIRECTION('',(-0.142485254202105,-0.989796924795668,0.));
#4284=DIRECTION('',(0.,0.,1.));
#4285=DIRECTION('',(-0.142485254202105,-0.989796924795668,0.));
#4286=DIRECTION('',(-0.103057652082753,-0.994675384407994,0.));
#4287=DIRECTION('',(0.994675384407994,-0.103057652082753,0.));
#4288=DIRECTION('',(0.,0.,1.));
#4289=DIRECTION('',(0.994675384407994,-0.103057652082753,0.));
#4290=DIRECTION('',(-0.994225263912759,0.107313207936418,0.));
#4291=DIRECTION('',(-0.107313207936418,-0.994225263912759,0.));
#4292=DIRECTION('',(0.,0.,1.));
#4293=DIRECTION('',(-0.107313207936418,-0.994225263912759,0.));
#4294=DIRECTION('',(0.103246414974522,0.994655808707167,0.));
#4295=DIRECTION('',(-0.994655808707167,0.103246414974522,0.));
#4296=DIRECTION('',(0.,0.,1.));
#4297=DIRECTION('',(-0.994655808707167,0.103246414974522,0.));
#4298=DIRECTION('',(-0.992669303997348,0.120862123518578,0.));
#4299=DIRECTION('',(-0.120862123518578,-0.992669303997348,0.));
#4300=DIRECTION('',(-0.120862123518578,-0.992669303997348,0.));
#4301=DIRECTION('',(0.,0.,1.));
#4302=DIRECTION('',(1.,0.,0.));
#4303=DIRECTION('',(-0.453022759353292,-0.891498950929237,0.));
#4304=DIRECTION('',(0.891498950929237,-0.453022759353292,0.));
#4305=DIRECTION('',(0.,0.,1.));
#4306=DIRECTION('',(0.891498950929237,-0.453022759353292,0.));
#4307=DIRECTION('',(0.,0.,1.));
#4308=DIRECTION('',(0.880928135890571,-0.473250060112372,0.));
#4309=DIRECTION('',(0.473250060112372,0.880928135890571,0.));
#4310=DIRECTION('',(0.,0.,1.));
#4311=DIRECTION('',(0.473250060112372,0.880928135890571,0.));
#4312=DIRECTION('',(0.45706891704547,0.889431281814892,0.));
#4313=DIRECTION('',(-0.889431281814892,0.45706891704547,0.));
#4314=DIRECTION('',(0.,0.,1.));
#4315=DIRECTION('',(-0.889431281814892,0.45706891704547,0.));
#4316=DIRECTION('',(-0.889500629248677,0.456933945517521,0.));
#4317=DIRECTION('',(-0.456933945517521,-0.889500629248677,0.));
#4318=DIRECTION('',(-0.456933945517521,-0.889500629248677,0.));
#4319=DIRECTION('',(0.,0.,1.));
#4320=DIRECTION('',(1.,0.,0.));
#4321=CARTESIAN_POINT('',(0.,0.,0.));
#4322=CARTESIAN_POINT('',(-0.065118,2.08166817117217E-17,0.0071));
#4323=CARTESIAN_POINT('',(-0.065118,-2.63847999999907E-5,0.0254));
#4324=CARTESIAN_POINT('',(-0.065118,-2.63847999999907E-5,0.0118944005882105));
#4325=CARTESIAN_POINT('',(-0.065118,-2.63847999999907E-5,0.0041));
#4326=CARTESIAN_POINT('',(-0.065118,-0.0053,0.0041));
#4327=CARTESIAN_POINT('',(-0.0651179995084356,-2.09212085469168E-10,0.011933397));
#4328=CARTESIAN_POINT('',(-0.065118,0.00012809440424924,0.011933397));
#4329=CARTESIAN_POINT('',(-0.0651179995084356,0.000128094404245831,0.011933397));
#4330=CARTESIAN_POINT('',(-0.0651179997542178,0.00271404720212292,0.0080166985));
#4331=CARTESIAN_POINT('',(-0.0651179998117428,0.00331928629593743,0.0071));
#4332=CARTESIAN_POINT('',(-0.065118,0.00331928629593745,0.00710000000000001));
#4333=CARTESIAN_POINT('',(-0.065118,0.00375944489684024,0.00643333333333334));
#4334=CARTESIAN_POINT('',(-0.065118,0.00419960349774303,0.00576666666666668));
#4335=CARTESIAN_POINT('',(-0.065118,0.00463976209864583,0.00510000000000001));
#4336=CARTESIAN_POINT('',(-0.065118,0.00463976209864581,0.0051));
#4337=CARTESIAN_POINT('',(-0.065118,0.0359,0.0051));
#4338=CARTESIAN_POINT('',(-0.065118,0.0359,0.0051));
#4339=CARTESIAN_POINT('',(-0.065118,0.0359,0.0071));
#4340=CARTESIAN_POINT('',(-0.065118,0.0359,0.0041));
#4341=CARTESIAN_POINT('',(-0.065118,2.08166817117217E-17,0.0041));
#4342=CARTESIAN_POINT('',(0.0117329,1.38777878078145E-17,0.0041));
#4343=CARTESIAN_POINT('',(-0.065118,-0.0169663848,0.0041));
#4344=CARTESIAN_POINT('',(-0.0609832968128198,-0.00246433399243109,0.0041));
#4345=CARTESIAN_POINT('',(-0.060118,0.0359,0.0041));
#4346=CARTESIAN_POINT('',(-0.060118,0.0409,0.0041));
#4347=CARTESIAN_POINT('',(-0.00210747884751401,0.0409,0.0041));
#4348=CARTESIAN_POINT('',(-0.00105279360000001,0.0409,0.0041));
#4349=CARTESIAN_POINT('',(-0.00105279360000001,-0.0359,0.0041));
#4350=CARTESIAN_POINT('',(-0.00105279360000001,-0.0409,0.0041));
#4351=CARTESIAN_POINT('',(-0.00210747884751401,-0.0409,0.0041));
#4352=CARTESIAN_POINT('',(-0.060118,-0.0409,0.0041));
#4353=CARTESIAN_POINT('',(-0.060118,-0.0359,0.0041));
#4354=CARTESIAN_POINT('',(-0.065118,-0.0359,0.0041));
#4355=CARTESIAN_POINT('',(-0.065118,2.08166817117217E-17,0.0041));
#4356=CARTESIAN_POINT('',(-0.065118,-0.0169663848,0.0041));
#4357=CARTESIAN_POINT('',(0.0117329,-0.0169663847999999,0.0041));
#4358=CARTESIAN_POINT('',(-0.057118,-0.0169663848,0.0041));
#4359=CARTESIAN_POINT('',(-0.065118,-0.0169663848,0.0041));
#4360=CARTESIAN_POINT('',(-0.0572012815749622,-0.0145284356075689,0.0041));
#4361=CARTESIAN_POINT('',(-0.056118,-0.0145284356075689,0.0041));
#4362=CARTESIAN_POINT('',(-0.056118,-0.0145284356075689,0.0041));
#4363=CARTESIAN_POINT('',(-0.056118,3.69002912985049E-17,0.0041));
#4364=CARTESIAN_POINT('',(-0.056118,-0.00246433399243109,0.0041));
#4365=CARTESIAN_POINT('',(-0.056118,-0.00246433399243109,0.0041));
#4366=CARTESIAN_POINT('',(-0.00316216409502801,-0.0359,0.0041));
#4367=CARTESIAN_POINT('',(-0.00316216409502801,0.0309,0.0041));
#4368=CARTESIAN_POINT('',(-0.00316216409502801,-0.0309,0.0041));
#4369=CARTESIAN_POINT('',(0.002032,0.0309,0.0041));
#4370=CARTESIAN_POINT('',(-0.029140082047514,0.0309,0.0041));
#4371=CARTESIAN_POINT('',(0.002032,0.0309,0.0041));
#4372=CARTESIAN_POINT('',(-0.055118,0.0309,0.0041));
#4373=CARTESIAN_POINT('',(-0.055118,-6.93889390390723E-18,0.0041));
#4374=CARTESIAN_POINT('',(-0.055118,-0.0309,0.0041));
#4375=CARTESIAN_POINT('',(0.002032,-0.0309,0.0041));
#4376=CARTESIAN_POINT('',(-0.029140082047514,-0.0309,0.0041));
#4377=CARTESIAN_POINT('',(0.002032,-0.0309,0.0041));
#4378=CARTESIAN_POINT('',(-0.060118,0.0359,0.0041));
#4379=CARTESIAN_POINT('',(-0.058668,0.0359,0.0041));
#4380=CARTESIAN_POINT('',(-0.060118,-0.0359,0.0041));
#4381=CARTESIAN_POINT('',(-0.058668,-0.0359,0.0041));
#4382=CARTESIAN_POINT('',(-0.0533663863056453,-1.52613118560162E-5,0.0118959166526036));
#4383=CARTESIAN_POINT('',(-0.0651179994718695,-2.63847999776484E-5,0.0118944005881954));
#4384=CARTESIAN_POINT('',(-0.0651179944475765,-2.63847999782989E-5,0.0119073993989795));
#4385=CARTESIAN_POINT('',(-0.0651179819745751,-2.63847999908868E-5,0.0119203982026311));
#4386=CARTESIAN_POINT('',(-0.0651179621308436,-2.63848001897903E-5,0.0119333969992248));
#4387=CARTESIAN_POINT('',(-0.0651179749126908,-2.63848069855659E-5,0.011933397));
#4388=CARTESIAN_POINT('',(-0.0240992453992969,6.40470975168678E-5,0.011933397));
#4389=CARTESIAN_POINT('',(0.0117328754904698,-2.09218975477654E-10,0.013933397));
#4390=CARTESIAN_POINT('',(-0.0376993006162129,-0.0295981704184366,0.013933397));
#4391=CARTESIAN_POINT('',(-0.0391152829631556,-0.0288786269693514,0.013933397));
#4392=CARTESIAN_POINT('',(-0.0362833182692702,-0.0303177138675219,0.013933397));
#4393=CARTESIAN_POINT('',(-0.036536368543763,-0.0238583258485184,0.013933397));
#4394=CARTESIAN_POINT('',(-0.0339574541243704,-0.0188380247276855,0.013933397));
#4395=CARTESIAN_POINT('',(-0.0324523541371494,-0.0196114789959013,0.013933397));
#4396=CARTESIAN_POINT('',(-0.0309472541499283,-0.020384933264117,0.013933397));
#4397=CARTESIAN_POINT('',(-0.0336152862095992,-0.0253513235658195,0.013933397));
#4398=CARTESIAN_POINT('',(-0.0263529470221597,-0.0324523097330574,0.013933397));
#4399=CARTESIAN_POINT('',(-0.03081433656389,-0.0319726141003339,0.013933397));
#4400=CARTESIAN_POINT('',(-0.0218915574804294,-0.0329320053657809,0.013933397));
#4401=CARTESIAN_POINT('',(-0.0306647067756163,-0.0307436691384322,0.013933397));
#4402=CARTESIAN_POINT('',(-0.0305150769873427,-0.0295147241765307,0.013933397));
#4403=CARTESIAN_POINT('',(-0.0275048768133018,-0.0298271864108079,0.013933397));
#4404=CARTESIAN_POINT('',(-0.0244946766392609,-0.030139648645085,0.013933397));
#4405=CARTESIAN_POINT('',(-0.024382454248156,-0.0290999412450479,0.013933397));
#4406=CARTESIAN_POINT('',(-0.024270231857051,-0.0280602338450107,0.013933397));
#4407=CARTESIAN_POINT('',(-0.0268612485463637,-0.0277917803367671,0.013933397));
#4408=CARTESIAN_POINT('',(-0.0294522652356764,-0.0275233268285236,0.013933397));
#4409=CARTESIAN_POINT('',(-0.0292872322136521,-0.0263768981780355,0.013933397));
#4410=CARTESIAN_POINT('',(-0.0291221991916278,-0.0252304695275473,0.013933397));
#4411=CARTESIAN_POINT('',(-0.0265773918043695,-0.0255330298683264,0.013933397));
#4412=CARTESIAN_POINT('',(-0.0240325844171113,-0.0258355902091056,0.013933397));
#4413=CARTESIAN_POINT('',(-0.0238356451385722,-0.0239542150753802,0.013933397));
#4414=CARTESIAN_POINT('',(-0.0236387058600331,-0.0220728399416547,0.013933397));
#4415=CARTESIAN_POINT('',(-0.0222414271118753,-0.0222268706823713,0.013933397));
#4416=CARTESIAN_POINT('',(-0.0208441483637175,-0.0223809014230878,0.013933397));
#4417=CARTESIAN_POINT('',(-0.0213678529220734,-0.0276564533944344,0.013933397));
#4418=CARTESIAN_POINT('',(-0.0501019450713565,-0.00567400132841751,0.013933397));
#4419=CARTESIAN_POINT('',(-0.0505453334951224,-0.00314019602286832,0.013933397));
#4420=CARTESIAN_POINT('',(-0.0496585566475907,-0.0082078066339667,0.013933397));
#4421=CARTESIAN_POINT('',(-0.0526764585383063,-0.00355277837833034,0.013933397));
#4422=CARTESIAN_POINT('',(-0.0548075835814902,-0.00396536073379236,0.013933397));
#4423=CARTESIAN_POINT('',(-0.0551904598572607,-0.00220170893222704,0.013933397));
#4424=CARTESIAN_POINT('',(-0.0555733361330312,-0.000438057130661727,0.013933397));
#4425=CARTESIAN_POINT('',(-0.050376999908465,0.000601650069776699,0.013933397));
#4426=CARTESIAN_POINT('',(-0.0451806636838987,0.00164135727021512,0.013933397));
#4427=CARTESIAN_POINT('',(-0.0448682014496216,-0.000136597177692335,0.013933397));
#4428=CARTESIAN_POINT('',(-0.0445557392153444,-0.00191455162559979,0.013933397));
#4429=CARTESIAN_POINT('',(-0.0467671801935197,-0.00237554365953833,0.013933397));
#4430=CARTESIAN_POINT('',(-0.0489786211716949,-0.00283653569347686,0.013933397));
#4431=CARTESIAN_POINT('',(-0.0485319319836973,-0.00514149526437333,0.013933397));
#4432=CARTESIAN_POINT('',(-0.0480852427956996,-0.00744645483526981,0.013933397));
#4433=CARTESIAN_POINT('',(-0.0457879847418791,-0.00700086603508191,0.013933397));
#4434=CARTESIAN_POINT('',(-0.0434907266880585,-0.00655527723489402,0.013933397));
#4435=CARTESIAN_POINT('',(-0.0431507589501107,-0.00831122731978464,0.013933397));
#4436=CARTESIAN_POINT('',(-0.0428107912121628,-0.0100671774046753,0.013933397));
#4437=CARTESIAN_POINT('',(-0.048022530470881,-0.0110771789246196,0.013933397));
#4438=CARTESIAN_POINT('',(-0.0532342697295991,-0.012087180444564,0.013933397));
#4439=CARTESIAN_POINT('',(-0.053556634056973,-0.0106359910768746,0.013933397));
#4440=CARTESIAN_POINT('',(-0.0538789983843469,-0.0091848017091852,0.013933397));
#4441=CARTESIAN_POINT('',(-0.0517687775159688,-0.00869630417157595,0.013933397));
#4442=CARTESIAN_POINT('',(-0.0456476297078874,0.00596088680351408,0.013933397));
#4443=CARTESIAN_POINT('',(-0.0438443701327313,0.00548449193502238,0.013933397));
#4444=CARTESIAN_POINT('',(-0.0474508892830435,0.00643728167200579,0.013933397));
#4445=CARTESIAN_POINT('',(-0.044286658368286,0.00411691906695741,0.013933397));
#4446=CARTESIAN_POINT('',(-0.0447289466038409,0.00274934619889244,0.013933397));
#4447=CARTESIAN_POINT('',(-0.0497547488653276,0.00426434847880901,0.013933397));
#4448=CARTESIAN_POINT('',(-0.0547805511268144,0.00577935075872558,0.013933397));
#4449=CARTESIAN_POINT('',(-0.0533678693445048,0.0107314382144872,0.013933397));
#4450=CARTESIAN_POINT('',(-0.0519551875621951,0.0156835256702488,0.013933397));
#4451=CARTESIAN_POINT('',(-0.0487018388075606,0.0145921080271021,0.013933397));
#4452=CARTESIAN_POINT('',(-0.0454484900529261,0.0135006903839553,0.013933397));
#4453=CARTESIAN_POINT('',(-0.0464496896679848,0.00996898602798055,0.013933397));
#4454=CARTESIAN_POINT('',(-0.0330794051305949,0.0257937082295042,0.013933397));
#4455=CARTESIAN_POINT('',(-0.0338759639500385,0.0309933452183023,0.013933397));
#4456=CARTESIAN_POINT('',(-0.0322828463111514,0.0205940712407062,0.013933397));
#4457=CARTESIAN_POINT('',(-0.0298359584690571,0.0317601981576531,0.013933397));
#4458=CARTESIAN_POINT('',(-0.0257959529880758,0.0325270510970039,0.013933397));
#4459=CARTESIAN_POINT('',(-0.0237121374351574,0.0313608184599209,0.013933397));
#4460=CARTESIAN_POINT('',(-0.021628321882239,0.030194585822838,0.013933397));
#4461=CARTESIAN_POINT('',(-0.0212883539446924,0.0277575998742418,0.013933397));
#4462=CARTESIAN_POINT('',(-0.0209483860071457,0.0253206139256456,0.013933397));
#4463=CARTESIAN_POINT('',(-0.0220475051673685,0.0237605027314844,0.013933397));
#4464=CARTESIAN_POINT('',(-0.0231466243275912,0.0222003915373231,0.013933397));
#4465=CARTESIAN_POINT('',(-0.0277147353193713,0.0213972313890146,0.013933397));
#4466=CARTESIAN_POINT('',(-0.0339594964185967,0.0191481714390146,0.013933397));
#4467=CARTESIAN_POINT('',(-0.0350872212707012,0.0181436710597241,0.013933397));
#4468=CARTESIAN_POINT('',(-0.0328317715664923,0.0201526718183052,0.013933397));
#4469=CARTESIAN_POINT('',(-0.036686940438052,0.0199359285531713,0.013933397));
#4470=CARTESIAN_POINT('',(-0.0382866596054027,0.0217281860466183,0.013933397));
#4471=CARTESIAN_POINT('',(-0.0399655943199351,0.0203133038878866,0.013933397));
#4472=CARTESIAN_POINT('',(-0.0416445290344675,0.0188984217291548,0.013933397));
#4473=CARTESIAN_POINT('',(-0.0400844178403063,0.0169950422324127,0.013933397));
#4474=CARTESIAN_POINT('',(-0.038524306646145,0.0150916627356704,0.013933397));
#4475=CARTESIAN_POINT('',(-0.0398346681304464,0.0139584367429121,0.013933397));
#4476=CARTESIAN_POINT('',(-0.041145029614748,0.0128252107501537,0.013933397));
#4477=CARTESIAN_POINT('',(-0.0447372459191193,0.0172029835926608,0.013933397));
#4478=CARTESIAN_POINT('',(-0.0483294622234906,0.0215807564351679,0.013933397));
#4479=CARTESIAN_POINT('',(-0.0441827352924596,0.0250013385882488,0.013933397));
#4480=CARTESIAN_POINT('',(-0.0400360083614285,0.0284219207413297,0.013933397));
#4481=CARTESIAN_POINT('',(-0.0364338899639604,0.0242872962798174,0.013933397));
#4482=CARTESIAN_POINT('',(-0.0468536066440938,-0.0218391900651205,0.013933397));
#4483=CARTESIAN_POINT('',(-0.0503005939130356,-0.0183723988095838,0.013933397));
#4484=CARTESIAN_POINT('',(-0.043406619375152,-0.025305981320657,0.013933397));
#4485=CARTESIAN_POINT('',(-0.0493026950622088,-0.0173293908449136,0.013933397));
#4486=CARTESIAN_POINT('',(-0.048304796211382,-0.0162863828802433,0.013933397));
#4487=CARTESIAN_POINT('',(-0.0458535072172462,-0.018798183623177,0.013933397));
#4488=CARTESIAN_POINT('',(-0.0434022182231105,-0.0213099843661106,0.013933397));
#4489=CARTESIAN_POINT('',(-0.0428730127236993,-0.0207741775378346,0.013933397));
#4490=CARTESIAN_POINT('',(-0.0423438072242883,-0.0202383707095587,0.013933397));
#4491=CARTESIAN_POINT('',(-0.0447466865399476,-0.0177463737536211,0.013933397));
#4492=CARTESIAN_POINT('',(-0.0471495658556068,-0.0152543767976834,0.013933397));
#4493=CARTESIAN_POINT('',(-0.044801697547289,-0.0129681210251707,0.013933397));
#4494=CARTESIAN_POINT('',(-0.0424538292389712,-0.010681865252658,0.013933397));
#4495=CARTESIAN_POINT('',(-0.0391608725111471,-0.0143004866728903,0.013933397));
#4496=CARTESIAN_POINT('',(-0.0358679157833231,-0.0179191080931226,0.013933397));
#4497=CARTESIAN_POINT('',(-0.0366545727092686,-0.0187046648308571,0.013933397));
#4498=CARTESIAN_POINT('',(-0.0374412296352142,-0.0194902215685916,0.013933397));
#4499=CARTESIAN_POINT('',(-0.0398551110325825,-0.0169135077252198,0.013933397));
#4500=CARTESIAN_POINT('',(-0.0422689924299508,-0.014336793881848,0.013933397));
#4501=CARTESIAN_POINT('',(-0.0428521087484923,-0.0148582978641831,0.013933397));
#4502=CARTESIAN_POINT('',(-0.0434352250670337,-0.0153798018465182,0.013933397));
#4503=CARTESIAN_POINT('',(-0.0409718338029779,-0.017964217206966,0.013933397));
#4504=CARTESIAN_POINT('',(-0.038508442538922,-0.0205486325674137,0.013933397));
#4505=CARTESIAN_POINT('',(-0.040957530957037,-0.0229273069440354,0.013933397));
#4506=CARTESIAN_POINT('',(0.0117328754904698,0.0121813152,0.013933397));
#4507=CARTESIAN_POINT('',(-0.0364299076,0.0121813152,0.013933397));
#4508=CARTESIAN_POINT('',(-0.0105711776,0.0121813152,0.013933397));
#4509=CARTESIAN_POINT('',(-0.0105711776,-2.09218975477654E-10,0.013933397));
#4510=CARTESIAN_POINT('',(-0.0105711776,0.00364411520000001,0.013933397));
#4511=CARTESIAN_POINT('',(0.0117328754904698,0.00364411520000001,0.013933397));
#4512=CARTESIAN_POINT('',(-0.0364299076,0.00364411520000001,0.013933397));
#4513=CARTESIAN_POINT('',(-0.0364299076,-2.09218975477654E-10,0.013933397));
#4514=CARTESIAN_POINT('',(-0.0296841075019102,-0.0139733849444337,0.013933397));
#4515=CARTESIAN_POINT('',(-0.0152301075019102,-0.0139733849444337,0.013933397));
#4516=CARTESIAN_POINT('',(-0.0311841075019102,-0.0139733849444337,0.013933397));
#4517=CARTESIAN_POINT('',(-0.0311841075019102,-2.09218975477654E-10,0.013933397));
#4518=CARTESIAN_POINT('',(-0.0311841075019102,0.00198061505556626,0.013933397));
#4519=CARTESIAN_POINT('',(0.0117328754904698,0.00198061505556626,0.013933397));
#4520=CARTESIAN_POINT('',(-0.0152301075019102,0.00198061505556626,0.013933397));
#4521=CARTESIAN_POINT('',(-0.0152301075019102,-0.0124733849444337,0.013933397));
#4522=CARTESIAN_POINT('',(0.0117328754904699,-0.0169663847999999,0.013933397));
#4523=CARTESIAN_POINT('',(-0.0592052486417941,-0.0169663848,0.0139333970000016));
#4524=CARTESIAN_POINT('',(-0.057118,-0.0169663848,0.013933397));
#4525=CARTESIAN_POINT('',(-0.0240992453992969,6.40470975168678E-5,0.013933397));
#4526=CARTESIAN_POINT('',(-0.0261656693782186,-0.0389,0.013933397));
#4527=CARTESIAN_POINT('',(0.0117328754904698,-0.0389,0.013933397));
#4528=CARTESIAN_POINT('',(-0.00305279371856023,-0.0389,0.013933397));
#4529=CARTESIAN_POINT('',(-0.00305279371856023,-2.09218975157041E-10,0.013933397));
#4530=CARTESIAN_POINT('',(-0.00305279371856023,0.0389,0.013933397));
#4531=CARTESIAN_POINT('',(-0.0279679995084356,0.0389,0.013933397));
#4532=CARTESIAN_POINT('',(-0.0278722861404346,0.0389,0.013933397));
#4533=CARTESIAN_POINT('',(-0.0240992453992968,6.40470975168758E-5,0.013933397));
#4534=CARTESIAN_POINT('',(-0.063118,0.000124971577627648,0.013933397));
#4535=CARTESIAN_POINT('',(-0.063118,-2.092154754843E-10,0.013933397));
#4536=CARTESIAN_POINT('',(-0.0631179969454614,-2.04201605301603E-10,0.013933397));
#4537=CARTESIAN_POINT('',(-0.0240992453992969,6.40470975168678E-5,0.013933397));
#4538=CARTESIAN_POINT('',(-0.0631129451515808,-0.000567067723111752,0.013933397));
#4539=CARTESIAN_POINT('',(-0.065118,-0.0169663848,0.013933397));
#4540=CARTESIAN_POINT('',(-0.0240992453992969,6.40470975168678E-5,0.011933397));
#4541=CARTESIAN_POINT('',(-0.0651179498253918,-2.63848003331673E-5,0.011933397));
#4542=CARTESIAN_POINT('',(-0.0651179498253918,-2.63848003331673E-5,0.0124774722266285));
#4543=CARTESIAN_POINT('',(-0.0646469449785761,1.21807539397674E-5,0.0135517175778966));
#4544=CARTESIAN_POINT('',(-0.0635895927962353,-0.00030576448978477,0.013933397));
#4545=CARTESIAN_POINT('',(-0.0631129451515808,-0.000567067723111762,0.013933397));
#4546=CARTESIAN_POINT('',(-0.0631180019464498,3.122618136227E-6,0.011933397));
#4547=CARTESIAN_POINT('',(-0.056118,-0.00419638479999997,0.0051));
#4548=CARTESIAN_POINT('',(-0.0609832968128198,-0.00246433399243109,0.0041));
#4549=CARTESIAN_POINT('',(-0.0611148419032609,-0.00229616868778212,0.00439127085172231));
#4550=CARTESIAN_POINT('',(-0.0612005400160427,-0.00219638479999996,0.00473799096623424));
#4551=CARTESIAN_POINT('',(-0.0612005400160427,-0.00219638479999996,0.0051));
#4552=CARTESIAN_POINT('',(-0.0612005400160427,-0.00219638479999997,0.0051));
#4553=CARTESIAN_POINT('',(-0.056118,-0.00419638479999997,0.0051));
#4554=CARTESIAN_POINT('',(-0.056118,-0.00219638479999997,0.0051));
#4555=CARTESIAN_POINT('',(-0.056118,-0.00219638479999997,0.0051));
#4556=CARTESIAN_POINT('',(-0.056118,-0.0127963848,0.0051));
#4557=CARTESIAN_POINT('',(-0.0571839090935993,-0.0147963848,0.0051));
#4558=CARTESIAN_POINT('',(-0.0571839090935993,-0.0147963848,0.00474834931584807));
#4559=CARTESIAN_POINT('',(-0.057189212956861,-0.0147041571192715,0.00440435858625179));
#4560=CARTESIAN_POINT('',(-0.0572012815749622,-0.0145284356075689,0.0041));
#4561=CARTESIAN_POINT('',(-0.0571839090935993,-0.0147963848,0.0051));
#4562=CARTESIAN_POINT('',(-0.056118,-0.0147963848,0.0051));
#4563=CARTESIAN_POINT('',(-0.056118,-0.0147963848,0.0051));
#4564=CARTESIAN_POINT('',(-0.056118,-0.0127963848,0.0051));
#4565=CARTESIAN_POINT('',(-0.056118,-0.00419638479999998,0.00787));
#4566=CARTESIAN_POINT('',(-0.0612005400160427,-0.00219638479999997,0.00787));
#4567=CARTESIAN_POINT('',(-0.0612005400160427,-0.00219638479999997,0.00845242895265348));
#4568=CARTESIAN_POINT('',(-0.0607504453925408,-0.00271882819208904,0.00950006911163803));
#4569=CARTESIAN_POINT('',(-0.0601376813195125,-0.00368666418534287,0.00987000000000027));
#4570=CARTESIAN_POINT('',(-0.0598615088883929,-0.00419638480000104,0.00987));
#4571=CARTESIAN_POINT('',(-0.0612005400160427,-0.00219638479999997,0.00787));
#4572=CARTESIAN_POINT('',(-0.0598615088883934,-0.00419638479999997,0.00987));
#4573=CARTESIAN_POINT('',(-0.056118,-0.00219638479999997,0.00787));
#4574=CARTESIAN_POINT('',(-0.056118,-0.00219638479999997,0.00787));
#4575=CARTESIAN_POINT('',(-0.056118,-0.00419638479999998,0.00787));
#4576=CARTESIAN_POINT('',(-0.056118,-0.00419638479999998,0.00987));
#4577=CARTESIAN_POINT('',(-0.056118,-0.00419638479999998,0.00987));
#4578=CARTESIAN_POINT('',(-0.056118,-0.00219638479999997,0.006485));
#4579=CARTESIAN_POINT('',(-0.0612005400160427,-0.00219638479999997,0.0254));
#4580=CARTESIAN_POINT('',(-0.056118,-0.00219638479999997,0.006485));
#4581=CARTESIAN_POINT('',(-0.056118,-0.0147963848,0.006485));
#4582=CARTESIAN_POINT('',(-0.0571839090935993,-0.0147963848,0.0254));
#4583=CARTESIAN_POINT('',(-0.0571839090935993,-0.0147963848,0.00787));
#4584=CARTESIAN_POINT('',(-0.056118,-0.0147963848,0.00787));
#4585=CARTESIAN_POINT('',(-0.056118,-0.0147963848,0.00787));
#4586=CARTESIAN_POINT('',(-0.056118,-0.0147963848,0.006485));
#4587=CARTESIAN_POINT('',(-0.056118,-0.0127963848,0.00787));
#4588=CARTESIAN_POINT('',(-0.0573641722984827,-0.0127963848,0.00987));
#4589=CARTESIAN_POINT('',(-0.0573011278750828,-0.013322006887095,0.00987));
#4590=CARTESIAN_POINT('',(-0.0572070162845089,-0.0143568805035709,0.00943880708723693));
#4591=CARTESIAN_POINT('',(-0.0571839090935993,-0.0147963848,0.00839946232463047));
#4592=CARTESIAN_POINT('',(-0.0571839090935993,-0.0147963848,0.00787));
#4593=CARTESIAN_POINT('',(-0.0573641722984827,-0.0127963848,0.00987));
#4594=CARTESIAN_POINT('',(-0.056118,-0.0127963848,0.00987));
#4595=CARTESIAN_POINT('',(-0.056118,-0.0127963848,0.00987));
#4596=CARTESIAN_POINT('',(-0.056118,-0.0127963848,0.00787));
#4597=CARTESIAN_POINT('',(-0.065118,2.08166817117217E-17,0.0071));
#4598=CARTESIAN_POINT('',(-0.065118,-0.00327022934336613,0.0051));
#4599=CARTESIAN_POINT('',(-0.065118,-0.0359,0.0051));
#4600=CARTESIAN_POINT('',(-0.065118,-0.0169663848,0.0051));
#4601=CARTESIAN_POINT('',(-0.065118,-0.0169663848,0.0254));
#4602=CARTESIAN_POINT('',(-0.065118,-0.0359,0.0071));
#4603=CARTESIAN_POINT('',(-0.063118,3.92754628059548E-17,0.0051));
#4604=CARTESIAN_POINT('',(-0.063118,-0.0169663848,0.0051));
#4605=CARTESIAN_POINT('',(-0.0636910199623827,-0.0169663847887909,0.00701614974322677));
#4606=CARTESIAN_POINT('',(-0.063118,-0.0359,0.0051));
#4607=CARTESIAN_POINT('',(-0.063118,-0.0359,0.0071));
#4608=CARTESIAN_POINT('',(-0.063118,-0.0359,0.0071));
#4609=CARTESIAN_POINT('',(-0.0631179999999958,-0.0193334006957489,0.0071));
#4610=CARTESIAN_POINT('',(-0.0636910668945184,-0.016966396319381,0.00701613093786249));
#4611=CARTESIAN_POINT('',(-0.0636470159299928,-0.0171671766322316,0.00702930322447624));
#4612=CARTESIAN_POINT('',(-0.063562316506965,-0.017542713979139,0.00705181291554759));
#4613=CARTESIAN_POINT('',(-0.0633615176669868,-0.0183883514482695,0.00708964372593388));
#4614=CARTESIAN_POINT('',(-0.0632152809481028,-0.0189615064653181,0.0071));
#4615=CARTESIAN_POINT('',(-0.0631179999999957,-0.0193334006957491,0.0071));
#4616=CARTESIAN_POINT('',(-0.00316216409502801,-0.0359,0.012433397));
#4617=CARTESIAN_POINT('',(-0.00316216409502801,-0.0359,0.011933397));
#4618=CARTESIAN_POINT('',(-0.00316216409502801,0.0308999998953905,0.011933397));
#4619=CARTESIAN_POINT('',(-0.00316216409502801,-0.0309000001446724,0.011933397));
#4620=CARTESIAN_POINT('',(-0.00316216409502801,0.0309000001095052,8.25295422508051E-10));
#4621=CARTESIAN_POINT('',(-0.00316213951249994,0.0308999999599371,0.0071));
#4622=CARTESIAN_POINT('',(-0.00316216409502801,0.0309,0.0071));
#4623=CARTESIAN_POINT('',(-0.00316216409502801,-0.0309,0.0071));
#4624=CARTESIAN_POINT('',(0.0117329,1.38777878078145E-17,0.0071));
#4625=CARTESIAN_POINT('',(-0.0450795182889064,0.0388999999999906,0.00709999999999999));
#4626=CARTESIAN_POINT('',(-0.0472373474868344,0.0380777918220778,0.00709999999999999));
#4627=CARTESIAN_POINT('',(-0.0513708934187469,0.0359436027818049,0.0071));
#4628=CARTESIAN_POINT('',(-0.0557489218793856,0.0323160285552064,0.0071));
#4629=CARTESIAN_POINT('',(-0.0587531203682776,0.028786162505058,0.00710000000000001));
#4630=CARTESIAN_POINT('',(-0.0612315774611202,0.0249738760277795,0.0071));
#4631=CARTESIAN_POINT('',(-0.0625123849407952,0.0217723553868891,0.0071));
#4632=CARTESIAN_POINT('',(-0.0631179999999952,0.0195426802345229,0.0071));
#4633=CARTESIAN_POINT('',(-0.0450795182889064,0.0388999999999907,0.0071));
#4634=CARTESIAN_POINT('',(-0.0631179999999952,0.0195426802345229,0.0071));
#4635=CARTESIAN_POINT('',(-0.060118,0.0389,0.0071));
#4636=CARTESIAN_POINT('',(-0.060118,0.0389,0.0071));
#4637=CARTESIAN_POINT('',(-0.060118,0.0359,0.0071));
#4638=CARTESIAN_POINT('',(-0.063118,0.0359,0.0071));
#4639=CARTESIAN_POINT('',(-0.063118,0.00331928629593745,0.0071));
#4640=CARTESIAN_POINT('',(-0.060118,0.0359,0.0071));
#4641=CARTESIAN_POINT('',(-0.058668,0.0359,0.0071));
#4642=CARTESIAN_POINT('',(-0.00105279360000001,-0.0359,0.012433397));
#4643=CARTESIAN_POINT('',(-0.00105279360000001,0.0409,0.012433397));
#4644=CARTESIAN_POINT('',(-0.00105279360000001,0.0409,0.011933397));
#4645=CARTESIAN_POINT('',(-0.00105279360000001,0.0409,0.008433397));
#4646=CARTESIAN_POINT('',(-0.00105279360000001,-0.0359,0.011933397));
#4647=CARTESIAN_POINT('',(-0.00105279360000001,-0.0409,0.011933397));
#4648=CARTESIAN_POINT('',(-0.00105279360000001,-0.0409,0.012433397));
#4649=CARTESIAN_POINT('',(-0.00105279360000001,-0.0409,0.008433397));
#4650=CARTESIAN_POINT('',(-0.00105279360000001,-0.0389,0.008433397));
#4651=CARTESIAN_POINT('',(-0.00105279360000001,-0.0389,0.010433397));
#4652=CARTESIAN_POINT('',(-0.00105279360000001,-0.0359,0.010433397));
#4653=CARTESIAN_POINT('',(-0.00105279360000001,-0.0339,0.010433397));
#4654=CARTESIAN_POINT('',(-0.00105279360000001,-0.0339,0.010433397));
#4655=CARTESIAN_POINT('',(-0.00105279360000001,-0.0309,0.007433397));
#4656=CARTESIAN_POINT('',(-0.00105279360000001,-0.0309,0.010433397));
#4657=CARTESIAN_POINT('',(-0.00105279360000001,-0.0309,0.0061));
#4658=CARTESIAN_POINT('',(-0.00105279360000001,-0.0359,0.0061));
#4659=CARTESIAN_POINT('',(-0.00105279360000001,-0.0409,0.0061));
#4660=CARTESIAN_POINT('',(-0.00105279360000001,-0.0409,0.012433397));
#4661=CARTESIAN_POINT('',(-0.00105279360000001,0.0409,0.012433397));
#4662=CARTESIAN_POINT('',(-0.00105279360000001,0.0409,0.0061));
#4663=CARTESIAN_POINT('',(-0.00105279360000001,0.0359,0.0061));
#4664=CARTESIAN_POINT('',(-0.00105279360000001,0.0309,0.0061));
#4665=CARTESIAN_POINT('',(-0.00105279360000001,0.0309,0.010433397));
#4666=CARTESIAN_POINT('',(-0.00105279360000001,0.0309,0.007433397));
#4667=CARTESIAN_POINT('',(-0.00105279360000001,0.0309,0.007433397));
#4668=CARTESIAN_POINT('',(-0.00105279360000001,0.0339,0.010433397));
#4669=CARTESIAN_POINT('',(-0.00105279360000001,0.0359,0.010433397));
#4670=CARTESIAN_POINT('',(-0.00105279360000001,0.0389,0.010433397));
#4671=CARTESIAN_POINT('',(-0.00105279360000001,0.0389,0.008433397));
#4672=CARTESIAN_POINT('',(-0.00210747884751401,0.0409,0.012433397));
#4673=CARTESIAN_POINT('',(-0.060118,0.0409,0.0071));
#4674=CARTESIAN_POINT('',(-0.060118,0.0409,0.0051));
#4675=CARTESIAN_POINT('',(-0.0354648443516981,0.0409,0.0051));
#4676=CARTESIAN_POINT('',(-0.0385669487138766,0.0409,0.0051));
#4677=CARTESIAN_POINT('',(-0.0385669487138767,0.0409,0.00510000000000001));
#4678=CARTESIAN_POINT('',(-0.0375329145231278,0.0409,0.00576666666666667));
#4679=CARTESIAN_POINT('',(-0.036498880332379,0.0409,0.00643333333333334));
#4680=CARTESIAN_POINT('',(-0.0354648461416301,0.0409,0.0071));
#4681=CARTESIAN_POINT('',(-0.0354648461416301,0.0408999999198742,0.0071));
#4682=CARTESIAN_POINT('',(-0.040118,0.0409,0.0041));
#4683=CARTESIAN_POINT('',(-0.0279679995084357,0.0408999997907811,0.011933397));
#4684=CARTESIAN_POINT('',(-0.00305279371856023,0.0409,0.011933397));
#4685=CARTESIAN_POINT('',(0.064182,0.0409,0.008433397));
#4686=CARTESIAN_POINT('',(0.064182,0.0409,0.008433397));
#4687=CARTESIAN_POINT('',(0.064182,0.0409,0.010433397));
#4688=CARTESIAN_POINT('',(0.064182,0.0409,0.0061));
#4689=CARTESIAN_POINT('',(0.0556834965265989,0.0409,0.0061));
#4690=CARTESIAN_POINT('',(-0.00210747884751401,-0.0409,0.012433397));
#4691=CARTESIAN_POINT('',(-0.0347946388228898,-0.0409,0.00709999999999999));
#4692=CARTESIAN_POINT('',(-0.0359776079733587,-0.0409,0.00643333333333332));
#4693=CARTESIAN_POINT('',(-0.0371605771238276,-0.0409,0.00576666666666666));
#4694=CARTESIAN_POINT('',(-0.0383435462742966,-0.0409,0.0051));
#4695=CARTESIAN_POINT('',(-0.0347946388228898,-0.0409000000801258,0.0071));
#4696=CARTESIAN_POINT('',(-0.0383435462742965,-0.0409,0.0051));
#4697=CARTESIAN_POINT('',(-0.00210747884751401,-0.0409,0.0051));
#4698=CARTESIAN_POINT('',(-0.060118,-0.0409,0.0051));
#4699=CARTESIAN_POINT('',(-0.060118,-0.0409,0.0071));
#4700=CARTESIAN_POINT('',(0.0204896032,-0.0409,0.0061));
#4701=CARTESIAN_POINT('',(0.064182,-0.0409,0.0061));
#4702=CARTESIAN_POINT('',(0.064182,-0.0409,0.010433397));
#4703=CARTESIAN_POINT('',(0.064182,-0.0409,0.008433397));
#4704=CARTESIAN_POINT('',(-0.00210747884751401,-0.0409,0.008433397));
#4705=CARTESIAN_POINT('',(-0.00210747884751401,-0.0409,0.011933397));
#4706=CARTESIAN_POINT('',(-0.026217999508436,-0.040900000209219,0.011933397));
#4707=CARTESIAN_POINT('',(-0.033167999754218,-0.0409000001046095,0.0080166985));
#4708=CARTESIAN_POINT('',(0.064182,-0.0359,0.010433397));
#4709=CARTESIAN_POINT('',(0.069182,-0.0359,0.010433397));
#4710=CARTESIAN_POINT('',(0.069182,-0.0359,0.008433397));
#4711=CARTESIAN_POINT('',(0.069182,-0.0359,0.0061));
#4712=CARTESIAN_POINT('',(0.064182,-0.0359,0.008433397));
#4713=CARTESIAN_POINT('',(0.064182,-0.0359,0.0061));
#4714=CARTESIAN_POINT('',(0.069182,-0.0273215074338411,0.010433397));
#4715=CARTESIAN_POINT('',(0.069182,0.0359,0.010433397));
#4716=CARTESIAN_POINT('',(0.069182,0.0359,0.008433397));
#4717=CARTESIAN_POINT('',(0.069182,0.0359,0.0061));
#4718=CARTESIAN_POINT('',(0.069182,-0.0273215074338411,0.008433397));
#4719=CARTESIAN_POINT('',(0.069182,-0.0273215074338411,0.0061));
#4720=CARTESIAN_POINT('',(0.064182,0.0359,0.010433397));
#4721=CARTESIAN_POINT('',(0.064182,0.0359,0.008433397));
#4722=CARTESIAN_POINT('',(0.064182,0.0359,0.0061));
#4723=CARTESIAN_POINT('',(0.002032,0.0309,0.010433397));
#4724=CARTESIAN_POINT('',(0.059182,0.0309,0.010433397));
#4725=CARTESIAN_POINT('',(0.059182,0.0309,0.007433397));
#4726=CARTESIAN_POINT('',(0.059182,0.0309,0.0061));
#4727=CARTESIAN_POINT('',(0.002032,0.0309,0.007433397));
#4728=CARTESIAN_POINT('',(0.002032,0.0309,0.0061));
#4729=CARTESIAN_POINT('',(0.059182,-0.019434756087893,0.010433397));
#4730=CARTESIAN_POINT('',(0.059182,-0.0309,0.010433397));
#4731=CARTESIAN_POINT('',(0.059182,-0.0309,0.007433397));
#4732=CARTESIAN_POINT('',(0.059182,-0.0309,0.0061));
#4733=CARTESIAN_POINT('',(0.059182,0.0309,0.007433397));
#4734=CARTESIAN_POINT('',(0.059182,-0.019434756087893,0.0061));
#4735=CARTESIAN_POINT('',(0.002032,-0.0309,0.010433397));
#4736=CARTESIAN_POINT('',(0.059182,-0.0309,0.007433397));
#4737=CARTESIAN_POINT('',(0.002032,-0.0309,0.0061));
#4738=CARTESIAN_POINT('',(0.064182,-0.0359,0.010433397));
#4739=CARTESIAN_POINT('',(0.064182,-0.0359,0.010433397));
#4740=CARTESIAN_POINT('',(0.065632,-0.0359,0.010433397));
#4741=CARTESIAN_POINT('',(0.064182,-0.0359,0.0061));
#4742=CARTESIAN_POINT('',(0.065632,-0.0359,0.0061));
#4743=CARTESIAN_POINT('',(0.064182,0.0359,0.010433397));
#4744=CARTESIAN_POINT('',(0.064182,0.0359,0.010433397));
#4745=CARTESIAN_POINT('',(0.065632,0.0359,0.010433397));
#4746=CARTESIAN_POINT('',(0.064182,0.0359,0.0061));
#4747=CARTESIAN_POINT('',(0.065632,0.0359,0.0061));
#4748=CARTESIAN_POINT('',(0.0117329,1.38777878078145E-17,0.010433397));
#4749=CARTESIAN_POINT('',(0.064182,0.0359,0.010433397));
#4750=CARTESIAN_POINT('',(0.067182,0.0359,0.010433397));
#4751=CARTESIAN_POINT('',(0.064182,0.0389,0.010433397));
#4752=CARTESIAN_POINT('',(-0.00105279360000001,0.0389,0.010433397));
#4753=CARTESIAN_POINT('',(0.0117329,0.0339,0.010433397));
#4754=CARTESIAN_POINT('',(0.062182,0.0339,0.010433397));
#4755=CARTESIAN_POINT('',(0.062182,-0.0309,0.010433397));
#4756=CARTESIAN_POINT('',(0.062182,-0.0339,0.010433397));
#4757=CARTESIAN_POINT('',(-0.00105279360000001,-0.0339,0.010433397));
#4758=CARTESIAN_POINT('',(0.0117329,-0.0389,0.010433397));
#4759=CARTESIAN_POINT('',(0.064182,-0.0389,0.010433397));
#4760=CARTESIAN_POINT('',(0.064182,-0.0359,0.010433397));
#4761=CARTESIAN_POINT('',(0.067182,-0.0359,0.010433397));
#4762=CARTESIAN_POINT('',(0.067182,-1.44578628612482E-17,0.010433397));
#4763=CARTESIAN_POINT('',(0.0117329,1.38777878078145E-17,0.0061));
#4764=CARTESIAN_POINT('',(0.0117329,-0.0339,0.010433397));
#4765=CARTESIAN_POINT('',(0.050882,-0.0226,-0.000866603));
#4766=CARTESIAN_POINT('',(0.062182,1.38777878078145E-17,0.010433397));
#4767=CARTESIAN_POINT('',(0.040132,0.01185,-0.011616603));
#4768=CARTESIAN_POINT('',(0.002032,0.0309,0.007433397));
#4769=CARTESIAN_POINT('',(-0.060118,0.0359,0.0071));
#4770=CARTESIAN_POINT('',(-0.060118,0.0359,0.0051));
#4771=CARTESIAN_POINT('',(-0.060118,-0.0359,0.0071));
#4772=CARTESIAN_POINT('',(-0.060118,-0.0359,0.0051));
#4773=CARTESIAN_POINT('',(0.002032,-0.0309,0.0071));
#4774=CARTESIAN_POINT('',(-0.029140082047514,-0.0309,0.0041));
#4775=CARTESIAN_POINT('',(-0.0280209957025686,-0.0309000000801258,0.0071));
#4776=CARTESIAN_POINT('',(-0.029140082047514,-0.0309,0.0041));
#4777=CARTESIAN_POINT('',(-0.0262179995084353,-0.030900000209219,0.011933397));
#4778=CARTESIAN_POINT('',(-0.014690017613498,-0.030900000209219,0.011933397));
#4779=CARTESIAN_POINT('',(0.002032,0.0309,0.0071));
#4780=CARTESIAN_POINT('',(-0.028554040777975,0.0308999998953905,0.0080166985));
#4781=CARTESIAN_POINT('',(-0.0286912030213094,0.0309,0.0071));
#4782=CARTESIAN_POINT('',(-0.0155650176134979,0.030899999790781,0.011933397));
#4783=CARTESIAN_POINT('',(-0.0279679995084358,0.030899999790781,0.011933397));
#4784=CARTESIAN_POINT('',(-0.028554040777975,0.0308999998953905,0.0080166985));
#4785=CARTESIAN_POINT('',(-0.060118,-0.0359,0.0071));
#4786=CARTESIAN_POINT('',(-0.060118,-0.0359,0.0071));
#4787=CARTESIAN_POINT('',(-0.058668,-0.0359,0.0071));
#4788=CARTESIAN_POINT('',(-0.060118,0.0359,0.0071));
#4789=CARTESIAN_POINT('',(0.0117329,1.38777878078145E-17,0.0071));
#4790=CARTESIAN_POINT('',(-0.0631179999999958,-0.0193334006957489,0.0071));
#4791=CARTESIAN_POINT('',(-0.0625290740889399,-0.0215847988650191,0.0071));
#4792=CARTESIAN_POINT('',(-0.0612963157198559,-0.024792882337773,0.0071));
#4793=CARTESIAN_POINT('',(-0.0587699256484797,-0.0287174484774732,0.0071));
#4794=CARTESIAN_POINT('',(-0.0565286752688149,-0.0313554160927674,0.0071));
#4795=CARTESIAN_POINT('',(-0.0540055930881906,-0.0337081816595897,0.0071));
#4796=CARTESIAN_POINT('',(-0.0502644930945987,-0.0364946995484586,0.0071));
#4797=CARTESIAN_POINT('',(-0.0471928257454042,-0.0380743729783904,0.0071));
#4798=CARTESIAN_POINT('',(-0.0450164218611065,-0.0388999999999935,0.0071));
#4799=CARTESIAN_POINT('',(-0.0450164218611065,-0.0388999999999936,0.0071));
#4800=CARTESIAN_POINT('',(-0.060118,-0.0359,0.0071));
#4801=CARTESIAN_POINT('',(-0.060118,-0.0389,0.0071));
#4802=CARTESIAN_POINT('',(0.0117329,-0.0389,0.0071));
#4803=CARTESIAN_POINT('',(-0.055118,0.0309,0.0041));
#4804=CARTESIAN_POINT('',(-0.0461038447908822,0.0211858687367644,0.011933397));
#4805=CARTESIAN_POINT('',(-0.0529531735039595,0.0309,0.0041));
#4806=CARTESIAN_POINT('',(-0.0449222812633662,0.0224730271686603,0.011933397));
#4807=CARTESIAN_POINT('',(-0.050788347007919,0.0309,0.0041));
#4808=CARTESIAN_POINT('',(-0.0436322439669683,0.0236605501280195,0.011933397));
#4809=CARTESIAN_POINT('',(-0.046458694015838,0.0309,0.0041));
#4810=CARTESIAN_POINT('',(-0.040871521308664,0.0258029174914003,0.011933397));
#4811=CARTESIAN_POINT('',(-0.0442938675197975,0.0309,0.0041));
#4812=CARTESIAN_POINT('',(-0.0394008799470481,0.0267577254874394,0.011933397));
#4813=CARTESIAN_POINT('',(-0.0399642145277165,0.0309,0.0041));
#4814=CARTESIAN_POINT('',(-0.0363204676909523,0.0284076915017104,0.011933397));
#4815=CARTESIAN_POINT('',(-0.037799388031676,0.0309,0.0041));
#4816=CARTESIAN_POINT('',(-0.0347107378337058,0.0291028275391052,0.011933397));
#4817=CARTESIAN_POINT('',(-0.033469735039595,0.0309,0.0041));
#4818=CARTESIAN_POINT('',(-0.0313975795583821,0.0302138224798714,0.011933397));
#4819=CARTESIAN_POINT('',(-0.0313049085435545,0.0309,0.0041));
#4820=CARTESIAN_POINT('',(-0.0296942058291083,0.0306296649302325,0.011933397));
#4821=CARTESIAN_POINT('',(-0.029140082047514,0.0309,0.0041));
#4822=CARTESIAN_POINT('',(-0.0279679995084358,0.030899999790781,0.011933397));
#4823=CARTESIAN_POINT('',(-0.0231463654083709,0.000111757228889677,0.011933397));
#4824=CARTESIAN_POINT('',(-0.0461038447908822,0.0211858687367644,0.011933397));
#4825=CARTESIAN_POINT('',(-0.0506109223954411,0.0260429343683822,0.0080166985));
#4826=CARTESIAN_POINT('',(-0.055118,-0.0309,0.0041));
#4827=CARTESIAN_POINT('',(-0.0461038447908822,-0.020962354278985,0.011933397));
#4828=CARTESIAN_POINT('',(-0.055118,-0.028325,0.0041));
#4829=CARTESIAN_POINT('',(-0.0474017863389102,-0.019548417263542,0.011933397));
#4830=CARTESIAN_POINT('',(-0.055118,-0.0257484475767377,0.0041));
#4831=CARTESIAN_POINT('',(-0.0485679324825817,-0.0180151893709641,0.011933397));
#4832=CARTESIAN_POINT('',(-0.055118,-0.0205945665185818,0.0041));
#4833=CARTESIAN_POINT('',(-0.050598820083018,-0.0147612047450749,0.011933397));
#4834=CARTESIAN_POINT('',(-0.055118,-0.0180172378836884,0.0041));
#4835=CARTESIAN_POINT('',(-0.0514635202259488,-0.0130405095327138,0.011933397));
#4836=CARTESIAN_POINT('',(-0.055118,-0.0128641330371637,0.0041));
#4837=CARTESIAN_POINT('',(-0.0528627391051668,-0.00946845739519002,0.011933397));
#4838=CARTESIAN_POINT('',(-0.055118,-0.0102883568255325,0.0041));
#4839=CARTESIAN_POINT('',(-0.0533972357500958,-0.00761715038653813,0.011933397));
#4840=CARTESIAN_POINT('',(-0.055118,-0.00514068546042601,0.0041));
#4841=CARTESIAN_POINT('',(-0.0541172593699131,-0.00384486969092198,0.011933397));
#4842=CARTESIAN_POINT('',(-0.055118,-0.00256879030695068,0.0041));
#4843=CARTESIAN_POINT('',(-0.0543027702427854,-0.00192394874530003,0.011933397));
#4844=CARTESIAN_POINT('',(-0.055118,0.00258122470411802,0.0041));
#4845=CARTESIAN_POINT('',(-0.0543166029194871,0.0019332613253433,0.011933397));
#4846=CARTESIAN_POINT('',(-0.055118,0.00515933705617705,0.0041));
#4847=CARTESIAN_POINT('',(-0.0541430694582692,0.00386949833030098,0.011933397));
#4848=CARTESIAN_POINT('',(-0.055118,0.0103116713202213,0.0041));
#4849=CARTESIAN_POINT('',(-0.0534391182592584,0.00767914811725153,0.011933397));
#4850=CARTESIAN_POINT('',(-0.055118,0.0128858932322065,0.0041));
#4851=CARTESIAN_POINT('',(-0.0529087119966998,0.00955246330028288,0.011933397));
#4852=CARTESIAN_POINT('',(-0.055118,0.0180327808801475,0.0041));
#4853=CARTESIAN_POINT('',(-0.0515087877791865,0.0131692149764648,0.011933397));
#4854=CARTESIAN_POINT('',(-0.055118,0.0206054466161033,0.0041));
#4855=CARTESIAN_POINT('',(-0.0506393029941684,0.0149125586044992,0.011933397));
#4856=CARTESIAN_POINT('',(-0.055118,0.0257515561760296,0.0041));
#4857=CARTESIAN_POINT('',(-0.0485920669069855,0.0182071050757868,0.011933397));
#4858=CARTESIAN_POINT('',(-0.055118,0.028325,0.0041));
#4859=CARTESIAN_POINT('',(-0.0474143789197554,0.0197582137567457,0.011933397));
#4860=CARTESIAN_POINT('',(-0.055118,0.0309,0.0041));
#4861=CARTESIAN_POINT('',(-0.0461038447908822,0.0211858687367644,0.011933397));
#4862=CARTESIAN_POINT('',(-0.0550947816114742,-0.0126663848,0.00418));
#4863=CARTESIAN_POINT('',(-0.0551012084754083,-0.00988638803043007,0.00418));
#4864=CARTESIAN_POINT('',(-0.0551056158649925,-0.00710638808388549,0.00418));
#4865=CARTESIAN_POINT('',(-0.0551079018418909,-0.00432638479999998,0.00418));
#4866=CARTESIAN_POINT('',(-0.0550947816114742,-0.0126663848,0.00418));
#4867=CARTESIAN_POINT('',(-0.0551079018418909,-0.00432638479999998,0.00418));
#4868=CARTESIAN_POINT('',(-0.0547555900301466,-0.0136663848,0.00518));
#4869=CARTESIAN_POINT('',(-0.0548460262501736,-0.0136663848,0.00492387371033282));
#4870=CARTESIAN_POINT('',(-0.0550235261464067,-0.0134659065061623,0.00441552207802202));
#4871=CARTESIAN_POINT('',(-0.055094152623273,-0.0129384592029128,0.00418));
#4872=CARTESIAN_POINT('',(-0.0550947816114742,-0.0126663848,0.00418));
#4873=CARTESIAN_POINT('',(-0.0547555900301466,-0.0136663848,0.00518));
#4874=CARTESIAN_POINT('',(-0.0547555900301466,-0.0136663848,0.00518));
#4875=CARTESIAN_POINT('',(-0.0544426459658031,-0.0136663848,0.00606629535875957));
#4876=CARTESIAN_POINT('',(-0.0540946611001595,-0.0136663848,0.00693836920036059));
#4877=CARTESIAN_POINT('',(-0.0536963060410017,-0.0136663848,0.00779));
#4878=CARTESIAN_POINT('',(-0.0536963060410018,-0.0136663848,0.00779));
#4879=CARTESIAN_POINT('',(-0.0534016504539389,-0.0126663848,0.00879));
#4880=CARTESIAN_POINT('',(-0.0533492462776328,-0.0129353199664376,0.00879));
#4881=CARTESIAN_POINT('',(-0.0533586989241167,-0.0134780763869295,0.00854766318085297));
#4882=CARTESIAN_POINT('',(-0.0535804277524133,-0.0136663848,0.00803773256245321));
#4883=CARTESIAN_POINT('',(-0.0536963060410017,-0.0136663848,0.00779));
#4884=CARTESIAN_POINT('',(-0.0534016504539389,-0.0126663848,0.00879));
#4885=CARTESIAN_POINT('',(-0.0534016504539389,-0.0126663848,0.00879));
#4886=CARTESIAN_POINT('',(-0.0539389022226499,-0.00990924015959501,0.00879));
#4887=CARTESIAN_POINT('',(-0.0542996597146958,-0.00712914615714876,0.00879));
#4888=CARTESIAN_POINT('',(-0.054486091734646,-0.00432638479999997,0.00879));
#4889=CARTESIAN_POINT('',(-0.054486091734646,-0.00432638479999997,0.00879));
#4890=CARTESIAN_POINT('',(-0.0546721323207089,-0.00332638479999997,0.00779));
#4891=CARTESIAN_POINT('',(-0.0546390276709456,-0.00332638479999997,0.00805393611196988));
#4892=CARTESIAN_POINT('',(-0.0545654671330004,-0.00354271182349318,0.00857005518850488));
#4893=CARTESIAN_POINT('',(-0.0545037490774442,-0.00406092976669597,0.00879));
#4894=CARTESIAN_POINT('',(-0.054486091734646,-0.00432638479999997,0.00879));
#4895=CARTESIAN_POINT('',(-0.0546721323207089,-0.00332638479999997,0.00779));
#4896=CARTESIAN_POINT('',(-0.0549905685511568,-0.00332638479999997,0.00518));
#4897=CARTESIAN_POINT('',(-0.0548869869569102,-0.00332638479999997,0.00605031280148338));
#4898=CARTESIAN_POINT('',(-0.0547812087437751,-0.00332638479999998,0.00692035760180254));
#4899=CARTESIAN_POINT('',(-0.0546721323207089,-0.00332638479999998,0.00779));
#4900=CARTESIAN_POINT('',(-0.0549905685511568,-0.00332638479999997,0.00518));
#4901=CARTESIAN_POINT('',(-0.0551079018418909,-0.00432638479999998,0.00418));
#4902=CARTESIAN_POINT('',(-0.0551081197713465,-0.00406135823626418,0.00418));
#4903=CARTESIAN_POINT('',(-0.0550814083831523,-0.0035427887466328,0.00439924286714302));
#4904=CARTESIAN_POINT('',(-0.0550218837264516,-0.00332638479999997,0.00491688377613834));
#4905=CARTESIAN_POINT('',(-0.0549905685511568,-0.00332638479999997,0.00518));
#4906=CARTESIAN_POINT('',(-0.0231463654083709,0.000111757228889677,0.011933397));
#4907=CARTESIAN_POINT('',(-0.0543096698820591,-2.09218959166435E-10,0.011933397));
#4908=CARTESIAN_POINT('',(-0.0231463654083709,0.000111757228889677,0.011933397));
#4909=CARTESIAN_POINT('',(-0.0461038447908822,-0.020962354278985,0.011933397));
#4910=CARTESIAN_POINT('',(-0.0506109223954411,-0.0259311771394925,0.0080166985));
#4911=CARTESIAN_POINT('',(-0.029140082047514,-0.0309,0.0041));
#4912=CARTESIAN_POINT('',(-0.0262179995084353,-0.030900000209219,0.011933397));
#4913=CARTESIAN_POINT('',(-0.0313049085435545,-0.0309,0.0041));
#4914=CARTESIAN_POINT('',(-0.0281030646114319,-0.0307132894024303,0.011933397));
#4915=CARTESIAN_POINT('',(-0.033469735039595,-0.0309,0.0041));
#4916=CARTESIAN_POINT('',(-0.0299709925073097,-0.030354236455693,0.011933397));
#4917=CARTESIAN_POINT('',(-0.037799388031676,-0.0309,0.0041));
#4918=CARTESIAN_POINT('',(-0.0336108623011396,-0.0293033173249821,0.011933397));
#4919=CARTESIAN_POINT('',(-0.0399642145277165,-0.0309,0.0041));
#4920=CARTESIAN_POINT('',(-0.0353827213099773,-0.0286114720547027,0.011933397));
#4921=CARTESIAN_POINT('',(-0.0442938675197975,-0.0309,0.0041));
#4922=CARTESIAN_POINT('',(-0.0387716597687914,-0.026917902080447,0.011933397));
#4923=CARTESIAN_POINT('',(-0.046458694015838,-0.0309,0.0041));
#4924=CARTESIAN_POINT('',(-0.0403886768603745,-0.0259162085391204,0.011933397));
#4925=CARTESIAN_POINT('',(-0.050788347007919,-0.0309,0.0041));
#4926=CARTESIAN_POINT('',(-0.043414302439272,-0.0236361486733162,0.011933397));
#4927=CARTESIAN_POINT('',(-0.0529531735039595,-0.0309,0.0041));
#4928=CARTESIAN_POINT('',(-0.0448228444393402,-0.0223578360836878,0.011933397));
#4929=CARTESIAN_POINT('',(-0.055118,-0.0309,0.0041));
#4930=CARTESIAN_POINT('',(-0.0461038447908822,-0.020962354278985,0.011933397));
#4931=CARTESIAN_POINT('',(-0.0231463654083709,0.000111757228889677,0.011933397));
#4932=CARTESIAN_POINT('',(-0.0646735412580104,-0.0164118527089946,0.00505899961815024));
#4933=CARTESIAN_POINT('',(-0.061518880895288,-0.0167381856533801,0.011933397));
#4934=CARTESIAN_POINT('',(-0.0646367611849217,-0.0169321779328695,0.00505899961815024));
#4935=CARTESIAN_POINT('',(-0.0612884359774363,-0.0172514846490154,0.011933397));
#4936=CARTESIAN_POINT('',(-0.0645850482754315,-0.017477165334697,0.00505899961815024));
#4937=CARTESIAN_POINT('',(-0.0610571487912418,-0.017738369250314,0.011933397));
#4938=CARTESIAN_POINT('',(-0.0644205093419593,-0.0187754982603602,0.00505899961815024));
#4939=CARTESIAN_POINT('',(-0.0605236273301596,-0.0188109729604378,0.011933397));
#4940=CARTESIAN_POINT('',(-0.064293779144219,-0.0195417858101889,0.00505899961815024));
#4941=CARTESIAN_POINT('',(-0.0602211576397872,-0.019381760216821,0.011933397));
#4942=CARTESIAN_POINT('',(-0.0639585324017168,-0.0211068814635805,0.00505899961815024));
#4943=CARTESIAN_POINT('',(-0.0596126995602896,-0.020471934485332,0.011933397));
#4944=CARTESIAN_POINT('',(-0.0637499498637872,-0.0219056139073458,0.00505899961815024));
#4945=CARTESIAN_POINT('',(-0.0593066840589512,-0.0209913270064655,0.011933397));
#4946=CARTESIAN_POINT('',(-0.0632454796596662,-0.0235034840506671,0.00505899961815024));
#4947=CARTESIAN_POINT('',(-0.0586846045001447,-0.0219982612925264,0.011933397));
#4948=CARTESIAN_POINT('',(-0.0629495741497177,-0.0243025277222117,0.00505899961815024));
#4949=CARTESIAN_POINT('',(-0.0583685238864579,-0.0224858094754906,0.011933397));
#4950=CARTESIAN_POINT('',(-0.0622754872663924,-0.0258699284021604,0.00505899961815024));
#4951=CARTESIAN_POINT('',(-0.0577164684829774,-0.0234468395645352,0.011933397));
#4952=CARTESIAN_POINT('',(-0.0618973367018345,-0.0266381958727173,0.00505899961815024));
#4953=CARTESIAN_POINT('',(-0.0573804862578691,-0.0239203320277242,0.011933397));
#4954=CARTESIAN_POINT('',(-0.0610741359626244,-0.0281168205332448,0.00505899961815024));
#4955=CARTESIAN_POINT('',(-0.0566758201552485,-0.0248690275680653,0.011933397));
#4956=CARTESIAN_POINT('',(-0.0606291568734722,-0.0288271152381706,0.00505899961815024));
#4957=CARTESIAN_POINT('',(-0.0563071361361358,-0.02534424805125,0.011933397));
#4958=CARTESIAN_POINT('',(-0.0596964528426877,-0.0301688045911331,0.00505899961815024));
#4959=CARTESIAN_POINT('',(-0.0555214031056477,-0.0263097598548406,0.011933397));
#4960=CARTESIAN_POINT('',(-0.0592088235841183,-0.0308001812138338,0.00505899961815024));
#4961=CARTESIAN_POINT('',(-0.0551043588044723,-0.0268000779551526,0.011933397));
#4962=CARTESIAN_POINT('',(-0.0582211825142663,-0.0319705472191915,0.00505899961815024));
#4963=CARTESIAN_POINT('',(-0.0542033070876301,-0.0278060756502982,0.011933397));
#4964=CARTESIAN_POINT('',(-0.0577212722540511,-0.0325095721822049,0.00505899961815024));
#4965=CARTESIAN_POINT('',(-0.0537193057955746,-0.0283217939348713,0.011933397));
#4966=CARTESIAN_POINT('',(-0.0568822475657733,-0.0333492655760882,0.00505899961815024));
#4967=CARTESIAN_POINT('',(-0.0528133983418653,-0.02923316357687,0.011933397));
#4968=CARTESIAN_POINT('',(-0.0565312747674555,-0.0336809628826828,0.00505899961815024));
#4969=CARTESIAN_POINT('',(-0.0524144311933118,-0.0296196233890461,0.011933397));
#4970=CARTESIAN_POINT('',(-0.0558283220206079,-0.0343118935011333,0.00505899961815024));
#4971=CARTESIAN_POINT('',(-0.0515749813559191,-0.0303982898736744,0.011933397));
#4972=CARTESIAN_POINT('',(-0.0554763353131065,-0.0346111281082664,0.00505899961815024));
#4973=CARTESIAN_POINT('',(-0.0511344960874839,-0.0307904918607498,0.011933397));
#4974=CARTESIAN_POINT('',(-0.054771958912791,-0.0351807959998586,0.00505899961815024));
#4975=CARTESIAN_POINT('',(-0.0502139927115199,-0.0315733884325487,0.011933397));
#4976=CARTESIAN_POINT('',(-0.0544195635697384,-0.035451229687114,0.00505899961815024));
#4977=CARTESIAN_POINT('',(-0.0497339732646949,-0.0319640782149553,0.011933397));
#4978=CARTESIAN_POINT('',(-0.0537142290003243,-0.0359665058102334,0.00505899961815024));
#4979=CARTESIAN_POINT('',(-0.0487371536596296,-0.0327370742296552,0.011933397));
#4980=CARTESIAN_POINT('',(-0.053361285158217,-0.0362113481404364,0.00505899961815024));
#4981=CARTESIAN_POINT('',(-0.0482203533926052,-0.0331193757251116,0.011933397));
#4982=CARTESIAN_POINT('',(-0.0526541212826681,-0.0366781959971882,0.00505899961815024));
#4983=CARTESIAN_POINT('',(-0.0471535153392644,-0.0338692409628124,0.011933397));
#4984=CARTESIAN_POINT('',(-0.0522998975534777,-0.0369002012205882,0.00505899961815024));
#4985=CARTESIAN_POINT('',(-0.0466034786172299,-0.0342368002370462,0.011933397));
#4986=CARTESIAN_POINT('',(-0.0515889743793495,-0.0373236809779028,0.00505899961815024));
#4987=CARTESIAN_POINT('',(-0.0454744873047549,-0.0349514876560647,0.011933397));
#4988=CARTESIAN_POINT('',(-0.0512322720181529,-0.0375251552597894,0.00505899961815024));
#4989=CARTESIAN_POINT('',(-0.0448955348449429,-0.0352986118101352,0.011933397));
#4990=CARTESIAN_POINT('',(-0.0505148234480767,-0.0379094401649369,0.00505899961815024));
#4991=CARTESIAN_POINT('',(-0.043713759776607,-0.0359675241347834,0.011933397));
#4992=CARTESIAN_POINT('',(-0.0501540749440313,-0.0380922507830723,0.00505899961815024));
#4993=CARTESIAN_POINT('',(-0.0431109402109094,-0.0362893089901815,0.011933397));
#4994=CARTESIAN_POINT('',(-0.0494266748834999,-0.0384406408887963,0.00505899961815024));
#4995=CARTESIAN_POINT('',(-0.0418871284688089,-0.0369035367341898,0.011933397));
#4996=CARTESIAN_POINT('',(-0.0490600214802906,-0.0386062207688011,0.00505899961815024));
#4997=CARTESIAN_POINT('',(-0.0412661400512724,-0.0371959771572634,0.011933397));
#4998=CARTESIAN_POINT('',(-0.0483187227809056,-0.0389211421661928,0.00505899961815024));
#4999=CARTESIAN_POINT('',(-0.0400122351300399,-0.0377484962880861,0.011933397));
#5000=CARTESIAN_POINT('',(-0.0479440758999898,-0.0390704845844966,0.00505899961815024));
#5001=CARTESIAN_POINT('',(-0.0393793228718329,-0.0380085735184657,0.011933397));
#5002=CARTESIAN_POINT('',(-0.0471845224942661,-0.039353465066185,0.00505899961815024));
#5003=CARTESIAN_POINT('',(-0.0381082407881958,-0.0384943923979951,0.011933397));
#5004=CARTESIAN_POINT('',(-0.0467996144447018,-0.0394871046132497,0.00505899961815024));
#5005=CARTESIAN_POINT('',(-0.0374700754436983,-0.0387201336527117,0.011933397));
#5006=CARTESIAN_POINT('',(-0.0460171378725415,-0.0397387190880026,0.00505899961815024));
#5007=CARTESIAN_POINT('',(-0.0361954518045842,-0.0391363810014638,0.011933397));
#5008=CARTESIAN_POINT('',(-0.0456195676645479,-0.0398566961199328,0.00505899961815024));
#5009=CARTESIAN_POINT('',(-0.0355589979668165,-0.0393268878307389,0.011933397));
#5010=CARTESIAN_POINT('',(-0.0448092801335865,-0.0400764773211731,0.00505899961815024));
#5011=CARTESIAN_POINT('',(-0.0342949209706908,-0.0396728360599948,0.011933397));
#5012=CARTESIAN_POINT('',(-0.0443965607216499,-0.0401782842137272,0.00505899961815024));
#5013=CARTESIAN_POINT('',(-0.0336673019915623,-0.0398282793235124,0.011933397));
#5014=CARTESIAN_POINT('',(-0.0435534579654534,-0.0403645964545868,0.00505899961815024));
#5015=CARTESIAN_POINT('',(-0.0324280468319658,-0.040105300431786,0.011933397));
#5016=CARTESIAN_POINT('',(-0.0431230718599624,-0.0404491050976734,0.00505899961815024));
#5017=CARTESIAN_POINT('',(-0.0318164143198083,-0.040226881222972,0.011933397));
#5018=CARTESIAN_POINT('',(-0.0422421603948107,-0.0405989812127625,0.00505899961815024));
#5019=CARTESIAN_POINT('',(-0.0306161941012589,-0.0404383353100708,0.011933397));
#5020=CARTESIAN_POINT('',(-0.0417916313050149,-0.0406643524468541,0.00505899961815024));
#5021=CARTESIAN_POINT('',(-0.0300276093524033,-0.0405282125537382,0.011933397));
#5022=CARTESIAN_POINT('',(-0.0408680962227212,-0.0407732968460081,0.00505899961815024));
#5023=CARTESIAN_POINT('',(-0.0288803564221119,-0.040679271620316,0.011933397));
#5024=CARTESIAN_POINT('',(-0.0403950852071119,-0.04081687406356,0.00505899961815024));
#5025=CARTESIAN_POINT('',(-0.0283216903324569,-0.0407404582855223,0.011933397));
#5026=CARTESIAN_POINT('',(-0.0396671585261362,-0.0408631972145092,0.00505899961815024));
#5027=CARTESIAN_POINT('',(-0.0275110825361724,-0.0408135171717258,0.011933397));
#5028=CARTESIAN_POINT('',(-0.039421450503163,-0.0408754567922035,0.00505899961815024));
#5029=CARTESIAN_POINT('',(-0.0272454428854187,-0.040834755126792,0.011933397));
#5030=CARTESIAN_POINT('',(-0.0390481257635354,-0.0408886632927058,0.00505899961815024));
#5031=CARTESIAN_POINT('',(-0.0268544249768461,-0.0408623300819902,0.011933397));
#5032=CARTESIAN_POINT('',(-0.0389228906345192,-0.0408922011196213,0.00505899961815024));
#5033=CARTESIAN_POINT('',(-0.0267253257781292,-0.0408708083298459,0.011933397));
#5034=CARTESIAN_POINT('',(-0.0387338294519447,-0.0408961551394161,0.00505899961815024));
#5035=CARTESIAN_POINT('',(-0.0265336103444049,-0.0408825065683344,0.011933397));
#5036=CARTESIAN_POINT('',(-0.0386706076603317,-0.040897247658067,0.00505899961815024));
#5037=CARTESIAN_POINT('',(-0.0264700274171463,-0.0408862361396368,0.011933397));
#5038=CARTESIAN_POINT('',(-0.0385754707703312,-0.0408985408635312,0.00505899961815024));
#5039=CARTESIAN_POINT('',(-0.0263751454121877,-0.0408915822264082,0.011933397));
#5040=CARTESIAN_POINT('',(-0.0385437077744149,-0.0408989143343989,0.00505899961815024));
#5041=CARTESIAN_POINT('',(-0.0263436001408885,-0.0408933228777749,0.011933397));
#5042=CARTESIAN_POINT('',(-0.0384959869792275,-0.0408993872067702,0.00505899961815024));
#5043=CARTESIAN_POINT('',(-0.0262964064562478,-0.0408958726070821,0.011933397));
#5044=CARTESIAN_POINT('',(-0.0384800673306895,-0.0408995302751,0.00505899961815024));
#5045=CARTESIAN_POINT('',(-0.0262806959317126,-0.0408967123089422,0.011933397));
#5046=CARTESIAN_POINT('',(-0.0384561687518134,-0.0408997229254621,0.00505899961815024));
#5047=CARTESIAN_POINT('',(-0.0262571613409163,-0.0408979566526211,0.011933397));
#5048=CARTESIAN_POINT('',(-0.0384481993745148,-0.040899783483552,0.00505899961815024));
#5049=CARTESIAN_POINT('',(-0.0262493216766495,-0.0408983688989985,0.011933397));
#5050=CARTESIAN_POINT('',(-0.0384322542461537,-0.0408998972624916,0.00505899961815024));
#5051=CARTESIAN_POINT('',(-0.0262336527701648,-0.0408991883392159,0.011933397));
#5052=CARTESIAN_POINT('',(-0.0384242794553109,-0.0408999752462065,0.00505899961815024));
#5053=CARTESIAN_POINT('',(-0.0262258313713088,-0.0408997978035773,0.011933397));
#5054=CARTESIAN_POINT('',(-0.0384162995546251,-0.0409000000256135,0.00505899961815024));
#5055=CARTESIAN_POINT('',(-0.026217999508436,-0.040900000209219,0.011933397));
#5056=CARTESIAN_POINT('',(-0.063691052740518,-0.0169663848,0.00701616530912034));
#5057=CARTESIAN_POINT('',(-0.0629162789410171,-0.0169663848,0.00864765792635402));
#5058=CARTESIAN_POINT('',(-0.0621569646411915,-0.0169663848,0.0102864557129495));
#5059=CARTESIAN_POINT('',(-0.0614155909990733,-0.0169663848,0.0119333970006913));
#5060=CARTESIAN_POINT('',(-0.0614155611651788,-0.0169663847995627,0.011933397));
#5061=CARTESIAN_POINT('',(-0.0450164218611081,-0.0388999999999976,0.00709999999999848));
#5062=CARTESIAN_POINT('',(-0.0444350416398356,-0.0391205487795558,0.00709999999999875));
#5063=CARTESIAN_POINT('',(-0.0435714303587536,-0.0394526729038781,0.00704584103534143));
#5064=CARTESIAN_POINT('',(-0.042430379931079,-0.0398772555807515,0.00685697797669509));
#5065=CARTESIAN_POINT('',(-0.041577928892119,-0.0401793887124026,0.00665248500523511));
#5066=CARTESIAN_POINT('',(-0.0408678608314673,-0.040409426359428,0.00642398425224779));
#5067=CARTESIAN_POINT('',(-0.0403085775537553,-0.0405701581153606,0.00620666295037586));
#5068=CARTESIAN_POINT('',(-0.0398918104909194,-0.040677163977543,0.00602576573064304));
#5069=CARTESIAN_POINT('',(-0.0394780362780257,-0.0407676852440567,0.00582670378005385));
#5070=CARTESIAN_POINT('',(-0.0391374480008787,-0.0408262978361965,0.00564775444612274));
#5071=CARTESIAN_POINT('',(-0.0388668293094292,-0.0408615419261708,0.0054957831764951));
#5072=CARTESIAN_POINT('',(-0.0386658195043869,-0.0408816511092589,0.00538061205215496));
#5073=CARTESIAN_POINT('',(-0.0384985633389892,-0.0408929045677509,0.00527280396521624));
#5074=CARTESIAN_POINT('',(-0.0383710698047889,-0.0408982745149871,0.00519938640072917));
#5075=CARTESIAN_POINT('',(-0.0383086005880127,-0.0408999999652723,0.0051197044504075));
#5076=CARTESIAN_POINT('',(-0.0383435482615264,-0.0408999999999969,0.00510000352517261));
#5077=CARTESIAN_POINT('',(-0.0240992453992969,6.40470975168678E-5,0.011933397));
#5078=CARTESIAN_POINT('',(-0.0531909897314897,-0.0288533392265514,0.011933397));
#5079=CARTESIAN_POINT('',(-0.0240992453992969,6.40470975168678E-5,0.011933397));
#5080=CARTESIAN_POINT('',(-0.0386305435580257,0.0408999999743865,0.00505899887726603));
#5081=CARTESIAN_POINT('',(-0.0279679995084357,0.0408999997907811,0.011933397));
#5082=CARTESIAN_POINT('',(-0.0394930768521912,0.0408863054469457,0.00505899887726603));
#5083=CARTESIAN_POINT('',(-0.0291487296597017,0.0407881386898829,0.011933397));
#5084=CARTESIAN_POINT('',(-0.040342464890115,0.040831009891892,0.00505899887726603));
#5085=CARTESIAN_POINT('',(-0.0303439935886854,0.0406229902803154,0.011933397));
#5086=CARTESIAN_POINT('',(-0.042016908025874,0.0406433534378108,0.00505899887726603));
#5087=CARTESIAN_POINT('',(-0.0327387065605304,0.040181181378244,0.011933397));
#5088=CARTESIAN_POINT('',(-0.0428419755300576,0.0405109841823986,0.00505899887726603));
#5089=CARTESIAN_POINT('',(-0.0339381338170954,0.0399045121352414,0.011933397));
#5090=CARTESIAN_POINT('',(-0.0444703011159903,0.04017218500714,0.00505899887726603));
#5091=CARTESIAN_POINT('',(-0.0363163062005431,0.0392406958196664,0.011933397));
#5092=CARTESIAN_POINT('',(-0.0452735841209001,0.0399657482265172,0.00505899887726603));
#5093=CARTESIAN_POINT('',(-0.0374950095488301,0.0388535543956478,0.011933397));
#5094=CARTESIAN_POINT('',(-0.0468607337499225,0.0394789341255896,0.00505899887726603));
#5095=CARTESIAN_POINT('',(-0.0398080190282577,0.0379758764474142,0.011933397));
#5096=CARTESIAN_POINT('',(-0.0476446252119391,0.0391985512877041,0.00505899887726603));
#5097=CARTESIAN_POINT('',(-0.0409422867602897,0.0374853575985672,0.011933397));
#5098=CARTESIAN_POINT('',(-0.0491944888524963,0.0385612648035679,0.00505899887726603));
#5099=CARTESIAN_POINT('',(-0.0431451196327076,0.0364136990434329,0.011933397));
#5100=CARTESIAN_POINT('',(-0.0499604887741212,0.0382043556865173,0.00505899887726603));
#5101=CARTESIAN_POINT('',(-0.044213653714331,0.0358325872060965,0.011933397));
#5102=CARTESIAN_POINT('',(-0.0514743930884157,0.0374088944276566,0.00505899887726603));
#5103=CARTESIAN_POINT('',(-0.0462671804371751,0.0345975169422833,0.011933397));
#5104=CARTESIAN_POINT('',(-0.0522223305847656,0.0369703342204558,0.00505899887726603));
#5105=CARTESIAN_POINT('',(-0.0472521525412478,0.0339435936989787,0.011933397));
#5106=CARTESIAN_POINT('',(-0.0536973567341696,0.036004097960104,0.00505899887726603));
#5107=CARTESIAN_POINT('',(-0.0491249684591133,0.0325847170226245,0.011933397));
#5108=CARTESIAN_POINT('',(-0.054424485471503,0.0354764072006966,0.00505899887726603));
#5109=CARTESIAN_POINT('',(-0.0500128043560389,0.0318798025441628,0.011933397));
#5110=CARTESIAN_POINT('',(-0.055851471207766,0.0343224106782674,0.00505899887726603));
#5111=CARTESIAN_POINT('',(-0.0516824469063628,0.0304436755854678,0.011933397));
#5112=CARTESIAN_POINT('',(-0.0565513755681173,0.033696078030777,0.00505899887726603));
#5113=CARTESIAN_POINT('',(-0.0524642591473515,0.0297125021086279,0.011933397));
#5114=CARTESIAN_POINT('',(-0.0577331190992794,0.0325134030399578,0.00505899887726603));
#5115=CARTESIAN_POINT('',(-0.0537261251929767,0.0284430276148012,0.011933397));
#5116=CARTESIAN_POINT('',(-0.0582399348299318,0.0319655500236906,0.00505899887726603));
#5117=CARTESIAN_POINT('',(-0.0542194886979472,0.0279170990956542,0.011933397));
#5118=CARTESIAN_POINT('',(-0.0592350723336223,0.0307832693444997,0.00505899887726603));
#5119=CARTESIAN_POINT('',(-0.0551422452446008,0.0268848174553067,0.011933397));
#5120=CARTESIAN_POINT('',(-0.0597233093376382,0.0301488198578556,0.00505899887726603));
#5121=CARTESIAN_POINT('',(-0.0555716351608758,0.0263784311624695,0.011933397));
#5122=CARTESIAN_POINT('',(-0.0606543718310436,0.0288057895578803,0.00505899887726603));
#5123=CARTESIAN_POINT('',(-0.0563832500863653,0.025376122622608,0.011933397));
#5124=CARTESIAN_POINT('',(-0.0610971181862163,0.0280972292309828,0.00505899887726603));
#5125=CARTESIAN_POINT('',(-0.0567654729170348,0.0248801768915865,0.011933397));
#5126=CARTESIAN_POINT('',(-0.0619158028345549,0.0266250177107823,0.00505899887726603));
#5127=CARTESIAN_POINT('',(-0.057496841800114,0.0238867940601333,0.011933397));
#5128=CARTESIAN_POINT('',(-0.0622916823006449,0.0258614218327694,0.00505899887726603));
#5129=CARTESIAN_POINT('',(-0.0578459894838373,0.0233893410810961,0.011933397));
#5130=CARTESIAN_POINT('',(-0.0629628834475252,0.0243036040283412,0.00505899887726603));
#5131=CARTESIAN_POINT('',(-0.0585225973394661,0.02237872650214,0.011933397));
#5132=CARTESIAN_POINT('',(-0.0632581786304811,0.0235094586982548,0.00505899887726603));
#5133=CARTESIAN_POINT('',(-0.0588500650161138,0.021865554487205,0.011933397));
#5134=CARTESIAN_POINT('',(-0.06376343080396,0.021918394505399,0.00505899887726603));
#5135=CARTESIAN_POINT('',(-0.0594918737449396,0.0208074086209147,0.011933397));
#5136=CARTESIAN_POINT('',(-0.0639734000604919,0.0211215561626653,0.00505899887726603));
#5137=CARTESIAN_POINT('',(-0.0598062297160318,0.0202624274800359,0.011933397));
#5138=CARTESIAN_POINT('',(-0.0643124215978736,0.0195539195115227,0.00505899887726603));
#5139=CARTESIAN_POINT('',(-0.0604272168528786,0.0191229502438219,0.011933397));
#5140=CARTESIAN_POINT('',(-0.0644415246387675,0.0187831879158412,0.00505899887726603));
#5141=CARTESIAN_POINT('',(-0.0607338715232218,0.0185284472071459,0.011933397));
#5142=CARTESIAN_POINT('',(-0.0646314839140918,0.0172952631391246,0.00505899887726603));
#5143=CARTESIAN_POINT('',(-0.0613411267370587,0.0172707951073034,0.011933397));
#5144=CARTESIAN_POINT('',(-0.064692423447977,0.0165781083907792,0.00505899887726603));
#5145=CARTESIAN_POINT('',(-0.0616417601785405,0.0166076359208572,0.011933397));
#5146=CARTESIAN_POINT('',(-0.0647561092936641,0.0153869877414474,0.00505899887726603));
#5147=CARTESIAN_POINT('',(-0.0621619657015855,0.0153646488315201,0.011933397));
#5148=CARTESIAN_POINT('',(-0.0647871184761625,0.0149028325382263,0.00505899887726603));
#5149=CARTESIAN_POINT('',(-0.0624152582162213,0.0147268497327474,0.011933397));
#5150=CARTESIAN_POINT('',(-0.0648343700368739,0.0142061018157543,0.00505899887726603));
#5151=CARTESIAN_POINT('',(-0.0628012234584092,0.0136597179960497,0.011933397));
#5152=CARTESIAN_POINT('',(-0.0648502483468608,0.0139787799257999,0.00505899887726603));
#5153=CARTESIAN_POINT('',(-0.062930922365014,0.013285640052278,0.011933397));
#5154=CARTESIAN_POINT('',(-0.0648815867624445,0.0135317497656177,0.00505899887726603));
#5155=CARTESIAN_POINT('',(-0.0631869041564813,0.012508507275166,0.011933397));
#5156=CARTESIAN_POINT('',(-0.0648970461101542,0.0133120414854049,0.00505899887726603));
#5157=CARTESIAN_POINT('',(-0.0633131808506905,0.0121054523602659,0.011933397));
#5158=CARTESIAN_POINT('',(-0.0649269714149537,0.0128780598068107,0.00505899887726603));
#5159=CARTESIAN_POINT('',(-0.0635576199198046,0.0112785401528078,0.011933397));
#5160=CARTESIAN_POINT('',(-0.0649414368177879,0.0126637865707849,0.00505899887726603));
#5161=CARTESIAN_POINT('',(-0.0636757777673802,0.0108546841864204,0.011933397));
#5162=CARTESIAN_POINT('',(-0.0649689192923165,0.0122385452642077,0.00505899887726603));
#5163=CARTESIAN_POINT('',(-0.0639002630495099,0.00999474481086027,0.011933397));
#5164=CARTESIAN_POINT('',(-0.0649819360348285,0.01202757748765,0.00505899887726603));
#5165=CARTESIAN_POINT('',(-0.0640065877952007,0.0095586638031179,0.011933397));
#5166=CARTESIAN_POINT('',(-0.0650061998273301,0.0116068593907954,0.00505899887726603));
#5167=CARTESIAN_POINT('',(-0.0642047818952104,0.00868319240695068,0.011933397));
#5168=CARTESIAN_POINT('',(-0.0650174467910796,0.0113971094473281,0.00505899887726603));
#5169=CARTESIAN_POINT('',(-0.0642966505450945,0.00824380509658556,0.011933397));
#5170=CARTESIAN_POINT('',(-0.0650379895402514,0.0109767710551959,0.00505899887726603));
#5171=CARTESIAN_POINT('',(-0.0644644500217664,0.00737089848268224,0.011933397));
#5172=CARTESIAN_POINT('',(-0.0650472854943098,0.010766183013569,0.00505899887726603));
#5173=CARTESIAN_POINT('',(-0.0645403822260255,0.00693738250395435,0.011933397));
#5174=CARTESIAN_POINT('',(-0.0650638834181988,0.0103421322457446,0.00505899887726603));
#5175=CARTESIAN_POINT('',(-0.0646759591597226,0.00608555752697319,0.011933397));
#5176=CARTESIAN_POINT('',(-0.0650711858164737,0.0101286699050274,0.00505899887726603));
#5177=CARTESIAN_POINT('',(-0.0647356073888244,0.00566725167744142,0.011933397));
#5178=CARTESIAN_POINT('',(-0.0650838835591546,0.00969684205436547,0.00505899887726603));
#5179=CARTESIAN_POINT('',(-0.0648393264460422,0.00485524878530159,0.011933397));
#5180=CARTESIAN_POINT('',(-0.0650892795900268,0.00947847686231406,0.00505899887726603));
#5181=CARTESIAN_POINT('',(-0.0648834028814256,0.00446155433934436,0.011933397));
#5182=CARTESIAN_POINT('',(-0.065102906997113,0.00881297926297556,0.00505899887726603));
#5183=CARTESIAN_POINT('',(-0.0649947157226786,0.0033314498481646,0.011933397));
#5184=CARTESIAN_POINT('',(-0.0651085520870905,0.00835545337851878,0.00505899887726603));
#5185=CARTESIAN_POINT('',(-0.0650408265492322,0.00264608845610275,0.011933397));
#5186=CARTESIAN_POINT('',(-0.0651154954070831,0.00739627414073915,0.00505899887726603));
#5187=CARTESIAN_POINT('',(-0.0650975417167774,0.00148520989545663,0.011933397));
#5188=CARTESIAN_POINT('',(-0.0651168387361137,0.00689461984265201,0.00505899887726603));
#5189=CARTESIAN_POINT('',(-0.0651085144403619,0.00100968500974787,0.011933397));
#5190=CARTESIAN_POINT('',(-0.0651177543472425,0.00609654826412096,0.00505899887726603));
#5191=CARTESIAN_POINT('',(-0.0651159934329231,0.000507548365286064,0.011933397));
#5192=CARTESIAN_POINT('',(-0.0651178742444925,0.00582292416641188,0.00505899887726603));
#5193=CARTESIAN_POINT('',(-0.0651169727904393,0.000375345883843816,0.011933397));
#5194=CARTESIAN_POINT('',(-0.0651179951374479,0.00525837768023702,0.00505899887726603));
#5195=CARTESIAN_POINT('',(-0.0651179602811832,0.00019012924122446,0.011933397));
#5196=CARTESIAN_POINT('',(-0.0651179990777678,0.00496745513571939,0.00505899887726603));
#5197=CARTESIAN_POINT('',(-0.0651179924669249,0.000137113805367949,0.011933397));
#5198=CARTESIAN_POINT('',(-0.0651179999401215,0.00466672764287887,0.00505899887726603));
#5199=CARTESIAN_POINT('',(-0.0651179995108939,0.000128091255462952,0.011933397));
#5200=CARTESIAN_POINT('',(-0.0651179999404224,0.00466662268102685,0.00505899887726603));
#5201=CARTESIAN_POINT('',(-0.0651179995133521,0.000128088106814157,0.011933397));
#5202=CARTESIAN_POINT('',(-0.0651179999407233,0.00466651770831799,0.00505899887726603));
#5203=CARTESIAN_POINT('',(-0.0651179995158101,0.000128084958299431,0.011933397));
#5204=CARTESIAN_POINT('',(-0.0385669482391629,0.0408999999999999,0.00509999926368393));
#5205=CARTESIAN_POINT('',(-0.0385339197240649,0.0409000000078394,0.00512129321212041));
#5206=CARTESIAN_POINT('',(-0.0385105507298505,0.0408982049658261,0.00520637541084483));
#5207=CARTESIAN_POINT('',(-0.0386485160223495,0.0408897264970078,0.00531012976073461));
#5208=CARTESIAN_POINT('',(-0.0387972047968424,0.0408760136264947,0.00541732976906382));
#5209=CARTESIAN_POINT('',(-0.0389983401632462,0.0408530405718232,0.00553614783211583));
#5210=CARTESIAN_POINT('',(-0.0392636311848121,0.0408150149037185,0.00568554851289608));
#5211=CARTESIAN_POINT('',(-0.0396015016371603,0.0407541713628476,0.00586013097826169));
#5212=CARTESIAN_POINT('',(-0.0400125090480035,0.0406623884475301,0.00605318605508695));
#5213=CARTESIAN_POINT('',(-0.040424369842229,0.040555752508165,0.00622777665219188));
#5214=CARTESIAN_POINT('',(-0.0409751304309542,0.0403969689209643,0.0064373789843801));
#5215=CARTESIAN_POINT('',(-0.0416680469240393,0.0401725194713916,0.00665736867103726));
#5216=CARTESIAN_POINT('',(-0.0425086966761631,0.0398746062427436,0.00685833516837299));
#5217=CARTESIAN_POINT('',(-0.0436478789809909,0.0394498275542081,0.00704667997099115));
#5218=CARTESIAN_POINT('',(-0.0445049914171184,0.0391189147745553,0.00710000000000107));
#5219=CARTESIAN_POINT('',(-0.0450795182889058,0.0388999999999908,0.00710000000000006));
#5220=CARTESIAN_POINT('',(-0.0651179999357969,0.00463976199016113,0.00510070651217226));
#5221=CARTESIAN_POINT('',(-0.0651179980114594,0.00527661570299748,0.00510080430060187));
#5222=CARTESIAN_POINT('',(-0.0651179100442206,0.00655019447577133,0.0051424633963158));
#5223=CARTESIAN_POINT('',(-0.0651120350955898,0.00845117304200196,0.00533843202057234));
#5224=CARTESIAN_POINT('',(-0.0650249263525616,0.0103189094330314,0.00577559285748271));
#5225=CARTESIAN_POINT('',(-0.0647662722571668,0.0121393488625649,0.00628070262394918));
#5226=CARTESIAN_POINT('',(-0.0643825589639451,0.013963814216519,0.00667677319341589));
#5227=CARTESIAN_POINT('',(-0.0639930929534302,0.0158191161670898,0.00691378109620338));
#5228=CARTESIAN_POINT('',(-0.0636105198941743,0.0176930025634223,0.00705509516456819));
#5229=CARTESIAN_POINT('',(-0.0632854905608514,0.0189260351625015,0.0071000000000004));
#5230=CARTESIAN_POINT('',(-0.0631179999999952,0.0195426802345228,0.0071));
#5231=CARTESIAN_POINT('',(-0.0240992453992968,6.40470975168758E-5,0.011933397));
#5232=CARTESIAN_POINT('',(-0.0619379591349814,0.0159000183806099,0.011933397));
#5233=CARTESIAN_POINT('',(-0.0240992453992968,6.40470975168758E-5,0.011933397));
#5234=CARTESIAN_POINT('',(-0.0531910395370788,0.028981482897575,0.011933397));
#5235=CARTESIAN_POINT('',(-0.0240992453992968,6.40470975168758E-5,0.011933397));
#5236=CARTESIAN_POINT('',(0.0117328754904698,-2.09218975477654E-10,0.011933397));
#5237=CARTESIAN_POINT('',(-0.0232071075019102,0.000480615055566265,0.011933397));
#5238=CARTESIAN_POINT('',(-0.0167301075019102,0.000480615055566265,0.011933397));
#5239=CARTESIAN_POINT('',(-0.0296841075019102,0.000480615055566265,0.011933397));
#5240=CARTESIAN_POINT('',(-0.0296841075019102,-0.00599638494443374,0.011933397));
#5241=CARTESIAN_POINT('',(-0.0296841075019102,-0.0124733849444337,0.011933397));
#5242=CARTESIAN_POINT('',(-0.0232071075019102,-0.0124733849444337,0.011933397));
#5243=CARTESIAN_POINT('',(-0.0167301075019102,-0.0124733849444337,0.011933397));
#5244=CARTESIAN_POINT('',(-0.0167301075019102,-0.00599638494443374,0.011933397));
#5245=CARTESIAN_POINT('',(-0.0120711776,0.00514411520000001,0.011933397));
#5246=CARTESIAN_POINT('',(-0.0120711776,0.00514411520000001,0.011933397));
#5247=CARTESIAN_POINT('',(-0.0120711776,0.0106813152,0.011933397));
#5248=CARTESIAN_POINT('',(-0.0349299076,0.0106813152,0.011933397));
#5249=CARTESIAN_POINT('',(-0.0349299076,0.0106813152,0.011933397));
#5250=CARTESIAN_POINT('',(-0.0349299076,0.00514411520000001,0.011933397));
#5251=CARTESIAN_POINT('',(-0.0349299076,0.00514411520000001,0.011933397));
#5252=CARTESIAN_POINT('',(-0.0349299076,0.00514411520000001,0.011933397));
#5253=CARTESIAN_POINT('',(-0.0120711776,0.00514411520000001,0.013933397));
#5254=CARTESIAN_POINT('',(-0.0120711776,0.00514411520000001,0.013933397));
#5255=CARTESIAN_POINT('',(-0.0120711776,0.00514411520000001,0.012433397));
#5256=CARTESIAN_POINT('',(-0.0120711776,0.00514411520000001,0.012433397));
#5257=CARTESIAN_POINT('',(-0.0120711776,0.0106813152,0.012433397));
#5258=CARTESIAN_POINT('',(-0.0120711776,0.0106813152,0.013933397));
#5259=CARTESIAN_POINT('',(-0.0349299076,0.00514411520000001,0.013933397));
#5260=CARTESIAN_POINT('',(-0.0349299076,0.00514411520000001,0.013933397));
#5261=CARTESIAN_POINT('',(-0.0349299076,0.00514411520000001,0.012433397));
#5262=CARTESIAN_POINT('',(-0.0349299076,0.00514411520000001,0.012433397));
#5263=CARTESIAN_POINT('',(-0.0349299076,0.00514411520000001,0.013933397));
#5264=CARTESIAN_POINT('',(-0.0349299076,0.0106813152,0.013933397));
#5265=CARTESIAN_POINT('',(-0.0349299076,0.0106813152,0.012433397));
#5266=CARTESIAN_POINT('',(-0.0349299076,0.00514411520000001,0.012433397));
#5267=CARTESIAN_POINT('',(-0.0232071075019102,0.000480615055566265,0.013933397));
#5268=CARTESIAN_POINT('',(-0.0167301075019102,0.000480615055566265,0.013933397));
#5269=CARTESIAN_POINT('',(-0.0167301075019102,0.000480615055566265,0.012433397));
#5270=CARTESIAN_POINT('',(-0.0232071075019102,0.000480615055566265,0.012433397));
#5271=CARTESIAN_POINT('',(-0.0296841075019102,0.000480615055566265,0.012433397));
#5272=CARTESIAN_POINT('',(-0.0296841075019102,0.000480615055566265,0.013933397));
#5273=CARTESIAN_POINT('',(-0.0167301075019102,-0.00599638494443374,0.013933397));
#5274=CARTESIAN_POINT('',(-0.0167301075019102,-0.0124733849444337,0.013933397));
#5275=CARTESIAN_POINT('',(-0.0167301075019102,-0.0124733849444337,0.012433397));
#5276=CARTESIAN_POINT('',(-0.0167301075019102,0.000480615055566265,0.012433397));
#5277=CARTESIAN_POINT('',(-0.0232071075019102,-0.0124733849444337,0.013933397));
#5278=CARTESIAN_POINT('',(-0.0296841075019102,-0.0124733849444337,0.013933397));
#5279=CARTESIAN_POINT('',(-0.0296841075019102,-0.0124733849444337,0.012433397));
#5280=CARTESIAN_POINT('',(-0.0167301075019102,-0.0124733849444337,0.012433397));
#5281=CARTESIAN_POINT('',(-0.0296841075019102,-0.00599638494443374,0.013933397));
#5282=CARTESIAN_POINT('',(-0.0296841075019102,-0.00599638494443374,0.012433397));
#5283=CARTESIAN_POINT('',(-0.0349299076,0.0106813152,0.013933397));
#5284=CARTESIAN_POINT('',(-0.0349299076,0.0106813152,0.012433397));
#5285=CARTESIAN_POINT('',(-0.00305279371856023,-2.09218975157041E-10,0.013933397));
#5286=CARTESIAN_POINT('',(-0.00105279360000001,0.0389,0.011933397));
#5287=CARTESIAN_POINT('',(-0.00105279360000001,-0.0389,0.011933397));
#5288=CARTESIAN_POINT('',(-0.00210747884751401,-0.0389,0.008433397));
#5289=CARTESIAN_POINT('',(0.064182,-0.0389,0.008433397));
#5290=CARTESIAN_POINT('',(0.064182,-0.0359,0.008433397));
#5291=CARTESIAN_POINT('',(0.067182,-0.0359,0.008433397));
#5292=CARTESIAN_POINT('',(0.067182,-0.0273215074338411,0.008433397));
#5293=CARTESIAN_POINT('',(0.067182,0.0359,0.008433397));
#5294=CARTESIAN_POINT('',(0.064182,0.0359,0.008433397));
#5295=CARTESIAN_POINT('',(0.064182,0.0389,0.008433397));
#5296=CARTESIAN_POINT('',(0.0117329,0.0389,0.008433397));
#5297=CARTESIAN_POINT('',(-0.00210747884751401,-0.0389,0.011933397));
#5298=CARTESIAN_POINT('',(-0.0262179995084356,-0.0409000001046095,0.011933397));
#5299=CARTESIAN_POINT('',(-0.0262179995084356,-0.0409000001046095,0.0124617255499039));
#5300=CARTESIAN_POINT('',(-0.0262069066699521,-0.0404687738280417,0.0134969776319742));
#5301=CARTESIAN_POINT('',(-0.0261794629020079,-0.0394206705954165,0.013933397));
#5302=CARTESIAN_POINT('',(-0.0261656693782186,-0.0389,0.013933397));
#5303=CARTESIAN_POINT('',(-0.0240992453992969,6.40470975168678E-5,0.011933397));
#5304=CARTESIAN_POINT('',(-0.061415551220044,-0.0169663848,0.011933397));
#5305=CARTESIAN_POINT('',(-0.061415551220044,-0.0169663848,0.0124879335729474));
#5306=CARTESIAN_POINT('',(-0.0608721896939218,-0.0169663848,0.0135587668889228));
#5307=CARTESIAN_POINT('',(-0.0597546706486077,-0.0169663848,0.0139333969999999));
#5308=CARTESIAN_POINT('',(-0.0592052486417944,-0.0169663848,0.013933397));
#5309=CARTESIAN_POINT('',(0.0117328754904698,0.0389,0.011933397));
#5310=CARTESIAN_POINT('',(-0.0279679995084356,0.0408999998953906,0.011933397));
#5311=CARTESIAN_POINT('',(-0.0279679995084356,0.0408999998953906,0.0124619336566911));
#5312=CARTESIAN_POINT('',(-0.0279476773770812,0.040468344513661,0.0134974212568435));
#5313=CARTESIAN_POINT('',(-0.0278975030709924,0.0394204343930954,0.013933397));
#5314=CARTESIAN_POINT('',(-0.0278722861404347,0.0389,0.013933397));
#5315=CARTESIAN_POINT('',(-0.063118,-2.09218950079988E-10,0.011933397));
#5316=CARTESIAN_POINT('',(-0.063118,0.000128094404249239,0.011933397));
#5317=CARTESIAN_POINT('',(-0.0240992453992968,6.40470975168758E-5,0.011933397));
#5318=CARTESIAN_POINT('',(-0.063118,3.92754628059548E-17,0.0051));
#5319=CARTESIAN_POINT('',(-0.063118,0.0359,0.0051));
#5320=CARTESIAN_POINT('',(-0.060118,0.0359,0.0051));
#5321=CARTESIAN_POINT('',(-0.060118,0.0389,0.0051));
#5322=CARTESIAN_POINT('',(0.0117329,0.0389,0.0051));
#5323=CARTESIAN_POINT('',(-0.00210747884751401,-0.0389,0.0051));
#5324=CARTESIAN_POINT('',(-0.060118,-0.0389,0.0051));
#5325=CARTESIAN_POINT('',(-0.060118,-0.0359,0.0051));
#5326=CARTESIAN_POINT('',(-0.0152301075019102,-2.09218975477654E-10,0.013933397));
#5327=CARTESIAN_POINT('',(-0.0198879024136485,-0.00931559003269548,0.00927560208826174));
#5328=CARTESIAN_POINT('',(-0.0188891075019102,-0.00167838494443373,0.010274397));
#5329=CARTESIAN_POINT('',(-0.0232071075019102,0.000480615055566265,0.012433397));
#5330=CARTESIAN_POINT('',(-0.0275251075019102,-0.00167838494443374,0.010274397));
#5331=CARTESIAN_POINT('',(0.0117328754904698,-0.0139733849444337,0.013933397));
#5332=CARTESIAN_POINT('',(-0.0275251075019102,-0.0103143849444337,0.010274397));
#5333=CARTESIAN_POINT('',(-0.0296841075019102,-0.00599638494443374,0.012433397));
#5334=CARTESIAN_POINT('',(-0.0349299076,0.00514411520000001,0.012433397));
#5335=CARTESIAN_POINT('',(-0.0330841742666667,0.00883558186666668,0.0105876636666667));
#5336=CARTESIAN_POINT('',(-0.0349299076,0.00514411520000001,0.012433397));
#5337=CARTESIAN_POINT('',(-0.0349299076,0.00514411520000001,0.012433397));
#5338=CARTESIAN_POINT('',(-0.0120711776,0.00514411520000001,0.012433397));
#5339=CARTESIAN_POINT('',(-0.0349299076,0.0106813152,0.012433397));
#5340=CARTESIAN_POINT('',(-0.0139169109333333,0.00883558186666668,0.0105876636666667));
#5341=CARTESIAN_POINT('',(-0.0120711776,0.00514411520000001,0.012433397));
#5342=CARTESIAN_POINT('',(-0.056118,0.0105518076,0.004185));
#5343=CARTESIAN_POINT('',(-0.056118,0.0105518076,0.00418));
#5344=CARTESIAN_POINT('',(-0.056118,-0.00432638479999998,0.00418));
#5345=CARTESIAN_POINT('',(-0.056118,-0.0126663848,0.00418));
#5346=CARTESIAN_POINT('',(-0.056118,-0.00432638479999998,0.00518));
#5347=CARTESIAN_POINT('',(-0.056118,-0.00332638479999997,0.00518));
#5348=CARTESIAN_POINT('',(-0.056118,-0.00332638479999997,0.004185));
#5349=CARTESIAN_POINT('',(-0.056118,-0.00332638479999997,0.00779));
#5350=CARTESIAN_POINT('',(-0.056118,-0.00432638479999997,0.00779));
#5351=CARTESIAN_POINT('',(-0.056118,-0.00432638479999997,0.00879));
#5352=CARTESIAN_POINT('',(-0.056118,0.0105518076,0.00879));
#5353=CARTESIAN_POINT('',(-0.056118,-0.0126663848,0.00879));
#5354=CARTESIAN_POINT('',(-0.056118,-0.0126663848,0.00779));
#5355=CARTESIAN_POINT('',(-0.056118,-0.0136663848,0.00779));
#5356=CARTESIAN_POINT('',(-0.056118,-0.0136663848,0.004185));
#5357=CARTESIAN_POINT('',(-0.056118,-0.0136663848,0.00518));
#5358=CARTESIAN_POINT('',(-0.056118,-0.0126663848,0.00518));
#5359=CARTESIAN_POINT('',(-0.056118,-0.00849638479999997,0.00987));
#5360=CARTESIAN_POINT('',(-0.056118,-0.00849638479999997,0.00987));
#5361=CARTESIAN_POINT('',(-0.065118,-0.0169663848,0.00987));
#5362=CARTESIAN_POINT('',(-0.050118,-0.00849638479999998,0.00418));
#5363=CARTESIAN_POINT('',(-0.050118,-0.00432638479999998,0.00418));
#5364=CARTESIAN_POINT('',(-0.050118,-0.0126663848,0.00418));
#5365=CARTESIAN_POINT('',(-0.050118,-0.0126663848,0.00518));
#5366=CARTESIAN_POINT('',(-0.050118,-0.0136663848,0.00518));
#5367=CARTESIAN_POINT('',(-0.050118,-0.0136663848,0.006485));
#5368=CARTESIAN_POINT('',(-0.050118,-0.0136663848,0.00779));
#5369=CARTESIAN_POINT('',(-0.050118,-0.0126663848,0.00779));
#5370=CARTESIAN_POINT('',(-0.050118,-0.0126663848,0.00879));
#5371=CARTESIAN_POINT('',(-0.050118,-0.00849638479999998,0.00879));
#5372=CARTESIAN_POINT('',(-0.050118,-0.00432638479999997,0.00879));
#5373=CARTESIAN_POINT('',(-0.050118,-0.00432638479999997,0.00779));
#5374=CARTESIAN_POINT('',(-0.050118,-0.00332638479999997,0.00779));
#5375=CARTESIAN_POINT('',(-0.050118,-0.00332638479999998,0.006485));
#5376=CARTESIAN_POINT('',(-0.050118,-0.00332638479999998,0.00518));
#5377=CARTESIAN_POINT('',(-0.050118,-0.00432638479999998,0.00518));
#5378=CARTESIAN_POINT('',(-0.061118,-0.0169663848,0.0254));
#5379=CARTESIAN_POINT('',(-0.057118,-0.0169663848,0.0254));
#5380=CARTESIAN_POINT('',(-0.057118,-0.0169663848,0.013933397));
#5381=CARTESIAN_POINT('',(-0.057118,-0.0169663848,0.0041));
#5382=CARTESIAN_POINT('',(-0.057118,-0.0147489439853412,0.013933397));
#5383=CARTESIAN_POINT('',(-0.057118,-0.0147489439853412,0.0041));
#5384=CARTESIAN_POINT('',(-0.0575345500601326,-0.0103150960782872,0.013933397));
#5385=CARTESIAN_POINT('',(-0.0575345500601326,-0.0103150960782872,0.0041));
#5386=CARTESIAN_POINT('',(-0.0593138572289942,-0.00467611248239541,0.013933397));
#5387=CARTESIAN_POINT('',(-0.0593138572289942,-0.00467611248239541,0.0041));
#5388=CARTESIAN_POINT('',(-0.0619768955269361,-0.000908429552330712,0.013933397));
#5389=CARTESIAN_POINT('',(-0.0619768955269361,-0.000908429552330712,0.0041));
#5390=CARTESIAN_POINT('',(-0.0640708024488034,-2.63848000000115E-5,0.013933397));
#5391=CARTESIAN_POINT('',(-0.0640708024488034,-2.63848000000115E-5,0.0041));
#5392=CARTESIAN_POINT('',(-0.065118,-2.63848000000011E-5,0.013933397));
#5393=CARTESIAN_POINT('',(-0.065118,-2.63848000000011E-5,0.0041));
#5394=CARTESIAN_POINT('',(-0.0468536066440938,-0.0218391900651205,0.012933397));
#5395=CARTESIAN_POINT('',(-0.043406619375152,-0.025305981320657,0.012933397));
#5396=CARTESIAN_POINT('',(-0.043406619375152,-0.025305981320657,0.012933397));
#5397=CARTESIAN_POINT('',(-0.0468536066440938,-0.0218391900651205,0.012933397));
#5398=CARTESIAN_POINT('',(-0.0503005939130356,-0.0183723988095838,0.012933397));
#5399=CARTESIAN_POINT('',(-0.0503005939130356,-0.0183723988095838,0.012933397));
#5400=CARTESIAN_POINT('',(-0.040957530957037,-0.0229273069440354,0.012933397));
#5401=CARTESIAN_POINT('',(-0.038508442538922,-0.0205486325674137,0.012933397));
#5402=CARTESIAN_POINT('',(-0.038508442538922,-0.0205486325674137,0.012933397));
#5403=CARTESIAN_POINT('',(-0.040957530957037,-0.0229273069440354,0.012933397));
#5404=CARTESIAN_POINT('',(-0.0409718338029779,-0.017964217206966,0.012933397));
#5405=CARTESIAN_POINT('',(-0.0434352250670337,-0.0153798018465182,0.012933397));
#5406=CARTESIAN_POINT('',(-0.0434352250670337,-0.0153798018465182,0.012933397));
#5407=CARTESIAN_POINT('',(-0.0409718338029779,-0.017964217206966,0.012933397));
#5408=CARTESIAN_POINT('',(-0.0428521087484923,-0.0148582978641831,0.012933397));
#5409=CARTESIAN_POINT('',(-0.0422689924299508,-0.014336793881848,0.012933397));
#5410=CARTESIAN_POINT('',(-0.0422689924299508,-0.014336793881848,0.012933397));
#5411=CARTESIAN_POINT('',(-0.0428521087484923,-0.0148582978641831,0.012933397));
#5412=CARTESIAN_POINT('',(-0.0398551110325825,-0.0169135077252198,0.012933397));
#5413=CARTESIAN_POINT('',(-0.0374412296352142,-0.0194902215685916,0.012933397));
#5414=CARTESIAN_POINT('',(-0.0374412296352142,-0.0194902215685916,0.012933397));
#5415=CARTESIAN_POINT('',(-0.0398551110325825,-0.0169135077252198,0.012933397));
#5416=CARTESIAN_POINT('',(-0.0366545727092686,-0.0187046648308571,0.012933397));
#5417=CARTESIAN_POINT('',(-0.0358679157833231,-0.0179191080931226,0.012933397));
#5418=CARTESIAN_POINT('',(-0.0358679157833231,-0.0179191080931226,0.012933397));
#5419=CARTESIAN_POINT('',(-0.0366545727092686,-0.0187046648308571,0.012933397));
#5420=CARTESIAN_POINT('',(-0.0391608725111471,-0.0143004866728903,0.012933397));
#5421=CARTESIAN_POINT('',(-0.0424538292389712,-0.010681865252658,0.012933397));
#5422=CARTESIAN_POINT('',(-0.0424538292389712,-0.010681865252658,0.012933397));
#5423=CARTESIAN_POINT('',(-0.0391608725111471,-0.0143004866728903,0.012933397));
#5424=CARTESIAN_POINT('',(-0.044801697547289,-0.0129681210251707,0.012933397));
#5425=CARTESIAN_POINT('',(-0.0471495658556068,-0.0152543767976834,0.012933397));
#5426=CARTESIAN_POINT('',(-0.0471495658556068,-0.0152543767976834,0.012933397));
#5427=CARTESIAN_POINT('',(-0.044801697547289,-0.0129681210251707,0.012933397));
#5428=CARTESIAN_POINT('',(-0.0447466865399476,-0.0177463737536211,0.012933397));
#5429=CARTESIAN_POINT('',(-0.0423438072242883,-0.0202383707095587,0.012933397));
#5430=CARTESIAN_POINT('',(-0.0423438072242883,-0.0202383707095587,0.012933397));
#5431=CARTESIAN_POINT('',(-0.0447466865399476,-0.0177463737536211,0.012933397));
#5432=CARTESIAN_POINT('',(-0.0428730127236993,-0.0207741775378346,0.012933397));
#5433=CARTESIAN_POINT('',(-0.0434022182231105,-0.0213099843661106,0.012933397));
#5434=CARTESIAN_POINT('',(-0.0434022182231105,-0.0213099843661106,0.012933397));
#5435=CARTESIAN_POINT('',(-0.0428730127236993,-0.0207741775378346,0.012933397));
#5436=CARTESIAN_POINT('',(-0.0458535072172462,-0.018798183623177,0.012933397));
#5437=CARTESIAN_POINT('',(-0.048304796211382,-0.0162863828802433,0.012933397));
#5438=CARTESIAN_POINT('',(-0.048304796211382,-0.0162863828802433,0.012933397));
#5439=CARTESIAN_POINT('',(-0.0458535072172462,-0.018798183623177,0.012933397));
#5440=CARTESIAN_POINT('',(-0.0493026950622088,-0.0173293908449136,0.012933397));
#5441=CARTESIAN_POINT('',(-0.0493026950622088,-0.0173293908449136,0.012933397));
#5442=CARTESIAN_POINT('',(-0.0330853968592801,2.77555756156289E-17,0.012933397));
#5443=CARTESIAN_POINT('',(-0.0339594964185967,0.0191481714390146,0.012933397));
#5444=CARTESIAN_POINT('',(-0.0328317715664923,0.0201526718183052,0.012933397));
#5445=CARTESIAN_POINT('',(-0.0328317715664923,0.0201526718183052,0.012933397));
#5446=CARTESIAN_POINT('',(-0.0339594964185967,0.0191481714390146,0.012933397));
#5447=CARTESIAN_POINT('',(-0.0350872212707012,0.0181436710597241,0.012933397));
#5448=CARTESIAN_POINT('',(-0.0350872212707012,0.0181436710597241,0.012933397));
#5449=CARTESIAN_POINT('',(-0.0364338899639604,0.0242872962798174,0.012933397));
#5450=CARTESIAN_POINT('',(-0.0400360083614285,0.0284219207413297,0.012933397));
#5451=CARTESIAN_POINT('',(-0.0400360083614285,0.0284219207413297,0.012933397));
#5452=CARTESIAN_POINT('',(-0.0364338899639604,0.0242872962798174,0.012933397));
#5453=CARTESIAN_POINT('',(-0.0441827352924596,0.0250013385882488,0.012933397));
#5454=CARTESIAN_POINT('',(-0.0483294622234906,0.0215807564351679,0.012933397));
#5455=CARTESIAN_POINT('',(-0.0483294622234906,0.0215807564351679,0.012933397));
#5456=CARTESIAN_POINT('',(-0.0441827352924596,0.0250013385882488,0.012933397));
#5457=CARTESIAN_POINT('',(-0.0447372459191193,0.0172029835926608,0.012933397));
#5458=CARTESIAN_POINT('',(-0.041145029614748,0.0128252107501537,0.012933397));
#5459=CARTESIAN_POINT('',(-0.041145029614748,0.0128252107501537,0.012933397));
#5460=CARTESIAN_POINT('',(-0.0447372459191193,0.0172029835926608,0.012933397));
#5461=CARTESIAN_POINT('',(-0.0398346681304464,0.0139584367429121,0.012933397));
#5462=CARTESIAN_POINT('',(-0.038524306646145,0.0150916627356704,0.012933397));
#5463=CARTESIAN_POINT('',(-0.038524306646145,0.0150916627356704,0.012933397));
#5464=CARTESIAN_POINT('',(-0.0398346681304464,0.0139584367429121,0.012933397));
#5465=CARTESIAN_POINT('',(-0.0400844178403063,0.0169950422324127,0.012933397));
#5466=CARTESIAN_POINT('',(-0.0416445290344675,0.0188984217291548,0.012933397));
#5467=CARTESIAN_POINT('',(-0.0416445290344675,0.0188984217291548,0.012933397));
#5468=CARTESIAN_POINT('',(-0.0400844178403063,0.0169950422324127,0.012933397));
#5469=CARTESIAN_POINT('',(-0.0399655943199351,0.0203133038878866,0.012933397));
#5470=CARTESIAN_POINT('',(-0.0382866596054027,0.0217281860466183,0.012933397));
#5471=CARTESIAN_POINT('',(-0.0382866596054027,0.0217281860466183,0.012933397));
#5472=CARTESIAN_POINT('',(-0.0399655943199351,0.0203133038878866,0.012933397));
#5473=CARTESIAN_POINT('',(-0.0428129620479725,0.0234951384128167,0.012933397));
#5474=CARTESIAN_POINT('',(-0.0428129620479725,0.0234951384128167,0.013933397));
#5475=CARTESIAN_POINT('',(-0.04455350929831,0.0220780558776629,0.013933397));
#5476=CARTESIAN_POINT('',(-0.041072414797635,0.0249122209479705,0.013933397));
#5477=CARTESIAN_POINT('',(-0.041072414797635,0.0249122209479705,0.012933397));
#5478=CARTESIAN_POINT('',(-0.041072414797635,0.0249122209479705,0.012933397));
#5479=CARTESIAN_POINT('',(-0.0428129620479725,0.0234951384128167,0.012933397));
#5480=CARTESIAN_POINT('',(-0.04455350929831,0.0220780558776629,0.012933397));
#5481=CARTESIAN_POINT('',(-0.04455350929831,0.0220780558776629,0.012933397));
#5482=CARTESIAN_POINT('',(-0.0403671741944907,0.0241607710427716,0.012933397));
#5483=CARTESIAN_POINT('',(-0.0403671741944907,0.0241607710427716,0.013933397));
#5484=CARTESIAN_POINT('',(-0.0396619335913462,0.0234093211375728,0.013933397));
#5485=CARTESIAN_POINT('',(-0.0396619335913462,0.0234093211375728,0.012933397));
#5486=CARTESIAN_POINT('',(-0.0396619335913462,0.0234093211375728,0.012933397));
#5487=CARTESIAN_POINT('',(-0.0403671741944907,0.0241607710427716,0.012933397));
#5488=CARTESIAN_POINT('',(-0.0414409884270635,0.0219493300645963,0.012933397));
#5489=CARTESIAN_POINT('',(-0.0414409884270635,0.0219493300645963,0.013933397));
#5490=CARTESIAN_POINT('',(-0.0432200432627807,0.0204893389916199,0.013933397));
#5491=CARTESIAN_POINT('',(-0.0432200432627807,0.0204893389916199,0.012933397));
#5492=CARTESIAN_POINT('',(-0.0432200432627807,0.0204893389916199,0.012933397));
#5493=CARTESIAN_POINT('',(-0.0414409884270635,0.0219493300645963,0.012933397));
#5494=CARTESIAN_POINT('',(-0.0438867762805453,0.0212836974346415,0.012933397));
#5495=CARTESIAN_POINT('',(-0.0438867762805453,0.0212836974346415,0.013933397));
#5496=CARTESIAN_POINT('',(-0.0438867762805453,0.0212836974346415,0.012933397));
#5497=CARTESIAN_POINT('',(-0.036686940438052,0.0199359285531713,0.012933397));
#5498=CARTESIAN_POINT('',(-0.036686940438052,0.0199359285531713,0.012933397));
#5499=CARTESIAN_POINT('',(-0.0330853968592801,2.77555756156289E-17,0.012933397));
#5500=CARTESIAN_POINT('',(0.0117328754904698,-2.09218975477654E-10,0.013933397));
#5501=CARTESIAN_POINT('',(-0.0330794051305949,0.0257937082295042,0.012933397));
#5502=CARTESIAN_POINT('',(-0.0322828463111514,0.0205940712407062,0.012933397));
#5503=CARTESIAN_POINT('',(-0.0322828463111514,0.0205940712407062,0.012933397));
#5504=CARTESIAN_POINT('',(-0.0330794051305949,0.0257937082295042,0.012933397));
#5505=CARTESIAN_POINT('',(-0.0338759639500385,0.0309933452183023,0.012933397));
#5506=CARTESIAN_POINT('',(-0.0338759639500385,0.0309933452183023,0.012933397));
#5507=CARTESIAN_POINT('',(-0.0277147353193713,0.0213972313890146,0.012933397));
#5508=CARTESIAN_POINT('',(-0.0231466243275912,0.0222003915373231,0.012933397));
#5509=CARTESIAN_POINT('',(-0.0231466243275912,0.0222003915373231,0.012933397));
#5510=CARTESIAN_POINT('',(-0.0277147353193713,0.0213972313890146,0.012933397));
#5511=CARTESIAN_POINT('',(-0.0220475051673685,0.0237605027314844,0.012933397));
#5512=CARTESIAN_POINT('',(-0.0209483860071457,0.0253206139256456,0.012933397));
#5513=CARTESIAN_POINT('',(-0.0209483860071457,0.0253206139256456,0.012933397));
#5514=CARTESIAN_POINT('',(-0.0220475051673685,0.0237605027314844,0.012933397));
#5515=CARTESIAN_POINT('',(-0.0212883539446924,0.0277575998742418,0.012933397));
#5516=CARTESIAN_POINT('',(-0.021628321882239,0.030194585822838,0.012933397));
#5517=CARTESIAN_POINT('',(-0.021628321882239,0.030194585822838,0.012933397));
#5518=CARTESIAN_POINT('',(-0.0212883539446924,0.0277575998742418,0.012933397));
#5519=CARTESIAN_POINT('',(-0.0237121374351574,0.0313608184599209,0.012933397));
#5520=CARTESIAN_POINT('',(-0.0257959529880758,0.0325270510970039,0.012933397));
#5521=CARTESIAN_POINT('',(-0.0257959529880758,0.0325270510970039,0.012933397));
#5522=CARTESIAN_POINT('',(-0.0237121374351574,0.0313608184599209,0.012933397));
#5523=CARTESIAN_POINT('',(-0.0278258575222652,0.0246846871757835,0.012933397));
#5524=CARTESIAN_POINT('',(-0.0278258575222652,0.0246846871757835,0.013933397));
#5525=CARTESIAN_POINT('',(-0.0259609856109027,0.024953140684027,0.013933397));
#5526=CARTESIAN_POINT('',(-0.0296907294336277,0.0244162336675399,0.013933397));
#5527=CARTESIAN_POINT('',(-0.0296907294336277,0.0244162336675399,0.012933397));
#5528=CARTESIAN_POINT('',(-0.0296907294336277,0.0244162336675399,0.012933397));
#5529=CARTESIAN_POINT('',(-0.0278258575222652,0.0246846871757835,0.012933397));
#5530=CARTESIAN_POINT('',(-0.0259609856109027,0.024953140684027,0.012933397));
#5531=CARTESIAN_POINT('',(-0.0259609856109027,0.024953140684027,0.012933397));
#5532=CARTESIAN_POINT('',(-0.0300538019224021,0.0268004089852167,0.012933397));
#5533=CARTESIAN_POINT('',(-0.0300538019224021,0.0268004089852167,0.013933397));
#5534=CARTESIAN_POINT('',(-0.0304168744111766,0.0291845843028936,0.013933397));
#5535=CARTESIAN_POINT('',(-0.0304168744111766,0.0291845843028936,0.012933397));
#5536=CARTESIAN_POINT('',(-0.0304168744111766,0.0291845843028936,0.012933397));
#5537=CARTESIAN_POINT('',(-0.0300538019224021,0.0268004089852167,0.012933397));
#5538=CARTESIAN_POINT('',(-0.0286059131193458,0.0295740621071277,0.012933397));
#5539=CARTESIAN_POINT('',(-0.0286059131193458,0.0295740621071277,0.013933397));
#5540=CARTESIAN_POINT('',(-0.026794951827515,0.0299635399113619,0.013933397));
#5541=CARTESIAN_POINT('',(-0.026794951827515,0.0299635399113619,0.012933397));
#5542=CARTESIAN_POINT('',(-0.026794951827515,0.0299635399113619,0.012933397));
#5543=CARTESIAN_POINT('',(-0.0286059131193458,0.0295740621071277,0.012933397));
#5544=CARTESIAN_POINT('',(-0.0259807895974975,0.0294926459839253,0.012933397));
#5545=CARTESIAN_POINT('',(-0.0259807895974975,0.0294926459839253,0.013933397));
#5546=CARTESIAN_POINT('',(-0.0251666273674799,0.0290217520564888,0.013933397));
#5547=CARTESIAN_POINT('',(-0.0251666273674799,0.0290217520564888,0.012933397));
#5548=CARTESIAN_POINT('',(-0.0251666273674799,0.0290217520564888,0.012933397));
#5549=CARTESIAN_POINT('',(-0.0259807895974975,0.0294926459839253,0.012933397));
#5550=CARTESIAN_POINT('',(-0.0249333808799831,0.0275881660993734,0.012933397));
#5551=CARTESIAN_POINT('',(-0.0249333808799831,0.0275881660993734,0.013933397));
#5552=CARTESIAN_POINT('',(-0.0247001343924863,0.0261545801422579,0.013933397));
#5553=CARTESIAN_POINT('',(-0.0247001343924863,0.0261545801422579,0.012933397));
#5554=CARTESIAN_POINT('',(-0.0247001343924863,0.0261545801422579,0.012933397));
#5555=CARTESIAN_POINT('',(-0.0249333808799831,0.0275881660993734,0.012933397));
#5556=CARTESIAN_POINT('',(-0.0253305600016944,0.0255538604131424,0.012933397));
#5557=CARTESIAN_POINT('',(-0.0253305600016944,0.0255538604131424,0.013933397));
#5558=CARTESIAN_POINT('',(-0.0253305600016944,0.0255538604131424,0.012933397));
#5559=CARTESIAN_POINT('',(-0.0298359584690571,0.0317601981576531,0.012933397));
#5560=CARTESIAN_POINT('',(-0.0298359584690571,0.0317601981576531,0.012933397));
#5561=CARTESIAN_POINT('',(-0.0330853968592801,2.77555756156289E-17,0.012933397));
#5562=CARTESIAN_POINT('',(0.0117328754904698,-2.09218975477654E-10,0.013933397));
#5563=CARTESIAN_POINT('',(-0.0456476297078874,0.00596088680351408,0.012933397));
#5564=CARTESIAN_POINT('',(-0.0474508892830435,0.00643728167200579,0.012933397));
#5565=CARTESIAN_POINT('',(-0.0474508892830435,0.00643728167200579,0.012933397));
#5566=CARTESIAN_POINT('',(-0.0456476297078874,0.00596088680351408,0.012933397));
#5567=CARTESIAN_POINT('',(-0.0438443701327313,0.00548449193502238,0.012933397));
#5568=CARTESIAN_POINT('',(-0.0438443701327313,0.00548449193502238,0.012933397));
#5569=CARTESIAN_POINT('',(-0.0464496896679848,0.00996898602798055,0.012933397));
#5570=CARTESIAN_POINT('',(-0.0454484900529261,0.0135006903839553,0.012933397));
#5571=CARTESIAN_POINT('',(-0.0454484900529261,0.0135006903839553,0.012933397));
#5572=CARTESIAN_POINT('',(-0.0464496896679848,0.00996898602798055,0.012933397));
#5573=CARTESIAN_POINT('',(-0.0487018388075606,0.0145921080271021,0.012933397));
#5574=CARTESIAN_POINT('',(-0.0519551875621951,0.0156835256702488,0.012933397));
#5575=CARTESIAN_POINT('',(-0.0519551875621951,0.0156835256702488,0.012933397));
#5576=CARTESIAN_POINT('',(-0.0487018388075606,0.0145921080271021,0.012933397));
#5577=CARTESIAN_POINT('',(-0.0533678693445048,0.0107314382144872,0.012933397));
#5578=CARTESIAN_POINT('',(-0.0547805511268144,0.00577935075872558,0.012933397));
#5579=CARTESIAN_POINT('',(-0.0547805511268144,0.00577935075872558,0.012933397));
#5580=CARTESIAN_POINT('',(-0.0533678693445048,0.0107314382144872,0.012933397));
#5581=CARTESIAN_POINT('',(-0.0497547488653276,0.00426434847880901,0.012933397));
#5582=CARTESIAN_POINT('',(-0.0447289466038409,0.00274934619889244,0.012933397));
#5583=CARTESIAN_POINT('',(-0.0447289466038409,0.00274934619889244,0.012933397));
#5584=CARTESIAN_POINT('',(-0.0497547488653276,0.00426434847880901,0.012933397));
#5585=CARTESIAN_POINT('',(-0.049607319453476,0.0118217556694229,0.012933397));
#5586=CARTESIAN_POINT('',(-0.049607319453476,0.0118217556694229,0.013933397));
#5587=CARTESIAN_POINT('',(-0.0507669507616941,0.0121584228427377,0.013933397));
#5588=CARTESIAN_POINT('',(-0.048447688145258,0.0114850884961081,0.013933397));
#5589=CARTESIAN_POINT('',(-0.048447688145258,0.0114850884961081,0.012933397));
#5590=CARTESIAN_POINT('',(-0.048447688145258,0.0114850884961081,0.012933397));
#5591=CARTESIAN_POINT('',(-0.049607319453476,0.0118217556694229,0.012933397));
#5592=CARTESIAN_POINT('',(-0.0507669507616941,0.0121584228427377,0.012933397));
#5593=CARTESIAN_POINT('',(-0.0507669507616941,0.0121584228427377,0.012933397));
#5594=CARTESIAN_POINT('',(-0.049097917741061,0.00932755813746453,0.012933397));
#5595=CARTESIAN_POINT('',(-0.049097917741061,0.00932755813746453,0.013933397));
#5596=CARTESIAN_POINT('',(-0.049748147336864,0.00717002777882093,0.013933397));
#5597=CARTESIAN_POINT('',(-0.049748147336864,0.00717002777882093,0.012933397));
#5598=CARTESIAN_POINT('',(-0.049748147336864,0.00717002777882093,0.012933397));
#5599=CARTESIAN_POINT('',(-0.049097917741061,0.00932755813746453,0.012933397));
#5600=CARTESIAN_POINT('',(-0.0509187809263898,0.00747698907204294,0.012933397));
#5601=CARTESIAN_POINT('',(-0.0509187809263898,0.00747698907204294,0.013933397));
#5602=CARTESIAN_POINT('',(-0.0520894145159156,0.00778395036526496,0.013933397));
#5603=CARTESIAN_POINT('',(-0.0520894145159156,0.00778395036526495,0.012933397));
#5604=CARTESIAN_POINT('',(-0.0520894145159156,0.00778395036526495,0.012933397));
#5605=CARTESIAN_POINT('',(-0.0509187809263898,0.00747698907204294,0.012933397));
#5606=CARTESIAN_POINT('',(-0.0514281826388049,0.00997118660400134,0.012933397));
#5607=CARTESIAN_POINT('',(-0.0514281826388049,0.00997118660400134,0.013933397));
#5608=CARTESIAN_POINT('',(-0.0514281826388049,0.00997118660400134,0.012933397));
#5609=CARTESIAN_POINT('',(-0.044286658368286,0.00411691906695741,0.012933397));
#5610=CARTESIAN_POINT('',(-0.044286658368286,0.00411691906695741,0.012933397));
#5611=CARTESIAN_POINT('',(-0.0330853968592801,2.77555756156289E-17,0.012933397));
#5612=CARTESIAN_POINT('',(0.0117328754904698,-2.09218975477654E-10,0.013933397));
#5613=CARTESIAN_POINT('',(-0.0501019450713565,-0.00567400132841751,0.012933397));
#5614=CARTESIAN_POINT('',(-0.0496585566475907,-0.0082078066339667,0.012933397));
#5615=CARTESIAN_POINT('',(-0.0496585566475907,-0.0082078066339667,0.012933397));
#5616=CARTESIAN_POINT('',(-0.0501019450713565,-0.00567400132841751,0.012933397));
#5617=CARTESIAN_POINT('',(-0.0505453334951224,-0.00314019602286832,0.012933397));
#5618=CARTESIAN_POINT('',(-0.0505453334951224,-0.00314019602286832,0.012933397));
#5619=CARTESIAN_POINT('',(-0.0517687775159688,-0.00869630417157595,0.012933397));
#5620=CARTESIAN_POINT('',(-0.0538789983843469,-0.0091848017091852,0.012933397));
#5621=CARTESIAN_POINT('',(-0.0538789983843469,-0.0091848017091852,0.012933397));
#5622=CARTESIAN_POINT('',(-0.0517687775159688,-0.00869630417157595,0.012933397));
#5623=CARTESIAN_POINT('',(-0.053556634056973,-0.0106359910768746,0.012933397));
#5624=CARTESIAN_POINT('',(-0.0532342697295991,-0.012087180444564,0.012933397));
#5625=CARTESIAN_POINT('',(-0.0532342697295991,-0.012087180444564,0.012933397));
#5626=CARTESIAN_POINT('',(-0.053556634056973,-0.0106359910768746,0.012933397));
#5627=CARTESIAN_POINT('',(-0.048022530470881,-0.0110771789246196,0.012933397));
#5628=CARTESIAN_POINT('',(-0.0428107912121628,-0.0100671774046753,0.012933397));
#5629=CARTESIAN_POINT('',(-0.0428107912121628,-0.0100671774046753,0.012933397));
#5630=CARTESIAN_POINT('',(-0.048022530470881,-0.0110771789246196,0.012933397));
#5631=CARTESIAN_POINT('',(-0.0431507589501107,-0.00831122731978464,0.012933397));
#5632=CARTESIAN_POINT('',(-0.0434907266880585,-0.00655527723489402,0.012933397));
#5633=CARTESIAN_POINT('',(-0.0434907266880585,-0.00655527723489402,0.012933397));
#5634=CARTESIAN_POINT('',(-0.0431507589501107,-0.00831122731978464,0.012933397));
#5635=CARTESIAN_POINT('',(-0.0457879847418791,-0.00700086603508191,0.012933397));
#5636=CARTESIAN_POINT('',(-0.0480852427956996,-0.00744645483526981,0.012933397));
#5637=CARTESIAN_POINT('',(-0.0480852427956996,-0.00744645483526981,0.012933397));
#5638=CARTESIAN_POINT('',(-0.0457879847418791,-0.00700086603508191,0.012933397));
#5639=CARTESIAN_POINT('',(-0.0485319319836973,-0.00514149526437333,0.012933397));
#5640=CARTESIAN_POINT('',(-0.0489786211716949,-0.00283653569347686,0.012933397));
#5641=CARTESIAN_POINT('',(-0.0489786211716949,-0.00283653569347686,0.012933397));
#5642=CARTESIAN_POINT('',(-0.0485319319836973,-0.00514149526437333,0.012933397));
#5643=CARTESIAN_POINT('',(-0.0467671801935197,-0.00237554365953833,0.012933397));
#5644=CARTESIAN_POINT('',(-0.0445557392153444,-0.00191455162559979,0.012933397));
#5645=CARTESIAN_POINT('',(-0.0445557392153444,-0.00191455162559979,0.012933397));
#5646=CARTESIAN_POINT('',(-0.0467671801935197,-0.00237554365953833,0.012933397));
#5647=CARTESIAN_POINT('',(-0.0448682014496216,-0.000136597177692335,0.012933397));
#5648=CARTESIAN_POINT('',(-0.0451806636838987,0.00164135727021512,0.012933397));
#5649=CARTESIAN_POINT('',(-0.0451806636838987,0.00164135727021512,0.012933397));
#5650=CARTESIAN_POINT('',(-0.0448682014496216,-0.000136597177692335,0.012933397));
#5651=CARTESIAN_POINT('',(-0.050376999908465,0.000601650069776699,0.012933397));
#5652=CARTESIAN_POINT('',(-0.0555733361330312,-0.000438057130661727,0.012933397));
#5653=CARTESIAN_POINT('',(-0.0555733361330312,-0.000438057130661727,0.012933397));
#5654=CARTESIAN_POINT('',(-0.050376999908465,0.000601650069776699,0.012933397));
#5655=CARTESIAN_POINT('',(-0.0551904598572607,-0.00220170893222704,0.012933397));
#5656=CARTESIAN_POINT('',(-0.0548075835814902,-0.00396536073379236,0.012933397));
#5657=CARTESIAN_POINT('',(-0.0548075835814902,-0.00396536073379236,0.012933397));
#5658=CARTESIAN_POINT('',(-0.0551904598572607,-0.00220170893222704,0.012933397));
#5659=CARTESIAN_POINT('',(-0.0526764585383063,-0.00355277837833034,0.012933397));
#5660=CARTESIAN_POINT('',(-0.0526764585383063,-0.00355277837833034,0.012933397));
#5661=CARTESIAN_POINT('',(-0.0330853968592801,2.77555756156289E-17,0.012933397));
#5662=CARTESIAN_POINT('',(-0.0263529470221597,-0.0324523097330574,0.012933397));
#5663=CARTESIAN_POINT('',(-0.0218915574804294,-0.0329320053657809,0.012933397));
#5664=CARTESIAN_POINT('',(-0.0218915574804294,-0.0329320053657809,0.012933397));
#5665=CARTESIAN_POINT('',(-0.0263529470221597,-0.0324523097330574,0.012933397));
#5666=CARTESIAN_POINT('',(-0.03081433656389,-0.0319726141003339,0.012933397));
#5667=CARTESIAN_POINT('',(-0.03081433656389,-0.0319726141003339,0.012933397));
#5668=CARTESIAN_POINT('',(-0.0213678529220734,-0.0276564533944344,0.012933397));
#5669=CARTESIAN_POINT('',(-0.0208441483637175,-0.0223809014230878,0.012933397));
#5670=CARTESIAN_POINT('',(-0.0208441483637175,-0.0223809014230878,0.012933397));
#5671=CARTESIAN_POINT('',(-0.0213678529220734,-0.0276564533944344,0.012933397));
#5672=CARTESIAN_POINT('',(-0.0222414271118753,-0.0222268706823713,0.012933397));
#5673=CARTESIAN_POINT('',(-0.0236387058600331,-0.0220728399416547,0.012933397));
#5674=CARTESIAN_POINT('',(-0.0236387058600331,-0.0220728399416547,0.012933397));
#5675=CARTESIAN_POINT('',(-0.0222414271118753,-0.0222268706823713,0.012933397));
#5676=CARTESIAN_POINT('',(-0.0238356451385722,-0.0239542150753802,0.012933397));
#5677=CARTESIAN_POINT('',(-0.0240325844171113,-0.0258355902091056,0.012933397));
#5678=CARTESIAN_POINT('',(-0.0240325844171113,-0.0258355902091056,0.012933397));
#5679=CARTESIAN_POINT('',(-0.0238356451385722,-0.0239542150753802,0.012933397));
#5680=CARTESIAN_POINT('',(-0.0265773918043695,-0.0255330298683264,0.012933397));
#5681=CARTESIAN_POINT('',(-0.0291221991916278,-0.0252304695275473,0.012933397));
#5682=CARTESIAN_POINT('',(-0.0291221991916278,-0.0252304695275473,0.012933397));
#5683=CARTESIAN_POINT('',(-0.0265773918043695,-0.0255330298683264,0.012933397));
#5684=CARTESIAN_POINT('',(-0.0292872322136521,-0.0263768981780355,0.012933397));
#5685=CARTESIAN_POINT('',(-0.0294522652356764,-0.0275233268285236,0.012933397));
#5686=CARTESIAN_POINT('',(-0.0294522652356764,-0.0275233268285236,0.012933397));
#5687=CARTESIAN_POINT('',(-0.0292872322136521,-0.0263768981780355,0.012933397));
#5688=CARTESIAN_POINT('',(-0.0268612485463637,-0.0277917803367671,0.012933397));
#5689=CARTESIAN_POINT('',(-0.024270231857051,-0.0280602338450107,0.012933397));
#5690=CARTESIAN_POINT('',(-0.024270231857051,-0.0280602338450107,0.012933397));
#5691=CARTESIAN_POINT('',(-0.0268612485463637,-0.0277917803367671,0.012933397));
#5692=CARTESIAN_POINT('',(-0.024382454248156,-0.0290999412450479,0.012933397));
#5693=CARTESIAN_POINT('',(-0.0244946766392609,-0.030139648645085,0.012933397));
#5694=CARTESIAN_POINT('',(-0.0244946766392609,-0.030139648645085,0.012933397));
#5695=CARTESIAN_POINT('',(-0.024382454248156,-0.0290999412450479,0.012933397));
#5696=CARTESIAN_POINT('',(-0.0275048768133018,-0.0298271864108079,0.012933397));
#5697=CARTESIAN_POINT('',(-0.0305150769873427,-0.0295147241765307,0.012933397));
#5698=CARTESIAN_POINT('',(-0.0305150769873427,-0.0295147241765307,0.012933397));
#5699=CARTESIAN_POINT('',(-0.0275048768133018,-0.0298271864108079,0.012933397));
#5700=CARTESIAN_POINT('',(-0.0306647067756163,-0.0307436691384322,0.012933397));
#5701=CARTESIAN_POINT('',(-0.0306647067756163,-0.0307436691384322,0.012933397));
#5702=CARTESIAN_POINT('',(-0.0330853968592801,2.77555756156289E-17,0.012933397));
#5703=CARTESIAN_POINT('',(-0.0376993006162129,-0.0295981704184366,0.012933397));
#5704=CARTESIAN_POINT('',(-0.0362833182692702,-0.0303177138675219,0.012933397));
#5705=CARTESIAN_POINT('',(-0.0362833182692702,-0.0303177138675219,0.012933397));
#5706=CARTESIAN_POINT('',(-0.0376993006162129,-0.0295981704184366,0.012933397));
#5707=CARTESIAN_POINT('',(-0.0391152829631556,-0.0288786269693514,0.012933397));
#5708=CARTESIAN_POINT('',(-0.0391152829631556,-0.0288786269693514,0.012933397));
#5709=CARTESIAN_POINT('',(-0.0336152862095992,-0.0253513235658195,0.012933397));
#5710=CARTESIAN_POINT('',(-0.0309472541499283,-0.020384933264117,0.012933397));
#5711=CARTESIAN_POINT('',(-0.0309472541499283,-0.020384933264117,0.012933397));
#5712=CARTESIAN_POINT('',(-0.0336152862095992,-0.0253513235658195,0.012933397));
#5713=CARTESIAN_POINT('',(-0.0324523541371494,-0.0196114789959013,0.012933397));
#5714=CARTESIAN_POINT('',(-0.0339574541243704,-0.0188380247276855,0.012933397));
#5715=CARTESIAN_POINT('',(-0.0339574541243704,-0.0188380247276855,0.012933397));
#5716=CARTESIAN_POINT('',(-0.0324523541371494,-0.0196114789959013,0.012933397));
#5717=CARTESIAN_POINT('',(-0.036536368543763,-0.0238583258485184,0.012933397));
#5718=CARTESIAN_POINT('',(-0.036536368543763,-0.0238583258485184,0.012933397));
#5719=CARTESIAN_POINT('',(-0.0330853968592801,2.77555756156289E-17,0.012933397));
#5720=MECHANICAL_DESIGN_GEOMETRIC_PRESENTATION_REPRESENTATION('',(#3263),
#5721);
#5721=(
GEOMETRIC_REPRESENTATION_CONTEXT(3)
GLOBAL_UNCERTAINTY_ASSIGNED_CONTEXT((#5722))
GLOBAL_UNIT_ASSIGNED_CONTEXT((#5725,#5724,#5723))
REPRESENTATION_CONTEXT('top','TOP_LEVEL_ASSEMBLY_PART')
);
#5722=UNCERTAINTY_MEASURE_WITH_UNIT(LENGTH_MEASURE(2.00491651214428E-5),
#5725,'DISTANCE_ACCURACY_VALUE','Maximum Tolerance applied to model');
#5723=(
NAMED_UNIT(*)
SI_UNIT($,.STERADIAN.)
SOLID_ANGLE_UNIT()
);
#5724=(
NAMED_UNIT(*)
PLANE_ANGLE_UNIT()
SI_UNIT($,.RADIAN.)
);
#5725=(
LENGTH_UNIT()
NAMED_UNIT(*)
SI_UNIT($,.METRE.)
);
#5726=PRODUCT_DEFINITION_SHAPE('','',#5727);
#5727=PRODUCT_DEFINITION('','',#5729,#5728);
#5728=PRODUCT_DEFINITION_CONTEXT('',#5735,'design');
#5729=PRODUCT_DEFINITION_FORMATION_WITH_SPECIFIED_SOURCE('','',#5731,
 .NOT_KNOWN.);
#5730=PRODUCT_RELATED_PRODUCT_CATEGORY('','',(#5731));
#5731=PRODUCT('top','top','top',(#5733));
#5732=PRODUCT_CATEGORY('','');
#5733=PRODUCT_CONTEXT('',#5735,'mechanical');
#5734=APPLICATION_PROTOCOL_DEFINITION('international standard',
'ap242_managed_model_based_3d_engineering',2020,#5735);
#5735=APPLICATION_CONTEXT('managed model based 3d engineering');
ENDSEC;
END-ISO-10303-21;
